"seller_id","seller_city","seller_state","seller_lat","seller_long","all_orders","delivered_orders","total_item_revenue","avg_review_score","reviewed_orders","one_star_rate","avg_delivery_lead_time","late_deliveries","avg_days_when_late","late_delivery_rate","seller_score","tier"
"6f83d9e4da896daae20b9b6b2d3ff8d2","PINHALAO","PR","-23.78967571984096","-50.05869520326818","11","11","765.19","4.36","11","0.09","15.02","0",NULL,"0.00",NULL,"Insufficient Data"
"1b8b75e227c9a9c100d0c210fb6176ce","SAO PAULO","SP","-23.539050227122882","-46.715773064756064","19","15","1914.83","3.37","19","0.32","15.00","1","4.77","0.07",NULL,"Insufficient Data"
"23a0ffca143a15b9b5bbdb7d552f626a","SAO PEDRO","SP","-22.551245258699225","-47.9065964219805","23","23","3718.51","3.91","23","0.17","11.50","3","6.56","0.13","23.83","Toxic"
"e504a4e2efaa45cbff7e268a2c58c956","SAO PEDRO","SP","-22.551245258699225","-47.9065964219805","11","10","1188.80","3.55","11","0.27","12.95","3","7.33","0.30",NULL,"Insufficient Data"
"8bdd8e3fd58bafa48af76b2c5fd71974","SAO PAULO","SP","-23.569490695195096","-46.611321773237286","11","9","2324.82","4.55","11","0.09","10.38","1","8.61","0.11",NULL,"Insufficient Data"
"3296662b1331dea51e744505065ae889","CATANDUVA","SP","-21.12241501822202","-48.96331895137842","1","1","517.80","5.00","1","0.00","3.40","0",NULL,"0.00",NULL,"Insufficient Data"
"9a03a4e9eb0b947652fae4f6121a3f5e","CATANDUVA","SP","-21.12241501822202","-48.96331895137842","7","7","1497.00","3.86","7","0.14","13.86","1","0.12","0.14",NULL,"Insufficient Data"
"5160d23075764e18e07c1f4a87fad743","SAO BERNARDO DO CAMPO","SP","-23.715603895819008","-46.55408471265639","34","33","2429.00","4.38","34","0.09","9.30","1","0.96","0.03","69.69","Good"
"f5a590cf36251cf1162ea35bef76fe84","SAO BERNARDO DO CAMPO","SP","-23.715603895819008","-46.55408471265639","117","113","53201.78","4.23","117","0.11","11.74","12","9.64","0.11","51.27","Toxic"
"88af55b4a7ca402b27df16f7c7c9b5d2","TABOAO DA SERRA","SP","-23.636703761016992","-46.7941224068253","1","0","130.00","1.00","1","1.00",NULL,"0",NULL,NULL,NULL,"Insufficient Data"
"b12cfd255810394b60caef18ae163547","CASCAVEL","PR","-24.95138329734198","-53.466850838064296","2","2","560.00","4.50","2","0.00","15.84","0",NULL,"0.00",NULL,"Insufficient Data"
"7adbd3210a7b3cc2235e225eef33574d","SAO PAULO","SP","-23.48892715522341","-46.66091832100331","3","3","131.90","4.67","3","0.00","10.08","0",NULL,"0.00",NULL,"Insufficient Data"
"918f6fbcf3ab724d805867303e593a1b","VALINHOS","SP","-22.947210194441976","-46.977422045432654","2","2","79.70","4.00","2","0.00","4.87","0",NULL,"0.00",NULL,"Insufficient Data"
"7f35f9daf223da737b78738fbae4d977","VALINHOS","SP","-22.951601887531677","-47.00199555891175","5","5","252.00","4.00","5","0.20","7.87","0",NULL,"0.00",NULL,"Insufficient Data"
"4dc646b9b9e8e411ef48ba000ea3ac6f","VALINHOS","SP","-22.951601887531677","-47.00199555891175","4","4","289.70","2.75","4","0.50","11.46","1","1.99","0.25",NULL,"Insufficient Data"
"134b867a0f7f8bbe6abf10f91874891e","VALINHOS","SP","-22.951601887531677","-47.00199555891175","1","1","789.89","4.00","1","0.00","12.93","0",NULL,"0.00",NULL,"Insufficient Data"
"0c8380b62e38e8a1e6adbeba7eb9688c","TRES CORACOES","MG","-21.693370826873448","-45.25976867138684","182","180","17348.79","4.04","180","0.10","12.98","10","23.40","0.06","50.83","Toxic"
"4e480be820e37de1444325ff358c9296","TRES CORACOES","MG","-21.693370826873448","-45.25976867138684","1","1","430.30","5.00","1","0.00","12.11","0",NULL,"0.00",NULL,"Insufficient Data"
"0cbcee27c791afa0cdcb08587a2013a8","TRES CORACOES","MG","-21.693370826873448","-45.25976867138684","39","38","5324.15","3.85","39","0.10","13.27","4","6.76","0.11","32.78","Toxic"
"4dbd95a08b31ede5c82d3f861cb1ce1a","CURITIBA","PR","-25.440487711584133","-49.244403876668756","6","4","1304.67","3.50","6","0.33","12.34","0",NULL,"0.00",NULL,"Insufficient Data"
"fe2032dab1a61af8794248c8196565c9","CAMPINAS","SP","-22.924969862053615","-47.07428354596362","294","293","65959.61","4.38","290","0.08","10.77","26","14.21","0.09","66.52","Good"
"782f78b632a43875dd5b53e3e49c9564","CAMPINAS","SP","-22.924969862053615","-47.07428354596362","2","1","146.01","3.00","2","0.50","9.88","0",NULL,"0.00",NULL,"Insufficient Data"
"ea65d8b58316a6f2362f2a9e4b3e86ad","CAMPINAS","SP","-22.924969862053615","-47.07428354596362","9","9","2061.40","4.00","9","0.22","8.41","0",NULL,"0.00",NULL,"Insufficient Data"
"1284de4ae8aa26997e748c851557cf0e","LARANJEIRAS DO SUL","PR","-25.406829674391112","-52.412644729558245","3","3","1459.97","2.67","3","0.33","19.27","0",NULL,"0.00",NULL,"Insufficient Data"
"3f3486b61f45078d4f31ee5e43d8c5bb","SAO PAULO","SP","-23.525580728336973","-46.61466092986007","40","39","3829.73","4.33","40","0.03","13.88","6","4.61","0.15","53.49","Watchlist"
"cd233f8bfa30ebfd651f47ee7d054951","BIRIGUI","SP","-21.24488368072713","-50.32219195367088","1","1","79.90","5.00","1","0.00","9.34","0",NULL,"0.00",NULL,"Insufficient Data"
"f1b854361f4e15d5851b494df66f22b2","RIO DE JANEIRO","RJ","-22.907494545333332","-43.173169129478445","3","3","1168.80","3.33","3","0.33","7.40","0",NULL,"0.00",NULL,"Insufficient Data"
"3be5841cdcc46de4ed3f9116f104b2c5","BARUERI","SP","-23.483674050261396","-46.863477002841165","4","4","599.60","4.75","4","0.00","8.01","0",NULL,"0.00",NULL,"Insufficient Data"
"80f2cf9abf6b5a0e5c612b5eea6646e6","SAO JOSE DO RIO PRETO","SP","-20.77686359976854","-49.36411121795179","7","6","766.08","4.43","7","0.14","10.58","1","3.82","0.17",NULL,"Insufficient Data"
"324583d68897f5ddbaf38f6248322176","SAO JOSE DO RIO PRETO","SP","-20.77686359976854","-49.36411121795179","2","2","84.00","1.00","2","1.00","21.32","1","11.98","0.50",NULL,"Insufficient Data"
"52f6f9f13ba19504c02781132a049e75","CURITIBA","PR","-25.406298196877014","-49.26049870142463","1","1","199.00","2.00","1","0.00","16.29","0",NULL,"0.00",NULL,"Insufficient Data"
"5236605f4d4b0b3e4df85b850393fca0","SAO PAULO","SP","-23.543676442725722","-46.56404586987955","5","5","265.30","4.80","5","0.00","10.49","1","2.84","0.20",NULL,"Insufficient Data"
"cda598c48d7c614bc1cad7d8ff6f0010","MIRASSOL","SP","-20.821706801126325","-49.492487237585365","17","17","1118.60","4.06","17","0.00","7.95","0",NULL,"0.00",NULL,"Insufficient Data"
"ec8879960bd2221d5c32f8e12f7da711","ITATIBA","SP","-23.002859858736706","-46.82420582829657","36","35","4062.40","4.31","35","0.11","16.50","6","8.71","0.17","38.40","Toxic"
"d8d9567d0bfb0bc7eb845a205ba42657","SAO PAULO","SP","-23.527952279641305","-46.484053482855046","4","4","74.60","3.50","4","0.25","13.52","2","1.17","0.50",NULL,"Insufficient Data"
"f00f5b35d0abcacbdd863672f4bb2c1a","SAO PAULO","SP","-23.542571396851127","-46.65424333104065","1","1","299.00","4.00","1","0.00","12.16","0",NULL,"0.00",NULL,"Insufficient Data"
"42d4b7e70819438f5ada61c965e92d7e","GOIANIA","GO","-16.666668525909763","-49.26423168695389","1","1","49.60","1.00","1","1.00","21.94","0",NULL,"0.00",NULL,"Insufficient Data"
"77e4abfd739aed9c46480f90f81c0eb4","BRASILIA","DF","-15.745499125961478","-47.89486592426568","18","18","3736.99","4.78","18","0.00","10.01","0",NULL,"0.00",NULL,"Insufficient Data"
"f1fd5ab1181f827ffad998c1a5de7d74","CURITIBA","PR","-25.4336481653212","-49.269173375877145","15","15","7045.99","4.67","15","0.00","9.46","0",NULL,"0.00",NULL,"Insufficient Data"
"381c83fdca332ea6afd896da20bf6e4a","CURITIBA","PR","-25.4336481653212","-49.269173375877145","46","46","7355.80","4.39","46","0.09","12.69","2","3.43","0.04","67.53","Good"
"ede2977fbaf3738583170735ca403f6c","CURITIBA","PR","-25.4336481653212","-49.269173375877145","1","1","289.90","5.00","1","0.00","14.98","0",NULL,"0.00",NULL,"Insufficient Data"
"2075d8cd4dd63ff12df0749a5866bb06","CURITIBA","PR","-25.4336481653212","-49.269173375877145","3","3","184.70","5.00","3","0.00","4.74","0",NULL,"0.00",NULL,"Insufficient Data"
"228e4c1a0be164f613d41c24345f9d2c","BANDEIRANTES","PR","-23.111896862925292","-50.37155139815296","5","5","539.70","5.00","5","0.00","11.12","0",NULL,"0.00",NULL,"Insufficient Data"
"8ca1551acf9832a4cf467bbbac15851f","CAMPO LARGO","PR","-25.453481389268706","-49.51131950259275","11","11","2176.40","3.91","11","0.18","13.27","1","22.94","0.09",NULL,"Insufficient Data"
"da7039f29f90ce5b4846ffc0fcc93beb","SANTO ANDRE","SP","-23.66344269074564","-46.53860705845502","17","17","1259.10","4.53","17","0.06","9.28","1","1.92","0.06",NULL,"Insufficient Data"
"9a208dee8f95cfdf00760c4d627828ec","BELFORD ROXO","RJ","-22.73309151455437","-43.40118902114117","1","0","269.90","1.00","1","1.00",NULL,"0",NULL,NULL,NULL,"Insufficient Data"
"aae5953b9edddf14749c0d65d60eb4b9","BELO HORIZONTE","MG","-19.898268883582244","-43.920569503295695","2","2","173.00","5.00","2","0.00","12.83","0",NULL,"0.00",NULL,"Insufficient Data"
"c1ed9e3daf6154542826a6996af0fb8c","ITAJAI","SC","-26.923253324789698","-48.69584107679453","9","8","971.25","3.89","9","0.22","16.93","1","1.81","0.13",NULL,"Insufficient Data"
"ad87df7699e83b8a91822a4a0b765c3a","MONTE ALEGRE DO SUL","SP","-22.692948844892854","-46.98287754029335","6","5","349.90","3.83","6","0.00","10.89","0",NULL,"0.00",NULL,"Insufficient Data"
"db7ed69a53aa9fb1c01930ba54a88bbe","MONTE ALEGRE DO SUL","SP","-22.692948844892854","-46.98287754029335","1","1","109.00","5.00","1","0.00","3.95","0",NULL,"0.00",NULL,"Insufficient Data"
"52a50b42accf164f9f019941e5759d9b","MONTE ALEGRE DO SUL","SP","-22.692948844892854","-46.98287754029335","4","4","139.96","4.75","4","0.00","5.38","1","0.79","0.25",NULL,"Insufficient Data"
"d73cbd89533ce8b041a9190241453ac8","GUIRICEMA","MG","-21.00463525274551","-42.72034572426051","4","3","368.60","3.50","4","0.25","12.22","0",NULL,"0.00",NULL,"Insufficient Data"
"718539d38d07dd351c76db862760e2e2","CAMPINAS","SP","-22.859827954098073","-47.03822923832903","37","35","1318.90","4.43","37","0.05","8.64","0",NULL,"0.00","80.87","Excellent"
"4d0041cdbe51b4617d95c70b19decc74","JUIZ DE FORA","MG","-21.746968822869473","-43.346231922494134","8","8","5235.20","4.50","8","0.00","7.16","0",NULL,"0.00",NULL,"Insufficient Data"
"575df70bde3f9f2b30bf8d2e9910d725","SAO JOSE DO RIO PRETO","SP","-20.821610965392814","-49.352930673334","27","27","5410.05","4.07","27","0.11","13.39","2","3.27","0.07","43.79","Toxic"
"36f98ad67cc981f50ce8aed093d5783c","TOLEDO","PR","-24.711673570658885","-53.74760648134386","2","2","119.40","4.00","2","0.00","6.11","0",NULL,"0.00",NULL,"Insufficient Data"
"7fdb0720c8d7c9075538b365dc8c3a22","TOLEDO","PR","-24.711673570658885","-53.74760648134386","9","9","1804.00","2.44","9","0.33","19.19","1","6.93","0.11",NULL,"Insufficient Data"
"d4e4b5192cba4e0e66eb12a9d347239d","TOLEDO","PR","-24.711673570658885","-53.74760648134386","12","11","441.80","4.17","12","0.17","13.38","0",NULL,"0.00",NULL,"Insufficient Data"
"612170e34b97004b3ba37eae81836b4c","NOVO HAMBURGO","RS","-29.684330843096387","-51.09298402937746","107","107","23065.02","4.43","107","0.07","10.99","2","1.23","0.02","80.65","Excellent"
"12a8eb0f8d1cd3270695bf2a99f55966","SAO PAULO","SP","-23.621110481467223","-46.67412059873857","2","2","397.00","3.50","2","0.00","20.98","1","0.81","0.50",NULL,"Insufficient Data"
"1fa2d3def6adfa70e58c276bb64fe5bb","SAO PAULO","SP","-23.581450833176707","-46.63502920959905","1","1","6.90","1.00","1","1.00","6.26","0",NULL,"0.00",NULL,"Insufficient Data"
"afa6714acee029b2dfdf357e5579cc03","DESCALVADO","SP","-21.9086341537278","-47.61958402950508","16","16","3220.76","4.25","16","0.13","12.73","2","5.75","0.13",NULL,"Insufficient Data"
"cd843d4cf8ef32827de0396605163ba3","JUIZ DE FORA","MG","-21.772902260434623","-43.31619269603936","5","5","1915.00","3.80","5","0.00","16.07","0",NULL,"0.00",NULL,"Insufficient Data"
"a3082f442524a1be452e3189e003b361","CURITIBA","PR","-25.48678362877712","-49.21755800350848","3","3","301.60","4.33","3","0.00","11.54","0",NULL,"0.00",NULL,"Insufficient Data"
"3f8034bfc6b8b4135534975d49f04c63","CURITIBA","PR","-25.48678362877712","-49.21755800350848","12","11","1313.90","3.75","12","0.25","10.89","0",NULL,"0.00",NULL,"Insufficient Data"
"1d29dfba02015238dfbe2449a5eaa361","VICOSA","MG","-20.699028840686488","-42.99946861920252","12","12","612.80","4.50","12","0.08","15.38","1","54.70","0.08",NULL,"Insufficient Data"
"edc518ba25576a0188a0e8f2c3af186f","GUARULHOS","SP","-23.477578195722135","-46.54104308769276","6","6","1647.39","3.67","6","0.17","6.66","0",NULL,"0.00",NULL,"Insufficient Data"
"0725b8c0f3f906e58f70cbe76b7c748c","GUARULHOS","SP","-23.477578195722135","-46.54104308769276","17","16","2190.30","3.50","17","0.29","12.98","6","3.09","0.38",NULL,"Insufficient Data"
"62d977e2b2aee830de3e039a28490d12","CURITIBA","PR","-25.431322500860055","-49.2792188539756","2","0","399.80","1.00","2","1.00",NULL,"0",NULL,NULL,NULL,"Insufficient Data"
"7722b1df1b0e383e000397b2c11e3e19","SAO BERNARDO DO CAMPO","SP","-23.715655922883055","-46.54574782914775","134","133","7094.09","4.23","133","0.06","8.35","4","4.57","0.03","73.94","Good"
"d3dcf0604eabf0224fbd5948b5e02f69","SAO PAULO","SP","-23.525219436926417","-46.517028705036076","9","9","2902.30","3.89","9","0.22","17.63","3","12.10","0.33",NULL,"Insufficient Data"
"9d4db00d65d7760644ac0c14edb5fd86","SOROCABA","SP","-23.51561244157366","-47.443460537225135","98","97","9979.70","4.52","97","0.04","8.06","4","9.36","0.04","84.75","Excellent"
"6ddc28b61be28373b4503a1f61cf98a9","SAO PAULO","SP","-23.535007209563112","-46.51490381186076","11","11","1732.90","4.18","11","0.09","6.85","1","5.91","0.09",NULL,"Insufficient Data"
"bd4889b5e9133b35b66e42a8665cea5c","SAO PAULO","SP","-23.504868908615258","-46.682602216056324","36","36","6271.90","4.40","35","0.00","10.28","0",NULL,"0.00","85.99","Excellent"
"d4e12e7884759a14fa0f5f896c791cae","SAO PAULO","SP","-23.48761470851276","-46.603991023751746","29","29","1400.00","4.62","29","0.07","8.42","2","5.09","0.07","69.43","Good"
"749e7cdabbaf72f16677859e27874ba5","GUARULHOS","SP","-23.44874587507586","-46.51798844272239","1","1","41.90","1.00","1","1.00","11.04","0",NULL,"0.00",NULL,"Insufficient Data"
"244c2f1bff6afe1f2eaf9bfe9b2aed38","MOGI DAS CRUZES","SP","-23.516913648399584","-46.10417245526518","23","23","2580.00","3.78","23","0.09","13.99","2","15.10","0.09","32.54","Toxic"
"ba5daa4041e1f15cdf34b76e3e18a450","SAO PAULO","SP","-23.646504679681733","-46.666225677665025","15","15","806.80","4.27","15","0.07","5.69","0",NULL,"0.00",NULL,"Insufficient Data"
"51e0557bc7b86de13e946c60ee91ce39","BELO HORIZONTE","MG","-19.814336414816914","-43.96557706575403","1","1","45.80","5.00","1","0.00","10.43","0",NULL,"0.00",NULL,"Insufficient Data"
"daeb5653dd96c1b11860f72209795012","BELO HORIZONTE","MG","-19.873399844484634","-43.98232611271477","40","38","2305.90","4.09","40","0.10","11.65","3","15.11","0.08","43.96","Toxic"
"3442033154be05bac582e173ef54fd12","SAO PAULO","SP","-23.55976587964915","-46.680009300814675","1","1","161.00","5.00","1","0.00","3.91","0",NULL,"0.00",NULL,"Insufficient Data"
"f4ce8ca9fa7157e3b33f536ac9a4487d","PENAPOLIS","SP","-21.414851214679825","-50.08817277672828","4","4","409.60","4.75","4","0.00","6.98","0",NULL,"0.00",NULL,"Insufficient Data"
"5cbbd5a299cab112b7bf23862255e43e","PINHAIS","PR","-25.42523486869032","-49.189110840767945","36","36","2726.06","4.28","36","0.06","10.85","0",NULL,"0.00","73.02","Good"
"dbb9b48c841a0e39e21f98e1a6b2ec3e","SAO PAULO","SP","-23.605514428769723","-46.49030091198303","108","108","7186.85","4.27","108","0.08","9.82","4","11.87","0.04","68.56","Good"
"800214c63934acd05d47e84214db8ba8","JARAGUA DO SUL","SC","-26.486690764770536","-49.08123612140748","4","3","259.60","5.00","4","0.00","11.79","0",NULL,"0.00",NULL,"Insufficient Data"
"ce248b21cb2adc36282ede306b7660e5","JARAGUA DO SUL","SC","-26.486690764770536","-49.08123612140748","65","64","15230.06","4.18","65","0.12","15.72","7","10.22","0.11","41.87","Toxic"
"3c3017960b2dbd72711a61f0400aab8f","JARAGUA DO SUL","SC","-26.486690764770536","-49.08123612140748","10","9","968.80","4.00","10","0.20","12.52","0",NULL,"0.00",NULL,"Insufficient Data"
"a2deecd5398f5df4987110c80a1972a3","SAO PAULO","SP","-23.525700606115237","-46.69169174650982","16","13","827.43","3.66","16","0.25","8.31","0",NULL,"0.00",NULL,"Insufficient Data"
"d2f3e277560ed4c6361284429b00f037","ATIBAIA","SP","-23.122809182908803","-46.560050093984486","7","7","320.55","4.71","7","0.00","8.06","0",NULL,"0.00",NULL,"Insufficient Data"
"850913d59ce317156b00f3705f1c3edb","ATIBAIA","SP","-23.122809182908803","-46.560050093984486","32","29","2690.00","3.44","32","0.19","13.54","5","5.68","0.17","10.20","Toxic"
"244b04680fdbded0acf5aebd9c92b44a","JUNDIAI","SP","-23.189420416902372","-46.92157334717511","3","2","3477.70","1.00","2","1.00","38.02","1","19.35","0.50",NULL,"Insufficient Data"
"a1544b9ea0b2390e020537d4daa89049","JUNDIAI","SP","-23.189420416902372","-46.92157334717511","8","8","841.20","3.88","8","0.13","10.92","0",NULL,"0.00",NULL,"Insufficient Data"
"2c2c9832d1bb38c5b0034a3b47d313ee","SANTA MARIA","RS","-29.689436500143433","-53.798332601350346","1","1","49.90","3.00","1","0.00","12.09","0",NULL,"0.00",NULL,"Insufficient Data"
"c8c1bea22194a4eefa2dc9a9fa89f536","PORTO BELO","SC","-27.15728166876613","-48.57004704358004","7","7","1266.00","5.00","7","0.00","8.50","0",NULL,"0.00",NULL,"Insufficient Data"
"3bb32fedaa74e4ad20f4ce067733bd31","PORTO BELO","SC","-27.15728166876613","-48.57004704358004","2","2","103.70","4.50","2","0.00","7.16","0",NULL,"0.00",NULL,"Insufficient Data"
"5cf1ec37aea089f45110c70653a166ab","SAO PAULO","SP","-23.490758745356786","-46.58336932471798","3","2","50.00","3.67","3","0.33","21.47","0",NULL,"0.00",NULL,"Insufficient Data"
"138dbe45fc62f1e244378131a6801526","SAO PAULO","SP","-23.490758745356786","-46.58336932471798","49","49","1125.56","4.08","49","0.10","6.53","2","2.20","0.04","54.45","Watchlist"
"918717417d88a9f9ae9735567e6c7682","SAO PAULO","SP","-23.593289291903176","-46.77250541665594","4","4","345.70","5.00","4","0.00","8.15","0",NULL,"0.00",NULL,"Insufficient Data"
"c6a7539d424a8402232c2228d7a03c5e","SAO PAULO","SP","-23.568801464537245","-46.57173940927547","10","10","607.50","3.10","10","0.40","14.27","1","7.64","0.10",NULL,"Insufficient Data"
"1a6245add4353f18ed55138808906979","SAO BERNARDO DO CAMPO","SP","-23.67103703273756","-46.581018365360634","1","0","30.00","3.00","1","0.00",NULL,"0",NULL,NULL,NULL,"Insufficient Data"
"abe42c5d03695b4257b5c6cbf4e6784e","RIO DE JANEIRO","RJ","-22.837911776525175","-43.32227104605822","50","49","17159.00","3.92","49","0.14","14.36","8","13.65","0.16","27.17","Toxic"
"dd8a29ce82d5c705ba932d81494600a5","SAO PAULO","SP","-23.53741032386535","-46.46658306778091","2","2","205.75","3.50","2","0.00","8.93","0",NULL,"0.00",NULL,"Insufficient Data"
"6235903333ba7de1928c869e268e5964","TREZE TILIAS","SC","-26.9985213240704","-51.411579838730134","1","1","94.06","5.00","1","0.00","4.97","0",NULL,"0.00",NULL,"Insufficient Data"
"5a9c0859cb00fd8aa4db443837f0a700","TREZE TILIAS","SC","-26.9985213240704","-51.411579838730134","2","2","208.00","4.50","2","0.00","9.01","0",NULL,"0.00",NULL,"Insufficient Data"
"89de2d6f23e9746ff309705b23581faa","LONDRINA","PR","-23.31244604730659","-51.17566618569715","8","8","340.00","2.71","7","0.57","9.65","0",NULL,"0.00",NULL,"Insufficient Data"
"2ff6b7bff164ef05590a52734e1296da","LONDRINA","PR","-23.31244604730659","-51.17566618569715","7","7","1803.59","4.71","7","0.00","11.75","0",NULL,"0.00",NULL,"Insufficient Data"
"f266295f49a28eee21f413e0cbb0521d","PONTA GROSSA","PR","-25.07996038746567","-50.13255780440033","2","2","149.80","4.50","2","0.00","12.09","0",NULL,"0.00",NULL,"Insufficient Data"
"0c7f30ae9b147eca07affbef92832a6a","PONTA GROSSA","PR","-25.07996038746567","-50.13255780440033","5","5","479.50","5.00","5","0.00","8.54","0",NULL,"0.00",NULL,"Insufficient Data"
"6eeed17989b0ae47c9f11ece6f38ea90","SAO PAULO","SP","-23.61042211579087","-46.62659436529209","3","3","557.00","3.67","3","0.33","6.50","0",NULL,"0.00",NULL,"Insufficient Data"
"a81466620e46a6970b22ef40379fdfc9","SAO LUDGERO","SC","-28.329381712771752","-49.17664483465966","2","2","321.80","5.00","2","0.00","7.19","0",NULL,"0.00",NULL,"Insufficient Data"
"1b4c3a6f53068f0b6944d2d005c9fc89","SAO LUDGERO","SC","-28.329381712771752","-49.17664483465966","113","111","14760.30","4.21","112","0.08","14.55","7","9.35","0.06","58.85","Watchlist"
"52f976b17ea7f2f087f56dcc419328f6","CALIFORNIA","PR","-23.665523235370998","-51.35659668422704","6","6","7630.00","3.67","6","0.00","10.38","0",NULL,"0.00",NULL,"Insufficient Data"
"a7a9b880c49781da66651ccf4ba9ac38","ITIRAPINA","SP","-22.252002596014556","-47.8154311245141","3","3","307.60","3.67","3","0.00","9.48","0",NULL,"0.00",NULL,"Insufficient Data"
"b7ed9fb14c8eadb37adb9c45d67ab0fb","JACAREI","SP","-23.27193794186258","-46.06549877693504","7","7","566.00","3.29","7","0.29","12.56","0",NULL,"0.00",NULL,"Insufficient Data"
"1352e06ae67b410cdae0b2a22361167b","NOVA IGUACU","RJ","-22.69370930904985","-43.455693673095766","4","2","696.00","2.33","3","0.67","34.31","2","3.09","1.00",NULL,"Insufficient Data"
"e9b6c33b71b67737693b4cfa68341c8d","SAO PAULO","SP","-23.536174873786177","-46.620555388073335","1","1","119.90","4.00","1","0.00","11.77","0",NULL,"0.00",NULL,"Insufficient Data"
"08061dc0fc165ed41288cc7acde738ee","OSASCO","SP","-23.55807593943665","-46.77602096391081","4","4","123.80","4.50","4","0.00","20.07","1","8.71","0.25",NULL,"Insufficient Data"
"b1aaae6b66ad3c40f54b389d7ea4bee0","SAO PAULO","SP","-23.63183484653694","-46.70032625979074","15","15","1176.50","4.40","15","0.07","8.02","0",NULL,"0.00",NULL,"Insufficient Data"
"535bf14f36346c7f59d87cece104d70c","RIO DE JANEIRO","RJ","-22.900247004009785","-43.286209546514335","1","1","50.00","4.00","1","0.00","4.22","1","0.70","1.00",NULL,"Insufficient Data"
"455c5640e8c5bd1b2ee85c0158f85727","LUIZ ALVES","SC","-26.719065127148422","-48.99619111602232","8","8","6729.50","4.50","8","0.00","14.97","0",NULL,"0.00",NULL,"Insufficient Data"
"788f22bafdd7ab0e1e79f19db72f16a4","SAO PAULO","SP","-23.609271700065435","-46.61855410099137","2","2","125.80","4.50","2","0.00","3.54","0",NULL,"0.00",NULL,"Insufficient Data"
"d4ffeb15b67e81ff9af2b4252d99fb7e","ATIBAIA","SP","-23.127776892616296","-46.569120552016294","11","11","1400.40","4.30","10","0.00","9.35","0",NULL,"0.00",NULL,"Insufficient Data"
"56642bcb79900e777d68e91915cb4267","SAO PAULO","SP","-23.5134974016135","-46.550244505909305","48","48","3657.64","4.06","48","0.13","12.48","4","13.85","0.08","38.43","Toxic"
"51a04a8a6bdcb23deccc82b0b80742cf","BRAGANCA PAULISTA","SP","-22.964802783097717","-46.53441931528524","1","1","167.99","1.00","1","1.00","35.31","1","7.82","1.00",NULL,"Insufficient Data"
"f44bdc12aa39f5271f0b95f66cd4c289","BRAGANCA PAULISTA","SP","-22.964802783097717","-46.53441931528524","5","5","357.50","3.20","5","0.20","11.50","1","2.02","0.20",NULL,"Insufficient Data"
"2ba91c7ad80ff88b23b7db823b43c233","ITU","SP","-23.275310701223685","-47.307125332161874","6","6","740.40","3.83","6","0.00","18.65","2","7.10","0.33",NULL,"Insufficient Data"
"9674754b5a0cb32b638cec001178f799","SAO PAULO","SP","-23.676569848880817","-46.669896904323316","86","84","5069.92","4.05","86","0.13","8.41","3","3.80","0.04","51.95","Watchlist"
"633ecdf879b94b5337cca303328e4a25","SAO PAULO","SP","-23.676569848880817","-46.669896904323316","6","6","1037.60","1.80","5","0.60","25.72","4","15.54","0.67",NULL,"Insufficient Data"
"3f2af2670e104d1bcb54022274daeac5","TERRA BOA","PR","-23.771858350650845","-52.448328002715094","6","6","973.60","3.33","6","0.33","19.51","1","6.82","0.17",NULL,"Insufficient Data"
"87d3c3aeb3ead335511b3ce315eb341e","SAO PAULO","SP","-23.540171867461584","-46.59168777265857","15","15","749.35","3.50","14","0.21","6.57","1","6.81","0.07",NULL,"Insufficient Data"
"4091f77d8c768fc3e81c20761471761d","SAO PAULO","SP","-23.540171867461584","-46.59168777265857","8","8","1079.00","2.75","8","0.25","18.03","2","12.36","0.25",NULL,"Insufficient Data"
"bf00385a5f7fc1ef39a13c2e9ee50a5f","SAO PAULO","SP","-23.54177865147578","-46.652422339639514","29","28","870.30","4.31","29","0.10","5.77","0",NULL,"0.00","69.63","Good"
"2dee2ce60de9709b1a24083217181a1f","SINOP","MT","-11.83455242799876","-55.50810988391814","54","54","7784.50","4.43","54","0.04","14.14","1","4.88","0.02","78.34","Good"
"ccbd753e6863fe7314dc6c0ca5a074e7","BLUMENAU","SC","-26.932024747628567","-49.142028750846","1","1","495.00","4.00","1","0.00","11.86","0",NULL,"0.00",NULL,"Insufficient Data"
"d3674f271c91f824f82d24d92011f669","CEILANDIA","DF","-15.847901414408227","-48.11250056242789","20","20","1718.30","4.10","20","0.15","13.77","2","6.37","0.10","30.35","Toxic"
"72c38a04bd6a1c3dbc5298425a0db86d","CASCAVEL","PR","-24.986482985801874","-53.49319710647036","4","4","647.30","3.75","4","0.25","8.81","0",NULL,"0.00",NULL,"Insufficient Data"
"08d0949a9a17c027262db1f3c450c26c","CASCAVEL","PR","-24.986482985801874","-53.49319710647036","12","12","324.80","3.71","12","0.08","14.33","0",NULL,"0.00",NULL,"Insufficient Data"
"1d503743d2526f03f0c2c89540ee008c","SAO PAULO","SP","-23.541614488738958","-46.64154914252655","12","12","516.04","3.92","12","0.17","10.80","1","10.03","0.08",NULL,"Insufficient Data"
"d8bf0fc082fd4a77fc2e5679b6c00133","SAO PAULO","SP","-23.564178243780926","-46.586620659653406","1","1","139.90","5.00","1","0.00","7.09","0",NULL,"0.00",NULL,"Insufficient Data"
"497709c2976a8fa308730a2dec5b0726","DIADEMA","SP","-23.70667683194779","-46.608627983513706","1","1","76.00","5.00","1","0.00","5.95","0",NULL,"0.00",NULL,"Insufficient Data"
"ae7ab174effdead6c241e547e4ca13f0","ARAPONGAS","PR","-23.393188641236925","-51.419884975930565","6","6","2778.60","4.33","6","0.17","9.57","0",NULL,"0.00",NULL,"Insufficient Data"
"2745f798279e0ed033addcc1474776d7","SAO PAULO","SP","-23.55628409710373","-46.61636650804023","32","32","3668.53","3.97","31","0.10","13.36","3","10.48","0.09","37.88","Toxic"
"2528744c5ef5d955adc318720a94d2e7","JUNDIAI","SP","-23.204103869609312","-46.87259009665851","5","5","6245.00","2.40","5","0.40","10.07","0",NULL,"0.00",NULL,"Insufficient Data"
"f7315bb81aea4ddca2d39e249a801c98","GUARULHOS","SP","-23.436537107307473","-46.54418094544429","2","2","379.80","4.50","2","0.00","10.22","1","0.91","0.50",NULL,"Insufficient Data"
"3bb548e3cb7f70f28e3f11ee9dce0e59","MARINGA","PR","-23.413742909500797","-51.907543291308706","46","46","7690.02","4.20","46","0.09","10.90","0",NULL,"0.00","69.39","Good"
"3340ef1913fb70d28420f6ceb685c339","MARINGA","PR","-23.413742909500797","-51.907543291308706","32","32","6731.15","4.38","32","0.06","16.71","3","44.70","0.09","59.27","Watchlist"
"fa8d335d68129e464e60c1826a683e96","TRES COROAS","RS","-29.511355583933103","-50.78115073787276","1","1","139.90","4.00","1","0.00","22.22","0",NULL,"0.00",NULL,"Insufficient Data"
"d594982fd877af63ace38ea1fca27c76","SAO PAULO","SP","-23.541905853440447","-46.63508761691669","7","7","217.04","4.43","7","0.00","8.09","0",NULL,"0.00",NULL,"Insufficient Data"
"f4aba7c0bca51484c30ab7bdc34bcdd1","SAO PAULO","SP","-23.541905853440447","-46.63508761691669","110","108","3009.79","3.94","108","0.08","10.98","7","6.63","0.06","47.60","Toxic"
"8931a84a914b3fe9b1ddaa4d704947ca","SAO PAULO","SP","-23.548909981913905","-46.422924960907764","29","29","4668.30","4.07","28","0.14","11.88","2","9.22","0.07","40.86","Toxic"
"9b013e03b2ab786505a1d3b5c0756754","GUARUJA","SP","-23.94195407899811","-46.30256477959018","174","170","9027.40","4.16","173","0.13","8.56","10","6.70","0.06","53.85","Watchlist"
"7bcd7c5f8631701474db233ccf1c094b","SAO PAULO","SP","-23.51721555382505","-46.618673963872304","11","8","666.00","3.64","11","0.18","14.24","1","0.54","0.13",NULL,"Insufficient Data"
"41c2bad7229b0c25e6becf179ebf63ff","NATAL","RN","-5.792244362728699","-35.20151979253924","20","20","782.00","4.95","20","0.00","4.69","0",NULL,"0.00","90.06","Excellent"
"4c60877808f4318ef1107fbeb8f89afa","ATIBAIA","SP","-23.114730524308023","-46.55288053987789","2","2","118.00","4.00","2","0.00","15.20","0",NULL,"0.00",NULL,"Insufficient Data"
"f615fe7efbef0f4f08fd3086bc7a3e60","ATIBAIA","SP","-23.114730524308023","-46.55288053987789","23","22","2359.27","4.35","23","0.04","7.56","2","6.59","0.09","66.10","Good"
"16090f2ca825584b5a147ab24aa30c86","ATIBAIA","SP","-23.114730524308023","-46.55288053987789","402","398","25716.44","4.06","400","0.10","9.18","43","8.05","0.11","48.61","Toxic"
"bbaff50f3b708fda865918715276cd87","ATIBAIA","SP","-23.114730524308023","-46.55288053987789","12","12","449.70","4.75","12","0.00","10.20","2","2.82","0.17",NULL,"Insufficient Data"
"128f9bfbe4c7d5185033914b1de3d39a","ATIBAIA","SP","-23.114730524308023","-46.55288053987789","14","13","1277.29","4.71","14","0.00","11.83","1","1.76","0.08",NULL,"Insufficient Data"
"403aa86912527d730337ffcb0fb096ab","BELO HORIZONTE","MG","-19.94011484944247","-43.919580245143244","11","11","8959.89","4.00","10","0.10","11.00","0",NULL,"0.00",NULL,"Insufficient Data"
"f5b44895715ddfe3087dc414f30268f3","SOROCABA","SP","-23.49257821580191","-47.41091670439589","19","19","378.80","4.00","19","0.16","12.50","1","0.74","0.05",NULL,"Insufficient Data"
"b6e1504972665f739dec4facb9943775","PIRACICABA","SP","-22.708702100662563","-47.664700852471434","14","14","1484.48","4.36","14","0.07","11.15","1","18.57","0.07",NULL,"Insufficient Data"
"da8622b14eb17ae2831f4ac5b9dab84a","PIRACICABA","SP","-22.708702100662563","-47.664700852471434","1314","1311","160236.57","4.17","1308","0.09","11.19","100","10.72","0.08","58.15","Watchlist"
"d63c73efd41eb002280e7ec831424edb","PIRACICABA","SP","-22.708702100662563","-47.664700852471434","2","2","5598.00","4.00","2","0.00","6.29","0",NULL,"0.00",NULL,"Insufficient Data"
"ff69aa92bb6b1bf9b8b7a51c2ed9cf8b","SAO PAULO","SP","-23.511203891310114","-46.399333426237874","20","20","21940.80","3.65","20","0.25","11.46","5","8.49","0.25","17.86","Toxic"
"45c20d94d9171b0bcfab3c955e47d67b","CORDEIROPOLIS","SP","-22.481763564480122","-47.459958340316014","4","4","129.46","4.50","4","0.00","14.43","0",NULL,"0.00",NULL,"Insufficient Data"
"aac29b1b99776be73c3049939652091d","UBERLANDIA","MG","-18.92408019816435","-48.249267186591524","98","94","6755.91","4.10","96","0.09","14.93","9","29.05","0.10","43.12","Toxic"
"95ec4458365c4d11f452ccf538377619","LIMEIRA","SP","-22.60000425928191","-47.407128587319626","27","27","1866.76","4.62","26","0.04","6.35","1","2.96","0.04","81.05","Excellent"
"553a440137d6e0cf776aee0bb83ac9f5","LIMEIRA","SP","-22.60000425928191","-47.407128587319626","2","2","144.80","1.00","2","1.00","23.00","1","4.74","0.50",NULL,"Insufficient Data"
"b33aaadd1a8891d2dfef0c4c3bdf0371","LIMEIRA","SP","-22.60000425928191","-47.407128587319626","16","16","1504.00","3.94","16","0.19","14.02","2","24.27","0.13",NULL,"Insufficient Data"
"fcba71d4d5db057f43249145e4eb1e27","LIMEIRA","SP","-22.60000425928191","-47.407128587319626","3","3","494.55","4.67","3","0.00","18.62","0",NULL,"0.00",NULL,"Insufficient Data"
"729f06993dac8e860d4f02d7088ca48a","LIMEIRA","SP","-22.60000425928191","-47.407128587319626","96","94","20485.08","4.17","95","0.12","11.75","11","10.32","0.12","45.01","Toxic"
"b499c00f28f4b7069ff6550af8c1348a","LIMEIRA","SP","-22.60000425928191","-47.407128587319626","152","147","10327.13","4.13","152","0.11","11.27","19","9.75","0.13","42.39","Toxic"
"bff9deb0ec77d437f3305a79cf25529e","LIMEIRA","SP","-22.60000425928191","-47.407128587319626","5","5","161.95","4.00","5","0.20","6.97","0",NULL,"0.00",NULL,"Insufficient Data"
"ca77545ca4d2dfd1431bf61334e2fa3c","MARINGA","PR","-23.412914306185957","-51.94203814434729","6","6","760.00","4.67","6","0.00","13.24","0",NULL,"0.00",NULL,"Insufficient Data"
"845e8036c3f7bf62099352f5ed910240","RIO DE JANEIRO","RJ","-22.87144109880102","-43.258727578503766","21","21","1584.60","3.95","21","0.10","7.57","0",NULL,"0.00","56.73","Watchlist"
"863d2ebcd347ce4922de7a0f9a5581d6","RIO DE JANEIRO","RJ","-22.87144109880102","-43.258727578503766","18","17","1382.36","3.89","18","0.17","11.51","3","9.70","0.18",NULL,"Insufficient Data"
"9f56a7a649097b166d8ed286ad86a15c","RIO DE JANEIRO","RJ","-22.87144109880102","-43.258727578503766","2","0","27.98","1.00","2","1.00",NULL,"0",NULL,NULL,NULL,"Insufficient Data"
"1fdc574883ef3b33ad41562d93f3a74a","LIMEIRA","SP","-22.570721481502527","-47.40309520372461","18","18","4251.00","4.44","18","0.00","11.25","1","40.83","0.06",NULL,"Insufficient Data"
"ec80e49e69745ab6c14f984bf2149423","LIMEIRA","SP","-22.570721481502527","-47.40309520372461","12","12","3709.00","4.00","11","0.09","12.85","2","6.83","0.17",NULL,"Insufficient Data"
"59417c56835dd8e2e72f91f809cd4092","LIMEIRA","SP","-22.570721481502527","-47.40309520372461","18","18","36459.00","4.28","18","0.06","12.57","0",NULL,"0.00",NULL,"Insufficient Data"
"37dd29b36c458d82f74a953c40c43645","LIMEIRA","SP","-22.570721481502527","-47.40309520372461","7","7","4536.99","3.86","7","0.00","18.46","1","3.98","0.14",NULL,"Insufficient Data"
"3ac588cd562971392504a9e17130c40b","LIMEIRA","SP","-22.570721481502527","-47.40309520372461","1","1","11.90","5.00","1","0.00","7.09","0",NULL,"0.00",NULL,"Insufficient Data"
"19d62d484cba71963c93f0f00ab42013","GASPAR","SC","-26.93513099414835","-48.93792722466027","1","1","139.90","4.00","1","0.00","13.95","0",NULL,"0.00",NULL,"Insufficient Data"
"35281d148dcf7134bae913c57db4e6da","SAO PAULO","SP","-23.477638371873425","-46.74921995719646","1","1","119.99","5.00","1","0.00","5.27","0",NULL,"0.00",NULL,"Insufficient Data"
"4c8545742faaf58fafd5fd14d25d75cf","FERNANDOPOLIS","SP","-20.286928433684377","-50.24182343876858","4","4","3020.00","4.50","4","0.00","9.97","0",NULL,"0.00",NULL,"Insufficient Data"
"1d4587203296c8f4ad134dc286fa6db0","SAO PAULO","SP","-23.504891211204196","-46.72658804974731","42","40","2323.30","4.29","42","0.07","9.46","2","12.90","0.05","65.16","Watchlist"
"a5259c149128e82c9d6d46e0c1c812bb","JI-PARANA","RO","-10.877222238932788","-61.95841508458224","8","8","1182.26","3.88","8","0.13","19.35","0",NULL,"0.00",NULL,"Insufficient Data"
"3d5d0dc7073a299e31fa718ce1bc00b6","RIO DE JANEIRO","RJ","-22.97990032972109","-43.491764759133694","23","21","790.70","4.30","23","0.13","8.49","2","0.94","0.10","46.87","Toxic"
"c398bc00a606d33758afd91f4e64fd15","RIO DE JANEIRO","RJ","-22.884333053403086","-43.387504877344114","2","2","150.00","4.50","2","0.00","3.70","0",NULL,"0.00",NULL,"Insufficient Data"
"78813699ffac347fe27dba345a5f1551","VALE DOS VINHEDOS","RS","-29.17519237322801","-51.56925812204669","1","1","152.42","5.00","1","0.00","9.04","0",NULL,"0.00",NULL,"Insufficient Data"
"a63bfbaa882c8f4542891b4e2246cc7f","NITEROI","RJ","-22.941155596656404","-43.04313417662493","7","6","6772.00","4.43","7","0.14","11.69","1","0.73","0.17",NULL,"Insufficient Data"
"f67efa3f0b6761102a7f8c6b7b571f5d","CURITIBA","PR","-25.420958481189384","-49.34741002841012","31","31","5188.68","4.48","31","0.06","9.98","0",NULL,"0.00","83.45","Excellent"
"d52cbce9845184537284a23c3bc3da0e","GAROPABA","SC","-28.038737678812907","-48.6314633279986","2","2","75.00","5.00","2","0.00","10.57","0",NULL,"0.00",NULL,"Insufficient Data"
"8603f0038fe0e52fedd3382d266723de","GAROPABA","SC","-28.038737678812907","-48.6314633279986","10","10","2355.00","4.40","10","0.10","21.26","0",NULL,"0.00",NULL,"Insufficient Data"
"8a1ff5c35f6595a73fef4c7b96e4908a","SAO JOSE DOS PINHAIS","PR","-25.64774351148683","-49.1753719726532","2","2","1598.00","5.00","2","0.00","10.34","0",NULL,"0.00",NULL,"Insufficient Data"
"e5bd51692380fd8cabb19b756b95e714","SANTO ANDRE","SP","-23.622287896059994","-46.536900867948304","3","2","119.70","2.33","3","0.67","33.67","2","6.16","1.00",NULL,"Insufficient Data"
"41b39e28db005d9731d9d485a83b4c38","SANTO ANDRE","SP","-23.622287896059994","-46.536900867948304","195","187","17112.55","4.06","195","0.13","12.37","12","7.34","0.06","47.54","Toxic"
"c0563dd588b775f2e37747ef6ad6c92c","SANTO ANDRE","SP","-23.622287896059994","-46.536900867948304","28","28","3697.20","4.36","28","0.04","10.86","3","5.85","0.11","61.21","Watchlist"
"5058e8c1e82653974541e83690655b4a","ITAQUAQUECETUBA","SP","-23.445104372262904","-46.37446965996916","63","62","10022.82","3.24","62","0.23","26.68","8","13.48","0.13","13.03","Toxic"
"666658b8da8370f30e1f89893b1de5e6","SAO PAULO","SP","-23.52813993698203","-46.500663652771415","1","0","298.00","5.00","1","0.00",NULL,"0",NULL,NULL,NULL,"Insufficient Data"
"85ecf03781da592876b7844acc1b729f","SAO PAULO","SP","-23.52813993698203","-46.500663652771415","2","2","251.00","4.50","2","0.00","15.56","1","4.85","0.50",NULL,"Insufficient Data"
"3ca08eeb8d5595949fed424bd3677742","CURITIBA","PR","-25.39987209020921","-49.240868724359636","14","13","1768.87","4.43","14","0.07","10.30","0",NULL,"0.00",NULL,"Insufficient Data"
"73a63f72308aa20a46f4b1632018f196","CURITIBA","PR","-25.39987209020921","-49.240868724359636","29","27","9606.80","4.14","28","0.07","11.63","0",NULL,"0.00","69.19","Good"
"64c9a1db4e73e19aaafd3286dc448c96","CURITIBA","PR","-25.39987209020921","-49.240868724359636","1","1","439.00","5.00","1","0.00","9.47","0",NULL,"0.00",NULL,"Insufficient Data"
"1f867308a0ce13133a4e639ff4de0c02","CURITIBA","PR","-25.39987209020921","-49.240868724359636","7","7","875.10","4.14","7","0.14","11.27","0",NULL,"0.00",NULL,"Insufficient Data"
"aa762680c40618316a896838866140ea","CURITIBA","PR","-25.39987209020921","-49.240868724359636","3","3","261.00","3.33","3","0.33","22.56","1","11.71","0.33",NULL,"Insufficient Data"
"51ed72984a04e5dd35c2b27e77179038","SAO JOSE DO RIO PRETO","SP","-20.789580398110385","-49.372499363338534","7","7","1294.30","3.57","7","0.14","16.58","1","9.59","0.14",NULL,"Insufficient Data"
"3d8fa2f5b647373c8620330c4e077a9f","SAO PAULO","SP","-23.531856808842985","-46.62064203778729","43","42","3571.73","4.15","42","0.10","9.11","1","13.97","0.02","61.51","Watchlist"
"49cdc90518a4f82676b38b3c1aa43ff6","SAO PAULO","SP","-23.531856808842985","-46.62064203778729","5","5","1539.50","3.80","5","0.00","5.73","0",NULL,"0.00",NULL,"Insufficient Data"
"1f9ab4708f3056ede07124aad39a2554","TUPA","SP","-21.930547778284403","-50.49834751389763","78","76","13602.73","4.08","77","0.04","14.52","4","13.51","0.05","61.32","Watchlist"
"4125d9385a25e82d2f72d3a0fd55bc3f","SANTOS","SP","-23.965227243543833","-46.343581343498364","1","1","42.90","5.00","1","0.00","8.99","0",NULL,"0.00",NULL,"Insufficient Data"
"b4b447d715f9ab302a188fb43d3e96b3","SAO PAULO","SP","-23.627289256892848","-46.70094897060514","5","5","685.93","4.80","5","0.00","3.63","1","0.74","0.20",NULL,"Insufficient Data"
"3092c0b297aacfb4bb6e056ebe13b9b8","ARUJA","SP","-23.396334781814474","-46.314705695414155","19","16","1623.90","3.63","19","0.16","13.22","0",NULL,"0.00",NULL,"Insufficient Data"
"c161d1327ebc3a156c09582ab2f59f6c","SAO PAULO","SP","-23.5475837754449","-46.51853404810763","3","2","52.99","3.00","3","0.33","3.52","0",NULL,"0.00",NULL,"Insufficient Data"
"55dedd83e501d8248880557d9073cbfd","RIO DE JANEIRO","RJ","-22.9754192523271","-43.192633652194765","8","8","1055.30","4.88","8","0.00","4.78","0",NULL,"0.00",NULL,"Insufficient Data"
"12c2ed9cded6138cf0c75f525f565fc7","PRAIA GRANDE","SP","-24.078626536796136","-46.589342866384335","4","4","314.96","4.25","4","0.00","13.44","2","1.43","0.50",NULL,"Insufficient Data"
"77128dec4bec4878c37ab7d6169d6f26","SAO PAULO","SP","-23.48263111978118","-46.65943086047526","1","1","6.50","5.00","1","0.00","11.99","0",NULL,"0.00",NULL,"Insufficient Data"
"b14db04aa7881970e83ffa9426897925","SOROCABA","SP","-23.536889528171116","-47.469686860085595","83","78","5898.60","3.71","80","0.15","16.02","9","9.27","0.12","19.47","Toxic"
"f92d8c817434bd2d84d4e9c61322b7fa","SOROCABA","SP","-23.536889528171116","-47.469686860085595","5","5","174.84","4.60","5","0.00","8.33","1","0.47","0.20",NULL,"Insufficient Data"
"3d4b1ae7539303b5704493798893e82c","SAO PAULO","SP","-23.603832673240486","-46.540862440609374","6","6","1076.00","4.83","6","0.00","12.08","0",NULL,"0.00",NULL,"Insufficient Data"
"44ed138eca6214d572ce1d813fb0049b","CANOAS","RS","-29.916961604484996","-51.179846893413064","2","2","129.79","4.50","2","0.00","8.52","0",NULL,"0.00",NULL,"Insufficient Data"
"c394e193cda3b4225ff2094d32184849","SAO PAULO","SP","-23.576089220833882","-46.63873070008102","3","2","3419.88","3.67","3","0.33","11.45","0",NULL,"0.00",NULL,"Insufficient Data"
"f8d5c7085db9a4ad2b8c1ffbeb2798c8","SAO PAULO","SP","-23.576089220833882","-46.63873070008102","6","6","263.00","5.00","6","0.00","12.53","0",NULL,"0.00",NULL,"Insufficient Data"
"11742f81550ac064cc9a40f67151d9ad","CATANDUVA","SP","-21.1541427150983","-48.97133354086963","2","2","781.90","5.00","2","0.00","9.10","0",NULL,"0.00",NULL,"Insufficient Data"
"ea00f977a203ff88adf7057cb7806998","SANTOS","SP","-23.937828782369895","-46.35659153288518","19","18","389.72","4.11","19","0.11","5.42","2","2.25","0.11",NULL,"Insufficient Data"
"570d4583587a5fe2d47c7be89b91ad27","SAO PAULO","SP","-23.489760624425745","-46.5776765153455","2","2","125.25","5.00","2","0.00","5.75","0",NULL,"0.00",NULL,"Insufficient Data"
"3903c788ded8dc03b5ebab37a2f3e9a1","CARAPICUIBA","SP","-23.54880596717767","-46.83024045323437","5","5","119.98","4.00","5","0.00","10.30","1","2.61","0.20",NULL,"Insufficient Data"
"28f10b1c5e5abb9d4857745bede6147c","SAO PAULO","SP","-23.620422385707208","-46.5988656693112","28","28","835.00","4.00","28","0.14","7.64","6","4.00","0.21","27.04","Toxic"
"eb9267cccc90f1b49c8d2f9887c7dd97","RECIFE","PE","-8.049884228325224","-34.90083430094548","1","1","319.90","5.00","1","0.00","7.81","0",NULL,"0.00",NULL,"Insufficient Data"
"ececbfcff9804a2d6b40f589df8eef2b","FRANCA SP","SP","-20.496250765485655","-47.41843378590998","98","97","6792.40","4.11","98","0.08","13.18","10","8.86","0.10","47.17","Toxic"
"b416191c9813d821a295cfabafff4161","FRANCA SP","SP","-20.496250765485655","-47.41843378590998","2","2","117.80","2.50","2","0.50","19.30","0",NULL,"0.00",NULL,"Insufficient Data"
"dd88d13bea9e4c2bf47daf224f8141e5","LAJEADO","RS","-29.46055671555412","-51.96671716734525","1","1","458.00","5.00","1","0.00","5.68","0",NULL,"0.00",NULL,"Insufficient Data"
"77dcbb67ccb3659bd58eaf5661560a30","LAJEADO","RS","-29.46055671555412","-51.96671716734525","2","0","984.00","1.00","2","1.00",NULL,"0",NULL,NULL,NULL,"Insufficient Data"
"45a3d05fb00435e52a28859dd03703b3","GUARULHOS","SP","-23.40962038329087","-46.38642615987195","1","1","1299.00","5.00","1","0.00","25.72","0",NULL,"0.00",NULL,"Insufficient Data"
"f9bbdd976532d50b7816d285a22bd01e","SAO PAULO","SP","-23.54181228101085","-46.730686517778146","2","1","268.00","5.00","2","0.00","14.89","0",NULL,"0.00",NULL,"Insufficient Data"
"c13fb473e7cb8b83ccd543c094df0608","SAO PAULO","SP","-23.54181228101085","-46.730686517778146","2","2","54.80","3.50","2","0.00","12.77","0",NULL,"0.00",NULL,"Insufficient Data"
"4be9ae93c4fc0f41713d71a4194ee1b3","DIVINOPOLIS","MG","-20.140359687801347","-44.88407963221902","1","1","109.90","5.00","1","0.00","11.09","0",NULL,"0.00",NULL,"Insufficient Data"
"2b1a40c1daabc6ca280c4b815c101841","DIVINOPOLIS","MG","-20.140359687801347","-44.88407963221902","23","22","12732.60","3.70","23","0.17","13.43","1","5.35","0.05","34.22","Toxic"
"d379f449f2a3b271bc01c0782020f705","DIVINOPOLIS","MG","-20.140359687801347","-44.88407963221902","28","28","4423.06","3.89","28","0.18","13.30","1","16.89","0.04","35.70","Toxic"
"81ed90f07c0bacb7594940ba2ef676aa","DIVINOPOLIS","MG","-20.140359687801347","-44.88407963221902","2","2","223.90","4.50","2","0.00","16.10","0",NULL,"0.00",NULL,"Insufficient Data"
"44f091b5abab8018f682fce8124b85e5","SAO PAULO","SP","-23.45198742890589","-46.57510493774137","6","3","1680.10","2.50","6","0.33","15.19","2","3.28","0.67",NULL,"Insufficient Data"
"559d56f3b8f0bc2e5a9a62fe2ce2a39f","JOINVILLE","SC","-26.270742296656483","-48.881817687818064","2","2","385.00","2.50","2","0.50","12.30","1","6.03","0.50",NULL,"Insufficient Data"
"184a67a8f9f63234d3a92340bbdb727f","JOINVILLE","SC","-26.270742296656483","-48.881817687818064","8","7","268.66","3.88","8","0.13","17.62","0",NULL,"0.00",NULL,"Insufficient Data"
"7d81e74a4755b552267cd5e081563028","SAO PAULO","SP","-23.642694460596942","-46.697389538991324","1","1","32.50","4.00","1","0.00","2.21","0",NULL,"0.00",NULL,"Insufficient Data"
"33fd411ed63a7c2f9005e3f065d9f85d","CONDOR","RS","-28.207322126321763","-53.484839056818565","1","1","24.90","4.00","1","0.00","8.13","0",NULL,"0.00",NULL,"Insufficient Data"
"7c1fea10b5b006671d608b1d7c446ec4","BOITUVA","SP","-23.28742694830572","-47.67058614671449","14","14","423.60","4.00","14","0.14","16.23","1","3.72","0.07",NULL,"Insufficient Data"
"9b76ad3d04236f76bc71c59470305e13","BOITUVA","SP","-23.28742694830572","-47.67058614671449","2","2","394.70","5.00","2","0.00","5.75","0",NULL,"0.00",NULL,"Insufficient Data"
"fc99f99385ae90f66f01733856fb88c9","BOITUVA","SP","-23.28742694830572","-47.67058614671449","1","0","89.90","1.00","1","1.00",NULL,"0",NULL,NULL,NULL,"Insufficient Data"
"20d83f3ef0e6925fd74bfd59170babf7","SAO PAULO","SP","-23.48389471587814","-46.69775961166169","40","40","2903.60","4.40","40","0.08","9.08","2","4.77","0.05","68.41","Good"
"e560e4022d8f7aebf155db95946c5c0f","BELO HORIZONTE","MG","-19.90491827268254","-43.9368917024961","2","2","780.00","5.00","2","0.00","10.14","0",NULL,"0.00",NULL,"Insufficient Data"
"08d1c9478fb0d7d7fcac9c0da4e82fc7","BELO HORIZONTE","MG","-19.90491827268254","-43.9368917024961","1","1","538.00","5.00","1","0.00","10.39","0",NULL,"0.00",NULL,"Insufficient Data"
"ad97a199236354e53fcd91a5a913e9a2","BRUSQUE","SC","-27.105724111171035","-48.93331822533233","17","16","13205.90","4.53","17","0.06","15.63","2","4.45","0.13",NULL,"Insufficient Data"
"daf565f087a52def0fd5c5825b3661bc","BRUSQUE","SC","-27.105724111171035","-48.93331822533233","9","9","813.90","3.63","8","0.25","9.31","1","0.95","0.11",NULL,"Insufficient Data"
"a11a0e0ca67423425691db355cff69b0","INDAIATUBA","SP","-23.086339156484097","-47.21688683643497","2","2","448.90","5.00","2","0.00","5.53","1","0.37","0.50",NULL,"Insufficient Data"
"9baf5cb77970f539089d09a38bcec5c3","INDAIATUBA","SP","-23.086339156484097","-47.21688683643497","32","31","6129.67","4.31","32","0.09","15.17","0",NULL,"0.00","67.45","Good"
"f84fa566034f5e8e880a07ec624c56af","INDAIATUBA","SP","-23.086339156484097","-47.21688683643497","91","89","5093.79","4.21","90","0.11","11.96","12","6.22","0.13","42.82","Toxic"
"c510bc1718f0f2961eaa42a23330681a","INDAIATUBA","SP","-23.086339156484097","-47.21688683643497","13","12","12251.00","4.00","13","0.23","6.96","0",NULL,"0.00",NULL,"Insufficient Data"
"43753b27d77860f1654aa72e251a7878","BARRO ALTO","BA","-11.76948844484253","-41.90185348124609","1","1","23.90","5.00","1","0.00","27.33","0",NULL,"0.00",NULL,"Insufficient Data"
"23ff42c4bf1f8f16cddb19d8b972974a","ITAU DE MINAS","MG","-20.74428836520151","-46.75138057010449","2","2","174.70","4.00","2","0.00","11.85","0",NULL,"0.00",NULL,"Insufficient Data"
"7a188843479798ca813108fa7b959286","SAO PAULO","SP","-23.60131700883481","-46.614006370029635","1","0","149.70","1.00","1","1.00",NULL,"0",NULL,NULL,NULL,"Insufficient Data"
"c6381b1321d7d97717a5bb4ed5b77882","SAO PAULO","SP","-23.60131700883481","-46.614006370029635","2","2","66.00","3.00","2","0.50","4.81","0",NULL,"0.00",NULL,"Insufficient Data"
"de722cd6dad950a92b7d4f82673f8833","RECIFE","PE","-8.135890720198345","-34.93253582376317","339","337","55426.10","4.29","337","0.08","12.68","15","6.93","0.04","69.96","Good"
"c64a2aec32cc408a8a4c6d7c46017f91","IMBE","RS","-29.94982349670394","-50.11914007834461","9","9","3221.50","3.89","9","0.11","21.51","0",NULL,"0.00",NULL,"Insufficient Data"
"e72b4feb7abe210c52aa667abc25a3a2","SAO PAULO","SP","-23.56818767624104","-46.59475374901046","1","1","38.20","5.00","1","0.00","4.15","0",NULL,"0.00",NULL,"Insufficient Data"
"056b4ada5bbc2c50cc7842547dda6b51","QUEIMADOS","RJ","-22.737014861000535","-43.563618736776355","65","64","12333.39","4.17","64","0.13","12.78","7","22.87","0.11","42.23","Toxic"
"2a84855fd20af891be03bc5924d2b453","BELO HORIZONTE","MG","-19.917826028188397","-43.94241794197539","164","155","15819.10","4.25","162","0.09","8.58","5","20.50","0.03","72.51","Good"
"52ac6f920b7280e4c6d30dd94de6259b","PINHAIS","PR","-25.446809987466867","-49.17697276075929","6","6","5657.30","3.67","6","0.17","12.98","0",NULL,"0.00",NULL,"Insufficient Data"
"a1474fd46fd3430168f7ec202da39408","PINHAIS","PR","-25.446809987466867","-49.17697276075929","12","12","2752.50","4.33","12","0.08","17.98","2","5.78","0.17",NULL,"Insufficient Data"
"fedaedd3ca31d56ab33e92035e4b361c","NITEROI","RJ","-22.9110328213164","-43.06742681237905","1","1","39.90","4.00","1","0.00","8.62","0",NULL,"0.00",NULL,"Insufficient Data"
"d9e7e7778b32987280a6f2cb9a39c57d","SAO PAULO","SP","-23.545147862770502","-46.57813032122694","11","11","722.50","3.55","11","0.27","18.47","4","3.29","0.36",NULL,"Insufficient Data"
"5bc237df65098fe211bb4818f4d26d78","UBERLANDIA","MG","-18.95417487194424","-48.23791059400363","2","2","126.80","4.50","2","0.00","12.48","0",NULL,"0.00",NULL,"Insufficient Data"
"984c273121e743dd14767befe6cb17f5","AMERICANA","SP","-22.705059493303747","-47.29428475108319","1","1","259.60","1.00","1","1.00","33.85","1","3.69","1.00",NULL,"Insufficient Data"
"dfc475d54e1b6dbeeb7d7d9bdaa63827","CURITIBA","PR","-25.540551776875077","-49.33432433759196","19","18","1793.76","4.32","19","0.11","13.04","1","0.78","0.06",NULL,"Insufficient Data"
"ac9b01377919cdbd2a1bbb8d5837c70b","MOGI DAS CRUZES","SP","-23.513611625675388","-46.18967506489791","1","1","55.90","3.00","1","0.00","9.80","0",NULL,"0.00",NULL,"Insufficient Data"
"0dd184061fb0eaa7ca37932c68ab91c5","GUARULHOS","SP","-23.493718851420663","-46.54618856351203","161","161","18446.92","4.03","160","0.11","11.83","19","12.45","0.12","41.14","Toxic"
"4c2b230173bb36f9b240f2b8ac11786e","SAO PAULO","SP","-23.58493741850381","-46.498673241857716","261","258","14592.27","3.97","257","0.15","12.87","26","8.96","0.10","34.52","Toxic"
"8132b9bd16876e1b0f8808d43825dd48","FLORIANOPOLIS","SC","-27.44289540778331","-48.401481106876396","2","1","727.90","3.00","2","0.50","16.81","0",NULL,"0.00",NULL,"Insufficient Data"
"4da0e408c99d2fdc2126dc9fce518060","CORNELIO PROCOPIO","PR","-23.181161077296657","-50.64960783251921","44","44","3026.00","4.41","44","0.05","9.28","0",NULL,"0.00","81.04","Excellent"
"6cf476a4ca74498db55cbccdaa9dcfb6","SAO PAULO","SP","-23.45706943828794","-46.68240622317646","6","5","939.93","3.00","6","0.33","34.34","2","4.51","0.40",NULL,"Insufficient Data"
"e62b2d6ac10570a035a30bafcf01d263","SAO PAULO","SP","-23.63211434833531","-46.76077037734812","62","62","5340.39","3.97","59","0.08","14.07","8","10.08","0.13","36.66","Toxic"
"7caa63f175b1cecbfaadd8b5ab9998c7","SAO PAULO","SP","-23.493303022058086","-46.680637716080824","2","1","39.80","2.00","2","0.50","2.15","0",NULL,"0.00",NULL,"Insufficient Data"
"972d0f9cf61b499a4812cf0bfa3ad3c4","BRUSQUE","SC","-27.14779223406619","-48.95791797799666","83","81","8089.29","3.03","79","0.33","18.19","9","9.57","0.11","13.54","Toxic"
"609e1a9a6c2539919b8205cf7c4e6ff0","BRUSQUE","SC","-27.14779223406619","-48.95791797799666","87","87","6595.23","3.81","85","0.16","10.21","2","10.41","0.02","43.40","Toxic"
"c33847515fa6305ce6feb1e818569f13","BRUSQUE","SC","-27.14779223406619","-48.95791797799666","114","114","15519.85","3.85","114","0.14","9.29","5","6.47","0.04","47.74","Toxic"
"70125af26c2d6d4ef401a1d02ae7701f","GOIANIA","GO","-16.665165674291455","-49.30168105114982","5","5","371.20","4.60","5","0.00","10.58","2","0.81","0.40",NULL,"Insufficient Data"
"d12c926d74ceff0a90a21184466ce161","SAO PAULO","SP","-23.45763338134832","-46.65040414879299","78","76","3944.18","4.32","78","0.06","8.72","1","4.73","0.01","76.06","Good"
"13c2ed7698b3ca92dad49e849219da59","PONTA GROSSA","PR","-25.094349162546603","-50.16088307377577","8","8","498.61","4.38","8","0.13","10.89","0",NULL,"0.00",NULL,"Insufficient Data"
"a90a5da8b09e44264a177c0374a5ac87","PONTA GROSSA","PR","-25.094349162546603","-50.16088307377577","3","3","74.70","4.33","3","0.00","9.38","0",NULL,"0.00",NULL,"Insufficient Data"
"eddd1991bd6d9309995a480c39b95137","PONTA GROSSA","PR","-25.094349162546603","-50.16088307377577","3","2","866.00","2.67","3","0.33","14.76","0",NULL,"0.00",NULL,"Insufficient Data"
"2039c5e51785b5dde7cf93ccb3b7be2c","GUAIRA","SP","-20.324990123571908","-48.32013128878084","1","1","159.90","5.00","1","0.00","8.27","0",NULL,"0.00",NULL,"Insufficient Data"
"eebb3372362aa9a46975164bed19a7e7","SAO PAULO","SP","-23.60763420398526","-46.697251575548705","7","4","591.92","2.50","6","0.50","52.58","2","62.53","0.50",NULL,"Insufficient Data"
"a2b5b6105ea5942300631d2e76f4ffe0","OSASCO","SP","-23.51444547339853","-46.76816095053012","16","16","3286.69","4.75","16","0.00","8.47","2","1.29","0.13",NULL,"Insufficient Data"
"651fe66032c9520ee5587f694908040d","ALVORADA","RS","-30.006489300919625","-51.07951429592406","7","7","464.00","4.00","7","0.14","6.70","0",NULL,"0.00",NULL,"Insufficient Data"
"4736e9d642ef4257cd7622516931eb51","PIRACICABA","SP","-22.749481886689026","-47.64546148891777","16","16","1078.87","4.13","16","0.06","4.80","0",NULL,"0.00",NULL,"Insufficient Data"
"47efca563408aae19bb7206c2d969ea9","TERESINA","PI","-5.12360945433745","-42.76834387096315","12","11","2522.00","4.08","12","0.17","13.79","0",NULL,"0.00",NULL,"Insufficient Data"
"66d5ae34537110d3affc56174dad2b2f","SAO JOSE DO RIO PRETO","SP","-20.830406393224532","-49.338938718869734","1","0","33.81","1.00","1","1.00",NULL,"0",NULL,NULL,NULL,"Insufficient Data"
"56db5c0782e8f7ddc9343f9576ff6d16","PALHOCA","SC","-27.646892846781903","-48.680545044873234","2","2","734.80","3.00","2","0.50","9.92","0",NULL,"0.00",NULL,"Insufficient Data"
"5795aebfe331fbcd02a2c4b679fb7952","PALHOCA","SC","-27.646892846781903","-48.680545044873234","6","6","1280.00","3.83","6","0.17","12.20","0",NULL,"0.00",NULL,"Insufficient Data"
"15aec03fe4cf30dfa574cf550f5ff5ff","RIO DE JANEIRO","RJ","-22.864698795351657","-43.46636013974529","1","0","28.90","1.00","1","1.00",NULL,"0",NULL,NULL,NULL,"Insufficient Data"
"1bb3812d5f0747a3ab7348f199001a10","SAO PAULO","SP","-23.62940761634312","-46.69212962368637","9","9","834.40","4.89","9","0.00","12.76","0",NULL,"0.00",NULL,"Insufficient Data"
"a1ed30492b3b798bc121845bc4aa7366","SAO PAULO","SP","-23.62940761634312","-46.69212962368637","1","0","41.80","3.00","1","0.00",NULL,"0",NULL,NULL,NULL,"Insufficient Data"
"134285d1f41da5c13a756ee8142c8a4e","SAO PAULO","SP","-23.505830147086822","-46.655628231799355","3","3","1572.70","3.33","3","0.33","8.02","0",NULL,"0.00",NULL,"Insufficient Data"
"c4f7fee5b0db50e87766f5a4d1b1b758","SOROCABA","SP","-23.47241456704583","-47.43366922630425","8","5","11961.83","2.88","8","0.50","11.53","0",NULL,"0.00",NULL,"Insufficient Data"
"1996942dc085d7773ba77a529b163cd0","PRADOPOLIS","SP","-21.35993680296325","-48.073912984829924","10","9","2943.51","3.90","10","0.20","11.79","0",NULL,"0.00",NULL,"Insufficient Data"
"b33e7c55446eabf8fe1a42d037ac7d6d","PRADOPOLIS","SP","-21.35993680296325","-48.073912984829924","152","149","44985.17","4.16","152","0.10","16.28","19","9.31","0.13","43.38","Toxic"
"013900e863eace745d3ec7614cab5b1a","CURITIBA","PR","-25.441786531480886","-49.31107601536509","23","23","1619.70","4.70","23","0.00","12.19","0",NULL,"0.00","85.15","Excellent"
"9e9b539eb2806acee3f5c28085c1db9f","CONTAGEM","MG","-19.941628099202298","-44.04185858702219","3","3","967.00","3.67","3","0.33","24.79","1","13.76","0.33",NULL,"Insufficient Data"
"c6218512d16fcac0af02fe92691cf274","CONTAGEM","MG","-19.941628099202298","-44.04185858702219","8","8","674.00","4.06","8","0.13","14.87","1","0.48","0.13",NULL,"Insufficient Data"
"217f005bb37ff3aeef5b2ae1788e75ba","OSASCO","SP","-23.565530297621947","-46.77836723266997","3","2","74.97","3.33","3","0.33","14.45","0",NULL,"0.00",NULL,"Insufficient Data"
"e83c76265fc54bf41eac728805e4da77","ARACATUBA","SP","-21.193288718426633","-50.45279406867943","8","8","237.30","3.63","8","0.00","32.60","1","159.61","0.13",NULL,"Insufficient Data"
"4677a5437afda5fa7140b927b07be1cc","JAPIRA","PR","-23.811996542515296","-50.14014250820878","11","11","3415.70","4.36","11","0.00","12.51","1","1.61","0.09",NULL,"Insufficient Data"
"382229d1e840115ffe3dbf5ff460e417","RIO DE JANEIRO","RJ","-22.870856012007142","-43.54384874896293","46","45","4096.96","4.22","46","0.09","9.30","5","3.14","0.11","51.31","Toxic"
"bb135baca94c82fcb731335ad5b04a03","SAO PAULO","SP","-23.645347857953944","-46.66896311863845","18","18","1049.80","3.06","18","0.39","9.28","0",NULL,"0.00",NULL,"Insufficient Data"
"53b0300ca793f9834cd69c0678d35ee8","INDAIATUBA","SP","-23.092115290171794","-47.20086129070291","5","5","1662.15","5.00","5","0.00","5.94","0",NULL,"0.00",NULL,"Insufficient Data"
"c3cfdc648177fdbbbb35635a37472c53","CURITIBA","PR","-25.46995508695772","-49.28982106037588","278","278","43048.18","4.47","277","0.06","9.73","7","2.41","0.03","84.68","Excellent"
"c35672b10ad50968f567ea3f4b91e877","MESQUITA","RJ","-22.78170709631038","-43.42552236371597","18","18","1150.57","4.50","18","0.00","11.61","1","5.79","0.06",NULL,"Insufficient Data"
"a21c11ec5c3f03e7cc9f9203bff9e1c6","SANTANA DE PARNAIBA","SP","-23.461573403635924","-46.91529507169107","3","3","385.00","3.67","3","0.33","9.54","0",NULL,"0.00",NULL,"Insufficient Data"
"5d9dc90a686a8fddacffab6bab5653a3","SANTANA DE PARNAIBA","SP","-23.461573403635924","-46.91529507169107","12","12","3761.94","4.17","12","0.08","8.63","1","2.94","0.08",NULL,"Insufficient Data"
"32e5635e63cb374eb63afdd242fb6134","RIO DE JANEIRO","RJ","-22.97841522971717","-43.23772919271784","1","1","910.00","5.00","1","0.00","7.31","0",NULL,"0.00",NULL,"Insufficient Data"
"4b39558c138930b9e5489c93b6df5fe3","ARACAJU","SE","-10.913110813044037","-37.0617440450815","4","4","1096.70","4.50","4","0.00","12.83","0",NULL,"0.00",NULL,"Insufficient Data"
"e09887ca8c7bf8a4621ce481820414ef","SAO PAULO","SP","-23.53339341928376","-46.41751608018297","3","2","119.96","2.33","3","0.67","57.88","1","91.75","0.50",NULL,"Insufficient Data"
"d9bd94811c3338dceb4181f3dbc0c73e","SAO PAULO","SP","-23.647056564925034","-46.5944418683725","54","54","6911.02","4.80","54","0.02","8.04","6","10.65","0.11","74.81","Good"
"b18871c324516afa228a13e8f1ef0ae9","SAO PAULO","SP","-23.647056564925034","-46.5944418683725","9","9","1064.60","3.44","9","0.22","8.93","1","2.79","0.11",NULL,"Insufficient Data"
"9c690ceacd5c66731bf443ea810195cb","CAMANDUCAIA","MG","-22.755499744142995","-46.14001332890425","10","10","871.80","4.30","10","0.10","7.59","0",NULL,"0.00",NULL,"Insufficient Data"
"f9eda05b67bef472deaddbba84aca289","ORLEANS","SC","-28.357506793762717","-49.28867359716509","1","0","185.00","1.00","1","1.00",NULL,"0",NULL,NULL,NULL,"Insufficient Data"
"83deb69e889cf80f82be1dc6d5f2d486","FLORIANOPOLIS","SC","-27.419842387718514","-48.426466395426715","40","40","5363.01","4.33","40","0.05","15.95","2","4.23","0.05","65.68","Good"
"bb7ad8a45c027be8ab075b8e465f8ca0","FLORIANOPOLIS","SC","-27.419842387718514","-48.426466395426715","2","2","19.98","5.00","2","0.00","5.67","0",NULL,"0.00",NULL,"Insufficient Data"
"a5dd1946fb63ada8bcaa0c9cd8f11e22","CARUARU","PE","-8.285687286216563","-35.966465993202384","6","6","219.62","3.83","6","0.17","16.94","0",NULL,"0.00",NULL,"Insufficient Data"
"5a8e7d5003a1f221f9e1d6e411de7c23","CAMPINAS","SP","-22.88170855771708","-47.05046426694718","139","137","11171.90","4.14","138","0.10","10.21","8","2.14","0.06","56.45","Watchlist"
"c092292535a57dacd95a8765f5518f87","PARACAMBI","RJ","-22.61483382699214","-43.70568337574858","1","1","125.00","5.00","1","0.00","8.10","0",NULL,"0.00",NULL,"Insufficient Data"
"7586919161935337bf6b6d7ff5779648","RIO DE JANEIRO","RJ","-22.8083044291334","-43.18564856697718","11","11","1664.71","3.82","11","0.27","17.50","2","31.16","0.18",NULL,"Insufficient Data"
"8daab2245ebdc277c51098d01c5ad8ef","SAO PAULO","SP","-23.553842470028965","-46.41230835575104","16","16","1604.59","4.63","16","0.00","10.03","1","0.96","0.06",NULL,"Insufficient Data"
"04fdea0c111866e6cf812f1570d6b5bd","SAO PAULO","SP","-23.553842470028965","-46.41230835575104","10","8","1055.00","3.20","10","0.20","18.00","1","8.73","0.13",NULL,"Insufficient Data"
"e9e446d01bd10a97a8ffcfc4a3a20cb2","SAO PAULO","SP","-23.467505149821427","-46.577296212716455","4","3","60.05","3.50","4","0.25","5.31","0",NULL,"0.00",NULL,"Insufficient Data"
"a45765f8afb1e594b22bf9e974b46765","SAO PAULO","SP","-23.475647989606813","-46.6243233037533","1","1","79.99","4.00","1","0.00","4.98","0",NULL,"0.00",NULL,"Insufficient Data"
"85cc55e048b6bcc90c75afe7f0e72f72","BARRA MANSA","RJ","-22.544732957119646","-44.17640591869786","9","9","308.28","4.44","9","0.11","13.15","2","12.33","0.22",NULL,"Insufficient Data"
"2e7ea2aafec5835e781b21d6d1faf1f1","SAO PAULO","SP","-23.452793107256145","-46.7089859418123","7","7","528.40","4.50","6","0.00","7.16","1","1.80","0.14",NULL,"Insufficient Data"
"e5c84227854980f1db19a58958c551d9","FAZENDA RIO GRANDE","PR","-25.65991043136727","-49.299582691720765","4","4","72.81","4.75","4","0.00","10.19","0",NULL,"0.00",NULL,"Insufficient Data"
"4ce8b55b4bfa4659184e7becc1fba3f2","FAZENDA RIO GRANDE","PR","-25.65991043136727","-49.299582691720765","2","2","199.00","3.00","2","0.50","12.42","0",NULL,"0.00",NULL,"Insufficient Data"
"272f092de69afedd4d2969440b37f18f","SAO PAULO","SP","-23.594940355849836","-46.54115925090763","26","25","1935.33","3.82","25","0.20","10.17","0",NULL,"0.00","39.81","Toxic"
"b76f4d90e85657a240495c876313adc5","HORTOLANDIA","SP","-22.89279160564972","-47.173849499786435","1","1","299.00","5.00","1","0.00","2.66","0",NULL,"0.00",NULL,"Insufficient Data"
"58f1a6197ed863543e0136bdedb3fce2","CONSELHEIRO LAFAIETE","MG","-20.659212123529407","-43.80692696277706","44","42","6833.00","4.18","44","0.11","10.30","1","12.55","0.02","62.60","Watchlist"
"bb5bd94c8f59cc050072d2930c869cac","SAO PAULO","SP","-23.534573403492395","-46.67510958990065","16","16","2543.87","4.19","16","0.06","14.67","1","0.80","0.06",NULL,"Insufficient Data"
"9599519be538b98748162a2b48248960","SAO PAULO","SP","-23.534573403492395","-46.67510958990065","1","1","570.00","1.00","1","1.00","22.62","0",NULL,"0.00",NULL,"Insufficient Data"
"0bf0150d5b9d60d9cd2906003332f085","SAO PAULO","SP","-23.582993961723396","-46.62112676164033","39","39","5774.60","3.79","38","0.18","14.15","8","11.35","0.21","14.86","Toxic"
"32f83ffe11cd40f7adcf4eef171f52d9","URUGUAIANA","RS","-29.762249215384365","-57.07895237377016","1","1","29.99","5.00","1","0.00","10.57","0",NULL,"0.00",NULL,"Insufficient Data"
"55c96925041a14097b6a7825554f4ad5","SAO PAULO","SP","-23.51196609358015","-46.58386437718145","6","5","294.80","4.00","6","0.17","11.17","2","1.01","0.40",NULL,"Insufficient Data"
"dee656f0f566ed1aa85bd137c943f08f","CRUZEIRO","SP","-22.578126240918916","-44.96154905740905","93","92","6271.98","4.37","92","0.07","12.60","5","12.64","0.05","67.72","Good"
"c0f3eea2e14555b6faeea3dd58c1b1c3","SAO PAULO","SP","-23.65724198521614","-46.61283083959365","1","1","79.99","5.00","1","0.00","5.67","0",NULL,"0.00",NULL,"Insufficient Data"
"c31eff8334d6b3047ed34bebd4d62c36","SALTO","SP","-23.192903749104516","-47.27530969607762","122","120","13191.50","3.85","121","0.12","12.67","17","3.05","0.14","30.57","Toxic"
"3492e68f37fd1df87f4f2f2ea247f445","SALTO","SP","-23.192903749104516","-47.27530969607762","8","8","787.86","3.88","8","0.13","9.32","1","0.58","0.13",NULL,"Insufficient Data"
"5b581417df4480f632484ba681e53944","FLORIANOPOLIS","SC","-27.518376381111747","-48.5162770076532","12","11","1790.60","3.50","12","0.17","18.41","3","6.72","0.27",NULL,"Insufficient Data"
"ff1e15b778c700abdd4d239b81ac466d","CURITIBA","PR","-25.482206654666104","-49.35242676352491","7","7","414.30","4.57","7","0.00","7.55","0",NULL,"0.00",NULL,"Insufficient Data"
"0417b067eeab773d2f7061a726dc477f","SAO BENTO DO SUL","SC","-26.23219397821858","-49.411882265954304","13","13","1859.18","3.92","13","0.23","17.56","4","9.19","0.31",NULL,"Insufficient Data"
"ac1ed5fc15901fbc92920361eb4ab350","SAO PAULO","SP","-23.55365998588404","-46.57228291110506","1","0","110.25","1.00","1","1.00",NULL,"0",NULL,NULL,NULL,"Insufficient Data"
"4992e76a42cb3aad7a7047e0d3d7e729","SAO PAULO","SP","-23.55365998588404","-46.57228291110506","57","56","2211.10","3.91","57","0.18","7.71","4","3.45","0.07","33.90","Toxic"
"6a8b085f816a1f75f92dbac6eb545f8f","BEBEDOURO","SP","-20.92459950848743","-48.49059077246631","127","125","6018.97","4.12","127","0.09","14.69","12","21.58","0.10","43.44","Toxic"
"f181738b150df1f37cb0bd72e705b193","CARAPICUIBA","SP","-23.526306422402712","-46.84569408911502","36","36","5529.70","4.47","36","0.03","9.32","4","9.47","0.11","68.97","Good"
"abcd2cb37d46c2c8fb1bf071c859fc5b","CUIABA","MT","-15.602881623512898","-56.10286061701278","45","44","4880.22","4.24","45","0.04","13.89","2","9.70","0.05","64.94","Watchlist"
"116ccb1a1604bc88e4d234a8c23f33de","SAO BERNARDO DO CAMPO","SP","-23.725231104378498","-46.582035021221365","61","61","2004.89","4.64","61","0.03","9.05","4","1.24","0.07","75.01","Good"
"a8739afb32aaa45e01815ca76f76f54b","SAO BERNARDO DO CAMPO","SP","-23.725231104378498","-46.582035021221365","13","13","298.83","3.77","13","0.15","9.57","1","0.69","0.08",NULL,"Insufficient Data"
"0885aaf116795758dfeb5f1032487bcd","FERRAZ DE VASCONCELOS","SP","-23.52039186756291","-46.37405086923973","28","27","2648.00","4.21","28","0.04","5.99","1","0.93","0.04","70.63","Good"
"0887a9f087bcd5d9f6642b52f897fc6c","CANANEIA","SP","-25.009292746688907","-47.931957103614316","12","12","1642.00","4.42","12","0.00","14.24","1","7.76","0.08",NULL,"Insufficient Data"
"fadb07c842a2aef5d5a676b85f220e71","SAO JOSE DO RIO PRETO","SP","-20.76217138040462","-49.364295130044944","7","7","398.75","4.71","7","0.00","6.43","0",NULL,"0.00",NULL,"Insufficient Data"
"eae9af4811c294c56795d70e715b7337","SAO PAULO","SP","-23.53843267191838","-46.586993819209084","1","1","15.90","5.00","1","0.00","2.84","0",NULL,"0.00",NULL,"Insufficient Data"
"65c255b299faf2d12050937cc219c46c","SAO PAULO","SP","-23.53843267191838","-46.586993819209084","2","2","88.20","4.50","2","0.00","7.09","0",NULL,"0.00",NULL,"Insufficient Data"
"acb6c2ca5c82411c1fdb88d5fd5eb95e","SAO PAULO","SP","-23.551038737265085","-46.5414857419749","10","10","413.88","3.90","10","0.10","10.17","0",NULL,"0.00",NULL,"Insufficient Data"
"bc8c8d665ec4664d286be0d521722b19","SAO PAULO","SP","-23.73159518384113","-46.66661691155489","1","1","22.50","2.00","1","0.00","8.03","1","4.66","1.00",NULL,"Insufficient Data"
"406822777a0b9eb5c50e442dd4cd3ec5","LARANJAL PAULISTA","SP","-23.04955173261454","-47.837621311312645","45","44","3648.08","4.30","44","0.07","13.39","6","7.59","0.14","48.20","Toxic"
"7aa4334be125fcdd2ba64b3180029f14","LARANJAL PAULISTA","SP","-23.04955173261454","-47.837621311312645","217","214","16234.81","4.10","215","0.12","16.00","29","9.04","0.14","35.65","Toxic"
"8fec2e460530482132c436cfb5439925","LARANJAL PAULISTA","SP","-23.04955173261454","-47.837621311312645","3","3","468.46","4.33","3","0.00","21.86","1","22.83","0.33",NULL,"Insufficient Data"
"af7cdac9d9897cddead9c6b08976c642","LARANJAL PAULISTA","SP","-23.04955173261454","-47.837621311312645","6","6","543.54","3.67","6","0.17","15.23","1","15.77","0.17",NULL,"Insufficient Data"
"8936ba0de1073ee888cb3185ae5dc661","SAO PAULO","SP","-23.570556985026897","-46.55585347909131","1","1","389.99","5.00","1","0.00","13.19","0",NULL,"0.00",NULL,"Insufficient Data"
"516e7738bd8f735ac19a010ee5450d8d","RIO DE JANEIRO","RJ","-22.93729797325281","-43.1768896129764","76","74","6643.09","4.57","76","0.04","8.83","4","3.10","0.05","81.49","Excellent"
"4eb61f060e7dcc1d5a80d806c35cc541","SAO PAULO","SP","-23.61220808997537","-46.75359473376875","8","8","1313.00","3.88","8","0.13","6.20","0",NULL,"0.00",NULL,"Insufficient Data"
"aa17b35ce4de7b565be3249ba838944f","JUNDIAI","SP","-23.157994972014627","-46.91819985268584","2","2","79.80","4.50","2","0.00","16.37","0",NULL,"0.00",NULL,"Insufficient Data"
"534a01cc6df1e034e05c32028a291fa2","JUNDIAI","SP","-23.157994972014627","-46.91819985268584","5","5","235.59","4.40","5","0.00","10.69","0",NULL,"0.00",NULL,"Insufficient Data"
"30a2f535bb48308f991d0b9ad4a8c4bb","SANTA BARBARA D'OESTE","SP","-22.767878146744998","-47.385500811269935","71","71","4731.30","4.28","71","0.11","8.21","2","7.07","0.03","65.72","Good"
"75a4764c108403a7a0575140cb22287c","CAXIAS DO SUL","RS","-29.173299048379477","-51.15178971474723","5","5","716.90","4.60","5","0.00","11.55","0",NULL,"0.00",NULL,"Insufficient Data"
"ce3ad9de960102d0677a81f5d0bb7b2d","RIO DE JANEIRO","RJ","-22.909572437655484","-43.177703112986876","1","1","158.00","5.00","1","0.00","4.04","0",NULL,"0.00",NULL,"Insufficient Data"
"1d2732ef8321502ee8488e8bed1ab8cd","RIO DE JANEIRO","RJ","-22.909572437655484","-43.177703112986876","4","4","1148.00","3.00","4","0.25","12.18","1","7.96","0.25",NULL,"Insufficient Data"
"2063dd1b9f568df1c16741ea7d3e6adb","GUARAPUAVA","PR","-25.38230981687025","-51.45456651508261","3","3","763.10","5.00","3","0.00","12.65","0",NULL,"0.00",NULL,"Insufficient Data"
"d6b1ce66b035a475f00c017792ff9769","SALTO","SP","-23.179531489945603","-47.313383836660456","92","92","12277.40","4.28","90","0.06","10.21","6","8.29","0.07","67.27","Good"
"822166ed1e47908f7cfb49946d03c726","TRES RIOS","RJ","-22.117081691207215","-43.211924511561755","69","69","3714.83","3.99","68","0.16","12.81","1","10.81","0.01","43.18","Toxic"
"76de363de16dacc923eec8daf91df504","XAXIM","SC","-26.959436655053846","-52.531715111772016","2","2","360.00","2.50","2","0.50","13.32","0",NULL,"0.00",NULL,"Insufficient Data"
"bbad7e518d7af88a0897397ffdca1979","SAO PAULO","SP","-23.553717206079803","-46.62949909730413","69","68","4462.22","3.16","68","0.34","13.46","11","7.89","0.16","9.85","Toxic"
"3a4127e1ba7208ea37044c5092aae170","SAO PAULO","SP","-23.552256684207837","-46.53486170808572","6","5","2219.60","3.50","6","0.33","11.78","0",NULL,"0.00",NULL,"Insufficient Data"
"34a557286ead8fe75c989e0afcf7d98c","FRANCA","SP","-20.53661375955688","-47.433583875541835","4","4","414.90","4.75","4","0.00","8.27","0",NULL,"0.00",NULL,"Insufficient Data"
"a435b009cd956ea60748b5cfbddf2e24","FRANCA","SP","-20.53661375955688","-47.433583875541835","3","3","361.18","4.33","3","0.00","30.41","2","11.05","0.67",NULL,"Insufficient Data"
"048c2757535328e0d7dac690ad3c0aae","FRANCA","SP","-20.53661375955688","-47.433583875541835","51","50","9264.78","4.18","50","0.10","18.52","7","10.84","0.14","40.02","Toxic"
"4cf490a58259286ada5ba8525ba9e84a","TABATINGA","SP","-21.737063142421782","-48.687600901117015","8","7","1254.20","3.13","8","0.38","24.77","0",NULL,"0.00",NULL,"Insufficient Data"
"55c26bcb609f480eb7868594245febb5","TABATINGA","SP","-21.737063142421782","-48.687600901117015","6","6","664.40","4.00","6","0.17","9.70","0",NULL,"0.00",NULL,"Insufficient Data"
"977f9f63dd360c2a32ece2f93ad6d306","TABATINGA","SP","-21.737063142421782","-48.687600901117015","24","23","2858.87","3.75","24","0.21","12.80","3","5.01","0.13","15.25","Toxic"
"fcb5ace8bcc92f75707dc0f01a27d269","GUARULHOS","SP","-23.5038966586834","-46.55452415041196","62","59","8318.63","3.85","61","0.13","10.60","2","18.70","0.03","47.70","Toxic"
"2c9005d8043aff18b8557ffb7b13cda4","CACHOEIRO DE ITAPEMIRIM","ES","-20.858649521163905","-41.11688197001607","1","1","109.90","5.00","1","0.00","7.85","0",NULL,"0.00",NULL,"Insufficient Data"
"8f2ce03f928b567e3d56181ae20ae952","SAO PAULO","SP","-23.49202403381399","-46.728984060453946","153","151","21712.90","4.11","152","0.12","14.38","23","8.83","0.15","36.60","Toxic"
"0b18d63d0cd1d723567903fd34a07df2","SAO PAULO","SP","-23.49202403381399","-46.728984060453946","9","9","1678.14","4.78","9","0.00","7.11","0",NULL,"0.00",NULL,"Insufficient Data"
"5996cddab893a4652a15592fb58ab8db","PRESIDENTE PRUDENTE","SP","-22.122735211776785","-51.38636933470502","1","1","810.00","5.00","1","0.00","5.08","0",NULL,"0.00",NULL,"Insufficient Data"
"75745ef7bc7d4f3ea3380f6f5303f514","BRASILIA","DF","-15.827493762553395","-47.92443250257791","3","3","228.40","5.00","3","0.00","5.70","0",NULL,"0.00",NULL,"Insufficient Data"
"427165bf50f8ca07efc7bdc2bfcf1688","AMERICANA","SP","-22.72619433455312","-47.337254625787715","5","5","1603.50","3.20","5","0.40","38.56","3","39.09","0.60",NULL,"Insufficient Data"
"baeda7047354773262ba2405f97038ba","AMERICANA","SP","-22.72619433455312","-47.337254625787715","1","1","35.00","5.00","1","0.00","23.48","0",NULL,"0.00",NULL,"Insufficient Data"
"c847e075301870dd144a116762eaff9a","UBERABA","MG","-19.760188995545462","-47.93914526044794","42","41","15348.70","4.17","41","0.10","16.93","4","46.51","0.10","46.14","Toxic"
"ef9952469137ff190bacafe117f51537","UBERABA","MG","-19.760188995545462","-47.93914526044794","5","5","1002.66","4.80","5","0.00","10.25","0",NULL,"0.00",NULL,"Insufficient Data"
"e3b4998c7a498169dc7bce44e6bb6277","SAO PAULO","SP","-23.51731044740869","-46.519781195348","3","1","6897.90","2.67","3","0.33","18.74","0",NULL,"0.00",NULL,"Insufficient Data"
"26bad72add1f86e08a776ce4ffdaf1ca","PEDREGULHO","SP","-20.248446312480414","-47.47674170415544","7","7","622.00","4.43","7","0.00","10.94","0",NULL,"0.00",NULL,"Insufficient Data"
"3a734b715d333a2588a3d54a0c9b8746","OSASCO","SP","-23.556559690754995","-46.79838841332349","18","15","2463.52","3.94","18","0.17","12.27","1","13.71","0.07",NULL,"Insufficient Data"
"25debeafbce801fdd479539350185eee","IGARACU DO TIETE","SP","-22.51618721317427","-48.56280548602923","6","5","302.84","2.67","6","0.50","14.98","0",NULL,"0.00",NULL,"Insufficient Data"
"8b11118053756a9a2932f447e11fc1b5","IGARACU DO TIETE","SP","-22.51618721317427","-48.56280548602923","1","1","79.99","3.00","1","0.00","11.91","0",NULL,"0.00",NULL,"Insufficient Data"
"6187a137b2af59dfdbad8d9f8c373c14","OSASCO","SP","-23.500049669431018","-46.77822733184515","2","2","74.80","3.00","2","0.50","13.87","0",NULL,"0.00",NULL,"Insufficient Data"
"52bb00821bcdd358a5a5a27e1f6be5a1","OSASCO","SP","-23.500049669431018","-46.77822733184515","2","2","349.80","4.50","2","0.00","16.00","0",NULL,"0.00",NULL,"Insufficient Data"
"1e26c56af8d48424e1df0140a2401f83","JAGUARIUNA","SP","-22.701125328194543","-46.98829332697691","2","2","258.90","5.00","2","0.00","5.25","0",NULL,"0.00",NULL,"Insufficient Data"
"ac6417315ae5da8f9a38ee11de6f7780","ARUJA","SP","-23.396225427258642","-46.32407559917369","8","7","788.90","3.75","8","0.25","11.47","1","4.90","0.14",NULL,"Insufficient Data"
"bd65d163ded559eb90a10cd09fec178f","SAO PAULO","SP","-23.552539943539777","-46.50149166311138","1","1","19.80","4.00","1","0.00","4.47","0",NULL,"0.00",NULL,"Insufficient Data"
"4bcec44888b30ba9001234c534716d3f","SANTO ANDRE","SP","-23.62057801188255","-46.52740978640329","5","5","146.00","4.60","5","0.00","9.16","0",NULL,"0.00",NULL,"Insufficient Data"
"b6d44737c043328708f6749c2dbe50bd","SANTO ANDRE","SP","-23.62057801188255","-46.52740978640329","62","61","5369.60","4.47","62","0.06","8.21","4","5.34","0.07","72.70","Good"
"f52c2422904463fdd7741f99045fecb6","SANTO ANDRE","SP","-23.62057801188255","-46.52740978640329","12","12","567.79","4.25","12","0.08","5.68","1","0.60","0.08",NULL,"Insufficient Data"
"40d54b51e962dbe09cabbcfd33298dee","SANTO ANDRE","SP","-23.62057801188255","-46.52740978640329","30","30","6785.56","4.00","30","0.20","7.33","0",NULL,"0.00","51.32","Toxic"
"27a56ff04b34c2ba34ce6ba4d3b9d616","CAMPINAS","SP","-22.904936752566655","-47.09708472302031","8","8","349.29","4.13","8","0.13","12.88","1","10.49","0.13",NULL,"Insufficient Data"
"343e716476e3748b069f980efbaa294e","CAMPINAS","SP","-22.904936752566655","-47.09708472302031","17","16","922.60","4.31","16","0.06","13.04","1","2.96","0.06",NULL,"Insufficient Data"
"8a40ae794fa3f9892cee24bd5af0488b","CURITIBA","PR","-25.38315509684729","-49.221476566551715","6","6","739.85","3.17","6","0.33","27.80","2","12.80","0.33",NULL,"Insufficient Data"
"3fefda3299e6dfaea3466ef346a3571a","CURITIBA","PR","-25.38315509684729","-49.221476566551715","1","1","209.00","4.00","1","0.00","6.31","0",NULL,"0.00",NULL,"Insufficient Data"
"c8143b3069f6746a77421b5ce30a450c","ABADIA DE GOIAS","GO","-16.76706286540188","-49.438089420466014","1","1","142.47","5.00","1","0.00","24.40","0",NULL,"0.00",NULL,"Insufficient Data"
"c03121937e54a93fcc1825c3098bbb6e","CURITIBA","PR","-25.434402408881812","-49.22670350471234","7","7","1043.00","5.00","7","0.00","11.16","0",NULL,"0.00",NULL,"Insufficient Data"
"c8e135e7b21ecbc36c1153a29d2f5a06","SAO PAULO","SP","-23.564247867542992","-46.664059567949934","7","7","1165.50","4.86","7","0.00","8.15","0",NULL,"0.00",NULL,"Insufficient Data"
"89f69225956f951295ca4c7fb1266553","VASSOURAS","RJ","-22.407672873089936","-43.66768976744024","11","11","1041.30","4.27","11","0.09","9.72","1","0.49","0.09",NULL,"Insufficient Data"
"6650fcccd8cd2f7e55ffa524f30c4c59","SAO PAULO","SP","-23.57310086106032","-46.41539587519139","3","2","529.70","2.67","3","0.33","8.13","0",NULL,"0.00",NULL,"Insufficient Data"
"900ba814c251a692506d7834c1218441","SALTO","SP","-23.175066042459644","-47.33865064197116","88","86","29099.69","4.19","85","0.08","12.48","12","6.66","0.14","50.61","Toxic"
"791cfcfe22fe4a771ece27f90017da92","RIBEIRAO PRETO","SP","-21.17953956854024","-47.80859764825491","2","1","596.26","1.50","2","0.50","28.21","1","5.79","1.00",NULL,"Insufficient Data"
"5eeb9c756d9780b96283e5a2ac6da334","RIBEIRAO PRETO","SP","-21.17953956854024","-47.80859764825491","9","9","2471.00","4.22","9","0.11","16.61","2","11.87","0.22",NULL,"Insufficient Data"
"38f276ca6e7cc95a6d1bb55ac9e5550f","MARILIA","SP","-22.23908954041371","-49.92502404183079","1","1","24.99","5.00","1","0.00","5.20","0",NULL,"0.00",NULL,"Insufficient Data"
"5a4236931428800e9d9cc04af0987118","SAO PAULO","SP","-23.494252239511646","-46.71388030944217","1","1","44.97","5.00","1","0.00","3.98","0",NULL,"0.00",NULL,"Insufficient Data"
"07bf9669d84d1f11be443a9dd938f698","SAO PAULO","SP","-23.6628433978514","-46.71802738661014","18","18","1776.00","3.72","18","0.22","8.36","0",NULL,"0.00",NULL,"Insufficient Data"
"78a4d36f65a019172c6154468831a69f","BAURU","SP","-22.35993449495865","-49.051324533543074","7","7","1545.50","4.29","7","0.14","15.51","1","9.08","0.14",NULL,"Insufficient Data"
"739c7d7be81f63812dea0d1b1451c651","CAMPINA GRANDE","PB","-7.219468653121623","-35.89009882278153","2","2","77.50","4.00","2","0.00","17.13","0",NULL,"0.00",NULL,"Insufficient Data"
"218d46b86c1881d022bce9c68a7d4b15","RIBEIRAO PRETO","SP","-21.11271327505402","-47.79081007447944","388","382","55093.28","4.16","386","0.11","13.90","36","12.32","0.09","48.83","Toxic"
"213b25e6f54661939f11710a6fddb871","SALTO","SP","-23.1919646264528","-47.29025803342007","155","152","15379.50","3.79","154","0.15","15.24","13","5.30","0.09","28.60","Toxic"
"03bd479e1d9484cdb14104d3023f7321","UBERLANDIA","MG","-18.89161596272861","-48.28981551637611","3","3","359.70","4.33","3","0.00","20.47","1","0.96","0.33",NULL,"Insufficient Data"
"376d67b61dce0c990155286e7ae486a4","SAO PAULO","SP","-23.703808462248496","-46.69129800985503","1","1","94.00","4.00","1","0.00","14.35","0",NULL,"0.00",NULL,"Insufficient Data"
"ce20a2ec1514c25e16f2b5b39bc818f0","SAO PAULO","SP","-23.434724295187745","-46.75144799620902","4","4","287.00","4.75","4","0.00","14.24","1","0.70","0.25",NULL,"Insufficient Data"
"8c0de775f52fe41590b376a3b7c50f68","SUMARE","SP","-22.804314962307632","-47.20596316089543","9","8","672.70","3.89","9","0.11","6.21","0",NULL,"0.00",NULL,"Insufficient Data"
"6025c79c035c3d772133b8b8238463b2","PINHAIS","PR","-25.398094931342854","-49.160376455112726","2","2","989.74","5.00","2","0.00","8.45","0",NULL,"0.00",NULL,"Insufficient Data"
"70c27847eca8195c983ed7e798c56743","RIO DE JANEIRO","RJ","-22.889979653251217","-43.228832891614715","77","77","12077.52","4.23","77","0.13","11.21","7","6.10","0.09","50.04","Toxic"
"bb5d956dece964a06c12bceb66b923ae","RIO DE JANEIRO","RJ","-22.889979653251217","-43.228832891614715","2","2","1278.36","5.00","2","0.00","10.39","0",NULL,"0.00",NULL,"Insufficient Data"
"4fae87d32467e18eb46e4a76a0a0b9ce","RONDA ALTA","RS","-27.78222223380718","-52.806500480230916","1","1","100.90","5.00","1","0.00","6.81","0",NULL,"0.00",NULL,"Insufficient Data"
"aced59e9b31ef866a94f9e7f29d8d418","SAO PAULO","SP","-23.544651733224047","-46.575712431114525","61","61","7268.50","4.43","61","0.03","9.74","5","4.25","0.08","73.27","Good"
"323ce52b5b81df2cd804b017b7f09aa7","SAO PAULO","SP","-23.544651733224047","-46.575712431114525","30","29","2554.20","4.31","29","0.07","17.06","5","11.68","0.17","43.09","Toxic"
"1099a00e0ee3a50935e6c2447ca090c5","RIO DE JANEIRO","RJ","-22.89370323658224","-43.231517621190015","3","3","849.70","3.67","3","0.00","15.04","1","3.51","0.33",NULL,"Insufficient Data"
"2b3e4a2a3ea8e01938cabda2a3e5cc79","SAO PAULO","SP","-23.63552988166383","-46.69403108090457","52","52","23629.15","4.37","52","0.08","8.78","0",NULL,"0.00","82.59","Excellent"
"c0f783394e37cd9c9d7f5f81141450fa","PIRACICABA","SP","-22.716901581653744","-47.64018826320612","6","6","249.40","3.60","5","0.20","13.17","0",NULL,"0.00",NULL,"Insufficient Data"
"be1e9e378700cecaa4ebf71433d7915c","RIBEIRAO PRETO","SP","-21.19363849120865","-47.815197857707666","2","2","119.89","3.00","2","0.50","48.18","2","24.26","1.00",NULL,"Insufficient Data"
"8501d82f68d23148b6d78bb7c4a42037","BLUMENAU","SC","-26.888954863561978","-49.10210453576229","1","0","19.70","1.00","1","1.00",NULL,"0",NULL,NULL,NULL,"Insufficient Data"
"4917cee8d902e13428c3ec4b1ca6f315","BLUMENAU","SC","-26.888954863561978","-49.10210453576229","33","31","5421.90","4.16","32","0.09","18.08","1","13.69","0.03","56.42","Watchlist"
"6bbcb8924baf70b7fe2fe2097e8cd407","BLUMENAU","SC","-26.888954863561978","-49.10210453576229","10","10","2382.50","4.50","10","0.10","12.09","0",NULL,"0.00",NULL,"Insufficient Data"
"55029529919c0123526150bd26ca8f20","CONTAGEM","MG","-19.947328457633116","-44.057828694507045","7","7","453.95","4.71","7","0.00","8.70","0",NULL,"0.00",NULL,"Insufficient Data"
"25e6ffe976bd75618accfe16cefcbd0d","SAO PAULO","SP","-23.570211693584675","-46.710839634895606","108","106","11691.61","4.41","108","0.06","10.15","6","6.16","0.06","73.33","Good"
"dbc51f5e45d654ecc16cb68e6817ecea","FRANCA","SP","-20.523653408304654","-47.36427220130871","1","1","199.99","4.00","1","0.00","17.74","0",NULL,"0.00",NULL,"Insufficient Data"
"35ef5aa32949680f627efec3c23e705c","SOMBRIO","SC","-29.10846525296457","-49.63523203121822","4","4","361.60","3.75","4","0.25","11.07","0",NULL,"0.00",NULL,"Insufficient Data"
"ccb83a794700270fde70898fe9ff368b","SOMBRIO","SC","-29.10846525296457","-49.63523203121822","12","12","11062.00","4.33","12","0.08","16.59","2","14.49","0.17",NULL,"Insufficient Data"
"1588ac4010787100dddef64568f0ae35","MARINGA","PR","-23.424138859333087","-51.89568585707489","3","3","599.97","3.00","3","0.33","19.87","0",NULL,"0.00",NULL,"Insufficient Data"
"06df0c10d34e459d9672bc77388742eb","MARINGA","PR","-23.424138859333087","-51.89568585707489","26","26","9070.00","4.35","26","0.08","10.08","3","2.13","0.12","58.60","Watchlist"
"2c3d56f92f360fb89d849b84e8f50eae","BARUERI","SP","-23.512218586332576","-46.89595803664038","8","7","465.60","3.13","8","0.38","13.62","2","3.34","0.29",NULL,"Insufficient Data"
"83a75eea11694e36e56dd0cb2240229a","AMPARO","SP","-22.710900736908847","-46.80139536275988","3","3","487.00","5.00","3","0.00","4.09","0",NULL,"0.00",NULL,"Insufficient Data"
"49067458c68f7701fd334ce326accbe0","JUIZ DE FORA","MG","-21.734493417365496","-43.348831240772526","17","17","1047.65","3.35","17","0.29","12.20","1","0.63","0.06",NULL,"Insufficient Data"
"6b243f80ed07b10f0e8aa0f21a205f3c","CURITIBA","PR","-25.5284235456941","-49.27549000055633","79","79","6260.10","4.27","79","0.09","11.16","3","14.43","0.04","64.56","Watchlist"
"f524ad65d7e0f1daab730ef2d2e86196","SOLEDADE","RS","-28.827449667113736","-52.509254888088556","1","1","578.00","1.00","1","1.00","24.90","1","3.84","1.00",NULL,"Insufficient Data"
"5f2684dab12e59f83bef73ae57724e45","SAO PAULO","SP","-23.5027230373824","-46.73872785910907","68","67","9000.87","3.81","68","0.22","10.65","4","15.41","0.06","33.29","Toxic"
"c7bb64409aa480bb7d0335faaaf3d242","JOINVILLE","SC","-26.272530923506324","-48.86153165204088","4","4","97.60","2.25","4","0.50","5.88","0",NULL,"0.00",NULL,"Insufficient Data"
"33d677f27a69b84051204ee4ae76eaca","JOINVILLE","SC","-26.272530923506324","-48.86153165204088","9","9","165.00","4.56","9","0.00","8.83","0",NULL,"0.00",NULL,"Insufficient Data"
"062c325cd6a2b87845fab56b4ec2eeae","SAO PAULO","SP","-23.518635254069064","-46.41380664707031","2","2","133.22","5.00","2","0.00","5.50","0",NULL,"0.00",NULL,"Insufficient Data"
"1e9d5a33694bddb76316fd1f54734d20","JACIARA","MT","-15.95127425196516","-54.985215952078036","2","2","318.00","4.50","2","0.00","12.26","0",NULL,"0.00",NULL,"Insufficient Data"
"f326006815956455b2859abd58fe7e39","FERNANDOPOLIS","SP","-20.29330884502038","-50.25631824612264","9","9","3147.16","4.67","9","0.00","12.90","0",NULL,"0.00",NULL,"Insufficient Data"
"6fc26fe110feebd80a433e1f012a84f9","FERNANDOPOLIS","SP","-20.29330884502038","-50.25631824612264","35","35","4150.87","3.91","34","0.15","12.88","4","7.77","0.11","26.30","Toxic"
"638cba8be1fb599bbb76fd6948351eb3","SAO JOSE DOS CAMPOS","SP","-23.20172512827404","-45.906685854440454","17","16","598.20","4.65","17","0.00","8.14","0",NULL,"0.00",NULL,"Insufficient Data"
"0fe2d9733ed841eb064503920015a8c0","OURINHOS","SP","-22.98470598279763","-49.88183480538479","3","3","389.64","4.67","3","0.00","8.67","0",NULL,"0.00",NULL,"Insufficient Data"
"9261d76c62caaf0b24677c2ceb7f8f20","PALHOCA","SC","-27.753926417441956","-48.63349416431826","6","6","968.70","3.83","6","0.00","7.90","0",NULL,"0.00",NULL,"Insufficient Data"
"f805b96fa705ba7995a221f1749dc141","MARINGA","PR","-23.422486463916393","-51.938405087888455","7","7","2744.44","4.43","7","0.00","12.98","0",NULL,"0.00",NULL,"Insufficient Data"
"4c4d546adf3c3868fe19c9ec6e9ffda9","MARINGA","PR","-23.422486463916393","-51.938405087888455","2","2","111.70","4.00","2","0.00","6.87","0",NULL,"0.00",NULL,"Insufficient Data"
"417a1e6c7321084d2a0ae0d023cfad93","IMIGRANTE","RS","-29.345230455593608","-51.76658692040368","1","1","48.90","5.00","1","0.00","6.07","0",NULL,"0.00",NULL,"Insufficient Data"
"014c0679dd340a0e338872e7ec85666a","TIMOTEO","MG","-19.54534060672351","-42.643848513674975","14","14","7058.00","3.86","14","0.14","19.76","2","6.96","0.14",NULL,"Insufficient Data"
"dd4d95ba2d15c071e6c695e2ef6ce169","CACHOEIRO DE ITAPEMIRIM","ES","-20.847164397952103","-41.15484552561151","4","4","1748.00","4.25","4","0.00","14.41","2","6.22","0.50",NULL,"Insufficient Data"
"7139dc5186aa238b006e066d8fbab2e4","AMPARO","SP","-22.70025070817845","-46.77331904709087","22","22","1712.00","4.00","21","0.19","14.81","3","15.08","0.14","18.12","Toxic"
"52831e5990d0771cb4951d6f12928167","TUPA","SP","-21.934484546249056","-50.513982294306906","1","1","65.00","3.00","1","0.00","5.11","0",NULL,"0.00",NULL,"Insufficient Data"
"f9f68daa2af419d38f745478bcb3da1a","SUMARE","SP","-22.8377393208825","-47.16973298107891","2","1","22.40","3.00","2","0.50","11.76","0",NULL,"0.00",NULL,"Insufficient Data"
"a0415d9b25ede3c4b1e477e9916ffc03","NOVA IGUACU","RJ","-22.76083893611952","-43.456651013810614","10","9","4044.10","3.90","10","0.10","8.93","0",NULL,"0.00",NULL,"Insufficient Data"
"b32be1695eb7ec5f10f72d9610a12527","CAXIAS DO SUL","RS","-29.17266948872647","-51.21072933509022","45","44","26874.00","4.07","44","0.11","12.28","2","1.50","0.05","53.90","Watchlist"
"42fa4ee7240e9b8eb4576358ec142ba7","CAXIAS DO SUL","RS","-29.17266948872647","-51.21072933509022","22","22","3845.70","4.81","21","0.00","6.92","0",NULL,"0.00","92.49","Excellent"
"b76dba6c951ab00dc4edf0a1aa88037e","SAO PAULO","SP","-23.593454949246258","-46.55235596542039","159","157","2574.78","4.18","157","0.10","10.38","5","10.58","0.03","59.43","Watchlist"
"0d4c8269e7f0401201794deef160edd6","RIBEIRAO PRETO","SP","-21.15670032727022","-47.786195230414585","3","3","792.64","3.67","3","0.33","17.42","0",NULL,"0.00",NULL,"Insufficient Data"
"325f3178fb58e2a9778334621eecdbf9","TABOAO DA SERRA","SP","-23.61117566577071","-46.78672761113588","36","36","981.70","4.44","36","0.06","6.41","0",NULL,"0.00","80.52","Excellent"
"89ad3263c0931c47f976d7c5778e60f6","SAO PAULO","SP","-23.497544650322833","-46.73894137655676","6","6","568.20","4.17","6","0.17","6.55","0",NULL,"0.00",NULL,"Insufficient Data"
"2a7dc43cecabf23403078e2188437d1d","SAO PAULO","SP","-23.611892698581805","-46.63060941656348","52","52","4795.91","4.10","52","0.10","13.14","4","5.57","0.08","45.22","Toxic"
"941554c5757b73ba0e50aa7732310afc","SAO PAULO","SP","-23.611892698581805","-46.63060941656348","3","3","107.69","4.67","3","0.00","8.12","0",NULL,"0.00",NULL,"Insufficient Data"
"7c51de0ab286204ce75ff42bf7c10d92","PICARRAS","SC","-26.76077139066045","-48.681909781747734","4","4","759.00","4.50","4","0.00","9.79","0",NULL,"0.00",NULL,"Insufficient Data"
"f7df46c1e0ec44eed5c6726478da4a17","NOVO HAMBURGO","RS","-29.694212981471747","-51.137740223385705","3","0","429.70","1.00","3","1.00",NULL,"0",NULL,NULL,NULL,"Insufficient Data"
"e38db885400cd35c71dfd162f2c1dbcf","BRASILIA","DF","-15.767955679976819","-47.891011727932764","30","30","2066.80","4.47","30","0.07","12.86","4","2.04","0.13","53.94","Watchlist"
"7299e27ed73d2ad986de7f7c77d919fa","ARAGUARI","MG","-18.652644433692654","-48.192235480006914","338","335","34725.43","4.42","338","0.05","11.30","16","8.76","0.05","78.09","Good"
"c33a5c3c983090c8b78a28e65052a20d","CRICIUMA","SC","-28.682934818240092","-49.370217581025436","9","8","629.10","4.22","9","0.11","11.57","0",NULL,"0.00",NULL,"Insufficient Data"
"b6dc74ed30f124f95227bed4e43a3bed","ARAPONGAS","PR","-23.390606579747445","-51.44664446905575","11","9","518.96","4.00","11","0.18","18.04","1","7.12","0.11",NULL,"Insufficient Data"
"e433f5fd4050e3352b5d83522b7fe24b","ARAPONGAS","PR","-23.390606579747445","-51.44664446905575","1","1","548.06","4.00","1","0.00","7.45","0",NULL,"0.00",NULL,"Insufficient Data"
"e4fc40017a6d22c46a14ac2e17f87c3e","ARAPONGAS","PR","-23.390606579747445","-51.44664446905575","3","1","387.00","2.33","3","0.67","10.29","0",NULL,"0.00",NULL,"Insufficient Data"
"8b321bb669392f5163d04c59e235e066","SAO PAULO","SP","-23.538268511790665","-46.63942263256764","943","930","17535.69","4.07","939","0.12","12.68","97","8.90","0.10","42.60","Toxic"
"bd0a1b0aadca9a83d9304f7e8ff5fbd5","SAO PAULO","SP","-23.538268511790665","-46.63942263256764","4","4","150.60","4.50","4","0.00","5.90","0",NULL,"0.00",NULL,"Insufficient Data"
"010543a62bd80aa422851e79a3bc7540","SAO PAULO","SP","-23.538268511790665","-46.63942263256764","2","2","1416.00","4.50","2","0.00","9.09","0",NULL,"0.00",NULL,"Insufficient Data"
"257e61d3251fb5efb9daadddbc2cf7ca","APUCARANA","PR","-23.540600801452676","-51.451196119209996","12","12","7729.00","4.75","12","0.00","8.10","0",NULL,"0.00",NULL,"Insufficient Data"
"376a891762bbdecbc02b4b6adec3fdda","GOIANIA","GO","-16.690437557318464","-49.32701527508711","57","57","6406.23","4.67","57","0.02","12.22","2","7.36","0.04","81.96","Excellent"
"112453736dbe3889cfb74e1aaa0ba0c1","SAO PAULO","SP","-23.547067431340075","-46.521644390616956","7","7","1890.00","4.14","7","0.00","13.34","0",NULL,"0.00",NULL,"Insufficient Data"
"cb41bfbcbda0aea354a834ab222f9a59","SAO PAULO","SP","-23.547067431340075","-46.521644390616956","12","11","4002.00","3.33","12","0.25","37.56","4","50.54","0.36",NULL,"Insufficient Data"
"1771297ac436903d1dd6b0e9279aa505","GUARULHOS","SP","-23.482841435078154","-46.54345371819319","28","28","2881.27","4.63","27","0.00","9.44","1","3.55","0.04","82.97","Excellent"
"e1643dff33666ca629e3644c02738179","SAO PAULO","SP","-23.559437636506495","-46.59142783067872","3","3","170.00","4.33","3","0.00","4.56","0",NULL,"0.00",NULL,"Insufficient Data"
"d0d70d21e2234dd7cd3cf63fe414148a","SAO BENTO","PB","-6.4917945553482905","-37.45186210632904","8","8","598.40","4.25","8","0.13","9.15","0",NULL,"0.00",NULL,"Insufficient Data"
"5bc24d989e71e93c33e50a7782431b0e","CAMPO DO MEIO","MG","-21.109499455456902","-45.829834338383606","17","17","3148.00","4.35","17","0.06","9.19","0",NULL,"0.00",NULL,"Insufficient Data"
"1703bc09972dab9782e7a9194943b69f","CAMPO DO MEIO","MG","-21.109499455456902","-45.829834338383606","1","1","249.90","5.00","1","0.00","12.13","0",NULL,"0.00",NULL,"Insufficient Data"
"e83e93b71371817b11d78a63ff156aee","BARUERI","SP","-23.494157715852857","-46.896106142778635","2","2","286.00","4.50","2","0.00","15.81","0",NULL,"0.00",NULL,"Insufficient Data"
"8f54d64f28a993550aa7943f12572959","IPATINGA","MG","-19.499290040031866","-42.547175325981804","15","15","2755.50","3.73","15","0.20","14.06","1","8.00","0.07",NULL,"Insufficient Data"
"aa1eb17b9fdf6dfd546e25c45c7b9235","SAO PAULO","SP","-23.620115819150985","-46.699787486896334","3","3","117.99","4.67","3","0.00","7.75","0",NULL,"0.00",NULL,"Insufficient Data"
"3785b653b1b82de85ab47dd139938091","AMPERE","PR","-25.919858316718646","-53.47434392960833","21","21","1552.00","4.71","21","0.00","11.93","0",NULL,"0.00","85.46","Excellent"
"26e2e5033827d2ba53929f43e03d8ffe","SAO PAULO","SP","-23.467790322895212","-46.648206260815385","1","1","139.49","5.00","1","0.00","5.27","0",NULL,"0.00",NULL,"Insufficient Data"
"79a679c36c08d606b3fd47ead9de109b","SAO PAULO","SP","-23.467790322895212","-46.648206260815385","3","3","935.00","2.00","3","0.67","11.68","1","4.59","0.33",NULL,"Insufficient Data"
"c0aff2da32c17759d30b22fb0af6649d","FLORIANOPOLIS","SC","-27.528367115974632","-48.49191371378213","4","4","188.80","3.75","4","0.00","7.76","0",NULL,"0.00",NULL,"Insufficient Data"
"cb4a705d00e100b9732d0ca34817d441","FLORIANOPOLIS","SC","-27.528367115974632","-48.49191371378213","1","1","998.00","1.00","1","1.00","24.13","0",NULL,"0.00",NULL,"Insufficient Data"
"da4d149c0ddbac90557103ac0a0ec356","SAO BERNARDO DO CAMPO","SP","-23.707693503963554","-46.58133168735308","1","0","730.00","3.00","1","0.00",NULL,"0",NULL,NULL,NULL,"Insufficient Data"
"8fd3b4468f6425810648177996c14cbd","SAO JOSE DO RIO PRETO","SP","-20.81912074784063","-49.37902791741089","1","1","354.90","5.00","1","0.00","9.97","0",NULL,"0.00",NULL,"Insufficient Data"
"ad781527c93d00d89a11eecd9dcad7c1","SAO JOSE DO RIO PRETO","SP","-20.81912074784063","-49.37902791741089","44","38","6899.57","3.07","44","0.34","25.50","12","13.31","0.32","6.15","Toxic"
"14ee35374a7876217954b5fa08e50463","SAO JOSE DO RIO PRETO","SP","-20.81912074784063","-49.37902791741089","6","6","809.00","4.33","6","0.00","17.17","1","4.83","0.17",NULL,"Insufficient Data"
"fdaaf5bfda82b7b80535610c831b8d09","SAO JOSE DO RIO PRETO","SP","-20.81912074784063","-49.37902791741089","10","10","2588.90","4.20","10","0.20","9.90","1","1.77","0.10",NULL,"Insufficient Data"
"d90fe2229fee1a5da999ccd0c06c1667","SAO PAULO","SP","-23.560981287940987","-46.549360979552965","3","3","450.00","4.67","3","0.00","9.82","0",NULL,"0.00",NULL,"Insufficient Data"
"6548c2550b6e2d8f18053216e1c7b6f3","DIADEMA","SP","-23.68166159783415","-46.623333307785835","3","3","217.70","5.00","3","0.00","6.49","0",NULL,"0.00",NULL,"Insufficient Data"
"966cb4760537b1404caedd472cc610a5","DIADEMA","SP","-23.68166159783415","-46.623333307785835","75","67","51286.05","3.85","74","0.18","10.04","2","2.05","0.03","46.75","Toxic"
"a35ef466c6fd6d052f5d241240d3c5e2","NOVO HAMBURGO","RS","-29.682879324211484","-51.165420941482694","3","3","569.90","4.67","3","0.00","11.83","0",NULL,"0.00",NULL,"Insufficient Data"
"00ee68308b45bc5e2660cd833c3f81cc","SAO PAULO","SP","-23.556190575040844","-46.569128350390784","135","135","20260.00","4.30","134","0.08","9.62","12","10.83","0.09","63.88","Watchlist"
"02dcd3e8e25bee036e32512bcf175493","CONTAGEM","MG","-19.938768933234908","-44.03834169825095","14","13","1491.90","3.86","14","0.29","17.09","4","10.16","0.31",NULL,"Insufficient Data"
"d650b663c3b5f6fb392b6326366efa9a","COTIA","SP","-23.628427408330086","-46.87058604050326","60","57","19242.90","4.20","60","0.08","9.84","4","7.66","0.07","63.16","Watchlist"
"1d0997ff06b524ce9289ffd75114ecd3","RECIFE","PE","-8.045413124545021","-34.89447935380136","3","3","3747.00","3.67","3","0.33","17.01","1","5.95","0.33",NULL,"Insufficient Data"
"c6381d2d013342748761e906d45aff76","PORTAO","RS","-29.694204375791127","-51.23318877432423","15","15","2042.98","3.87","15","0.20","16.02","0",NULL,"0.00",NULL,"Insufficient Data"
"2f4b9d112bfa44a214bc6cef085d17c8","AFONSO CLAUDIO","ES","-20.076821553002276","-41.12371138232126","5","5","293.99","4.40","5","0.00","14.78","0",NULL,"0.00",NULL,"Insufficient Data"
"54583ab379489add547fe47b628db589","SAO BERNARDO DO CAMPO","SP","-23.71957629183697","-46.5647530924867","10","10","2240.00","4.80","10","0.00","5.12","0",NULL,"0.00",NULL,"Insufficient Data"
"92d14edfb62ee5ae7fdff70b0f4e7233","SAO BERNARDO DO CAMPO","SP","-23.71957629183697","-46.5647530924867","8","8","322.00","3.38","8","0.25","8.30","0",NULL,"0.00",NULL,"Insufficient Data"
"e3dd723429d1b23614b7fa85e2c7a853","SAO BERNARDO DO CAMPO","SP","-23.71957629183697","-46.5647530924867","7","7","471.05","3.71","7","0.14","13.62","2","2.43","0.29",NULL,"Insufficient Data"
"3d2400ac620cffa23ac81bd192f7f555","SAO BERNARDO DO CAMPO","SP","-23.71957629183697","-46.5647530924867","1","1","105.00","5.00","1","0.00","7.35","0",NULL,"0.00",NULL,"Insufficient Data"
"f27e33c6d29b5138fa9967bcd445b6d5","SAO PAULO","SP","-23.607472654074435","-46.61169911578987","93","93","8888.30","4.10","93","0.11","12.07","10","6.60","0.11","42.07","Toxic"
"585175ec331ea177fa47199e39a6170a","MONTES CLAROS","MG","-16.72197610145378","-43.86291363894471","1","1","3549.00","5.00","1","0.00","7.92","0",NULL,"0.00",NULL,"Insufficient Data"
"9b1050e85becf3ae99c1cf4934c9bc5d","MONTES CLAROS","MG","-16.72197610145378","-43.86291363894471","2","0","85.14","2.50","2","0.50",NULL,"0",NULL,NULL,NULL,"Insufficient Data"
"3d49bfdd1b43a7fe169b3740067acc61","MONTES CLAROS","MG","-16.72197610145378","-43.86291363894471","3","3","215.00","4.67","3","0.00","8.76","0",NULL,"0.00",NULL,"Insufficient Data"
"011b0eaba87386a2ae96a7d32bb531d1","POMPEIA","SP","-22.103673430123628","-50.17893613850754","1","1","99.98","4.00","1","0.00","25.18","0",NULL,"0.00",NULL,"Insufficient Data"
"5dc203c7b84a0e71e878a179de05fb9a","POMPEIA","SP","-22.103673430123628","-50.17893613850754","5","5","421.90","4.00","5","0.20","8.57","0",NULL,"0.00",NULL,"Insufficient Data"
"d51e0a403fe2e689ece6c73359d96e12","POMPEIA","SP","-22.103673430123628","-50.17893613850754","19","18","7790.00","4.11","19","0.05","14.02","2","4.16","0.11",NULL,"Insufficient Data"
"8bd0f31cf0a614c658f6763bd02dea69","SAO PAULO","SP","-23.54594454397298","-46.64936937401518","33","33","4455.34","4.28","32","0.09","10.00","1","8.60","0.03","67.46","Good"
"519a7aa428f18d125a283cf8c014fdd6","RIO DO OESTE","SC","-27.196142733793458","-49.79595722328515","3","3","79.70","4.00","3","0.00","7.48","0",NULL,"0.00",NULL,"Insufficient Data"
"052577151711aec5c744fe12e66db3e1","RODEIO","SC","-26.889322403539193","-49.35056297333393","4","1","2748.00","2.25","4","0.50","14.03","0",NULL,"0.00",NULL,"Insufficient Data"
"9198786624eaeb375793215cad26cfa6","RODEIO","SC","-26.889322403539193","-49.35056297333393","9","8","908.30","3.78","9","0.00","12.97","0",NULL,"0.00",NULL,"Insufficient Data"
"a23266650e7c84bb93fbbba502137478","PORTO ALEGRE","RS","-30.02113692774558","-51.20967418441445","11","11","1512.40","3.82","11","0.18","11.29","0",NULL,"0.00",NULL,"Insufficient Data"
"679769a98cfcc6da877c8486ff1c13f3","IPATINGA","MG","-19.468786725450684","-42.56389478130511","21","21","7029.00","4.57","21","0.05","9.54","0",NULL,"0.00","87.73","Excellent"
"6bb0724edf0b62fb91ac404873a97241","COTIA","SP","-23.6094999322282","-46.932807614128635","17","17","3653.00","4.47","15","0.00","14.40","3","2.60","0.18",NULL,"Insufficient Data"
"eba88037e1dca898cd02881f67ced679","SAO PAULO","SP","-23.525957810107155","-46.52763523808949","6","6","838.10","4.33","6","0.17","11.49","1","12.93","0.17",NULL,"Insufficient Data"
"4e85b538b0dad58852641540686d0e14","SAO JOSE DOS CAMPOS","SP","-23.25659349695241","-45.92009307287211","4","4","361.98","3.75","4","0.00","17.23","2","6.25","0.50",NULL,"Insufficient Data"
"389e45560e33d2d0747f949dcddbc08e","SAO JOSE DOS CAMPOS","SP","-23.25659349695241","-45.92009307287211","1","1","39.00","5.00","1","0.00","3.95","0",NULL,"0.00",NULL,"Insufficient Data"
"90d4125885ab6c86e8820a722be71974","TABOAO DA SERRA","SP","-23.623192318731423","-46.79148699861499","3","0","1299.55","1.00","3","1.00",NULL,"0",NULL,NULL,NULL,"Insufficient Data"
"32fdd5d44ecb43dfd6a24b9369eca144","CARMO DO CAJURU","MG","-20.282776843212414","-44.831468417027196","8","8","479.20","4.38","8","0.00","16.07","0",NULL,"0.00",NULL,"Insufficient Data"
"a4fc6eadaff1576af888509a53420f6a","SAO CAETANO DO SUL","SP","-23.639014704435137","-46.55693757893049","1","1","100.86","3.00","1","0.00","28.99","0",NULL,"0.00",NULL,"Insufficient Data"
"0249d282d911d23cb8b869ab49c99f53","SAO PAULO","SP","-23.59696486626193","-46.69861843897608","11","11","393.00","4.27","11","0.00","10.26","2","6.75","0.18",NULL,"Insufficient Data"
"8cb7c5ddf41f4d506eba76e9a4702a25","ANAPOLIS","GO","-16.333203586124093","-48.93962957040374","2","1","138.00","3.00","2","0.50","16.01","0",NULL,"0.00",NULL,"Insufficient Data"
"2ea0861cc19e94cad86438c984c52da4","SAO PAULO","SP","-23.51086004925187","-46.53675954468527","6","6","165.60","3.33","6","0.17","5.25","0",NULL,"0.00",NULL,"Insufficient Data"
"4324dd16853115efb0fd9d0d131ba6f4","SAO JOSE DO RIO PARDO","SP","-21.582987429934317","-46.94775856933441","12","12","1052.25","4.08","12","0.17","13.36","1","5.77","0.08",NULL,"Insufficient Data"
"3078096983cf766a32a06257648502d1","SAO JOSE DO RIO PARDO","SP","-21.582987429934317","-46.94775856933441","59","56","8285.42","4.20","59","0.10","12.07","3","4.25","0.05","58.66","Watchlist"
"63b9ae557efed31d1f7687917d248a8d","SAO JOSE DO RIO PARDO","SP","-21.582987429934317","-46.94775856933441","5","5","139.50","4.20","5","0.20","18.66","0",NULL,"0.00",NULL,"Insufficient Data"
"e7f3bf1ecd8526eb7f3b18059e6716e5","UBATUBA","SP","-23.45292929995693","-45.09321940852845","18","17","1471.54","4.56","18","0.06","8.97","0",NULL,"0.00",NULL,"Insufficient Data"
"6c1b6d0c604b776f844125f911eb7377","SAO PAULO","SP","-23.5274302082852","-46.69602838486032","5","4","443.06","3.40","5","0.20","17.52","0",NULL,"0.00",NULL,"Insufficient Data"
"41958cbd3335433c8740300e8cd600d5","SAO PAULO","SP","-23.5274302082852","-46.69602838486032","1","1","32.99","5.00","1","0.00","4.84","0",NULL,"0.00",NULL,"Insufficient Data"
"1f7dfad2cb384ea4d2d7e1ffbd78c407","SAO PAULO","SP","-23.520724956071753","-46.665938971441705","1","1","49.00","1.00","1","1.00","6.36","0",NULL,"0.00",NULL,"Insufficient Data"
"edd066cd02126d7800f9b66e980e9931","BRASILIA","DF","-15.784913720927284","-47.893015075867154","6","6","987.70","5.00","6","0.00","11.90","1","1.89","0.17",NULL,"Insufficient Data"
"7d7866a99a8656a42c7ff6352a433410","SAO PAULO","SP","-23.557955062291967","-46.639347399325395","5","5","147.89","4.40","5","0.00","4.89","0",NULL,"0.00",NULL,"Insufficient Data"
"249f0e9905a6e06ad6c6bea7547ab9f6","RIO DE JANEIRO","RJ","-22.90399569141674","-43.25558609559153","3","3","347.95","3.67","3","0.33","6.27","0",NULL,"0.00",NULL,"Insufficient Data"
"3fadb4cba4c35bce6a7eaf9872d5623a","CAXIAS DO SUL","RS","-29.162884491621565","-51.203806450975556","3","3","209.50","3.33","3","0.33","9.26","0",NULL,"0.00",NULL,"Insufficient Data"
"82cb9f452fe8334df74b22d37824b431","CAXIAS DO SUL","RS","-29.162884491621565","-51.203806450975556","14","14","838.20","4.71","14","0.00","8.53","0",NULL,"0.00",NULL,"Insufficient Data"
"d8c7ba53e7e38711eaef8c2849d6d2e1","FLORESTA","PR","-23.61437406842571","-52.08279443392809","22","22","1190.87","4.50","22","0.00","8.11","0",NULL,"0.00","86.72","Excellent"
"701938c450705b8ae65fc923b70f35c7","SAO JOSE DO RIO PRETO","SP","-20.81895923381396","-49.37734636225723","75","74","11983.28","4.01","74","0.09","12.98","5","7.11","0.07","49.21","Toxic"
"7b7f91e98f8c6def45a1407923304402","OSASCO","SP","-23.56005588296099","-46.80446835953171","11","11","417.47","4.18","11","0.18","13.37","1","15.80","0.09",NULL,"Insufficient Data"
"04e38a233f726ef161074ab1c9b0399a","SAO PAULO","SP","-23.54309527008478","-46.63105919621764","23","19","1352.20","3.65","23","0.17","11.99","3","7.37","0.16","14.04","Toxic"
"fdf736c18c589ed030e058312203e1b2","POCOS DE CALDAS","MG","-21.79283890701778","-46.56736517999681","1","1","30.00","5.00","1","0.00","5.49","0",NULL,"0.00",NULL,"Insufficient Data"
"c8467937e403e76a8ee9f0ab13f6f5ef","POCOS DE CALDAS","MG","-21.79283890701778","-46.56736517999681","30","30","1853.79","4.07","28","0.14","16.95","4","7.09","0.13","24.94","Toxic"
"5f7300535881cef3b625fd683cf7d145","CANOAS","RS","-29.917004803844417","-51.1717653177083","10","10","665.98","4.40","10","0.10","8.81","0",NULL,"0.00",NULL,"Insufficient Data"
"634964b17796e64304cadf1ad3050fb7","RIO DE JANEIRO","RJ","-22.86836381426365","-43.46923216795061","268","265","39465.10","4.04","267","0.12","14.67","27","10.95","0.10","40.04","Toxic"
"6560211a19b47992c3666cc44a7e94c0","SAO PAULO","SP","-23.652366177840175","-46.75575337195747","1854","1819","123304.83","3.94","1838","0.13","9.63","117","7.06","0.06","49.04","Toxic"
"c273175f7c6c80fb02f051e2fc6d0d72","SAO PAULO","SP","-23.652366177840175","-46.75575337195747","14","14","1188.23","3.79","14","0.14","10.59","1","7.66","0.07",NULL,"Insufficient Data"
"70849ca4f400aaabb62cb7462a6f1428","BELO HORIZONTE","MG","-19.906712194756444","-43.9488965025817","12","12","909.58","4.42","12","0.00","10.92","2","5.77","0.17",NULL,"Insufficient Data"
"0b46f784306be7200ca1700aa55d819f","BELO HORIZONTE","MG","-19.906712194756444","-43.9488965025817","1","1","19.90","5.00","1","0.00","3.24","0",NULL,"0.00",NULL,"Insufficient Data"
"f7ba60f8c3f99e7ee4042fdef03b70c4","SAO BERNARDO DO CAMPO","SP","-23.66130475506377","-46.564296407294165","219","218","68395.00","4.21","219","0.09","13.41","34","9.52","0.16","47.89","Toxic"
"e5545d4d4473876ea78c5bcebca365c3","MARILIA","SP","-22.158801244993846","-49.96150594898235","1","1","44.50","5.00","1","0.00","5.20","0",NULL,"0.00",NULL,"Insufficient Data"
"a72f15980dc3e9bfd1a49ac9b2f3af65","MARILIA","SP","-22.158801244993846","-49.96150594898235","1","1","89.90","4.00","1","0.00","5.14","0",NULL,"0.00",NULL,"Insufficient Data"
"08d2d642cf72b622b14dde1d2f5eb2f5","MARILIA","SP","-22.158801244993846","-49.96150594898235","17","16","914.00","4.31","16","0.00","15.32","3","1.38","0.19",NULL,"Insufficient Data"
"1e8c6a4c538f286aee9573239740a4b4","ITATIBA","SP","-22.99576186030152","-46.83646157527842","5","5","359.70","3.80","5","0.00","7.41","0",NULL,"0.00",NULL,"Insufficient Data"
"78ba5933c21686d1c2f64669c8c459e7","MOGI DAS CRUZES","SP","-23.501501454838426","-46.15067015542788","2","2","191.80","4.25","2","0.00","6.53","0",NULL,"0.00",NULL,"Insufficient Data"
"34675b28b826facfde119785bf287dc1","CASCAVEL","PR","-24.96646635994288","-53.46672976531582","1","1","21.99","4.00","1","0.00","5.95","0",NULL,"0.00",NULL,"Insufficient Data"
"79ebd9a61bac3eaf882805ed4ecfa12a","CASCAVEL","PR","-24.96646635994288","-53.46672976531582","136","133","15092.79","4.04","136","0.10","15.38","8","5.55","0.06","47.97","Toxic"
"850857dfac77488c307e2b1cbd84ab5a","CASCAVEL","PR","-24.96646635994288","-53.46672976531582","1","1","1599.00","5.00","1","0.00","2.93","0",NULL,"0.00",NULL,"Insufficient Data"
"7e93a43ef30c4f03f38b393420bc753a","BARUERI","SP","-23.489687895881","-46.952915158144144","336","319","176431.87","4.21","335","0.10","11.31","18","15.53","0.06","61.46","Watchlist"
"a36ac007a4d18f865c8d32c3b2402c2d","BARUERI","SP","-23.501123941885787","-46.84970162869308","9","8","1359.78","2.56","9","0.44","9.65","0",NULL,"0.00",NULL,"Insufficient Data"
"747e73c01a4593d4cf60dcf970fd2689","VITORIA DE SANTO ANTAO","PE","-8.120502273342717","-35.29647027475308","3","3","2217.99","4.33","3","0.00","10.69","0",NULL,"0.00",NULL,"Insufficient Data"
"f021c962aaba8ef6eb527a9c2c8394d1","ITAJAI","SC","-26.911876880258824","-48.65639411001172","5","5","4398.50","4.20","5","0.20","8.17","0",NULL,"0.00",NULL,"Insufficient Data"
"0bae85eb84b9fb3bd773911e89288d54","ITAJAI","SC","-26.911876880258824","-48.65639411001172","137","136","7482.21","4.27","137","0.05","10.28","1","4.85","0.01","76.33","Good"
"52b53f7061969fe471d119b6195da864","ITAJAI","SC","-26.911876880258824","-48.65639411001172","1","1","90.00","5.00","1","0.00","3.33","0",NULL,"0.00",NULL,"Insufficient Data"
"8378eb36b6b70c5734e83ad7b8cdc3b7","ITAJAI","SC","-26.911876880258824","-48.65639411001172","7","7","1714.80","3.86","7","0.14","16.57","1","14.04","0.14",NULL,"Insufficient Data"
"02d35243ea2e497335cd0f076b45675d","NATAL","RN","-5.8402480652230375","-35.20793075034625","14","14","5794.00","2.64","14","0.43","26.17","5","8.48","0.36",NULL,"Insufficient Data"
"80146bc52c4f6af5239b23de2a20262b","TABOAO DA SERRA","SP","-23.602304204155434","-46.75599818781657","1","0","27.10","3.00","1","0.00",NULL,"0",NULL,NULL,NULL,"Insufficient Data"
"aadfe0417e61315688b6bd7043361e25","GOIANIA","GO","-16.720564633183724","-49.31057114298072","1","1","289.90","4.00","1","0.00","6.48","0",NULL,"0.00",NULL,"Insufficient Data"
"42b729f859728f5079499127a9c2ef37","SAO PAULO","SP","-23.584880745630915","-46.51558839644083","104","103","4118.86","4.47","103","0.06","7.85","8","7.90","0.08","70.31","Good"
"f918546be4bec7104d117789ba758b2b","SAO PAULO","SP","-23.606375444414645","-46.737491420750615","20","20","1483.00","3.85","20","0.20","12.36","4","7.73","0.20","13.68","Toxic"
"c1d1ebb4745cc43cb6f05e9c8a705c9a","SAO PAULO","SP","-23.496035204714566","-46.46166831807452","3","1","34.50","2.33","3","0.67","26.53","1","5.40","1.00",NULL,"Insufficient Data"
"c8771b1a10bb99bb34d3c459c5cffb53","TOCANTINS","MG","-21.172625221823203","-43.0219328222331","1","1","64.90","5.00","1","0.00","6.82","0",NULL,"0.00",NULL,"Insufficient Data"
"4bfc7a4a1cf8d4d2121c27422d9e50b5","SAO PAULO","SP","-23.560182683752867","-46.604393003942924","26","26","8124.40","4.54","26","0.04","8.02","1","8.03","0.04","84.41","Excellent"
"1d953075c2f0dd990bacf27b83b330f1","BELO HORIZONTE","MG","-19.937105985386683","-43.976310243065164","1","1","59.00","5.00","1","0.00","7.28","0",NULL,"0.00",NULL,"Insufficient Data"
"2c43fb513632d29b3b58df74816f1b06","BELO HORIZONTE","MG","-19.937105985386683","-43.976310243065164","3","3","858.00","3.67","3","0.33","4.59","0",NULL,"0.00",NULL,"Insufficient Data"
"cb162c8eef257253782d245c08d9097c","BARUERI","SP","-23.476933660260748","-46.88530037074254","1","1","34.99","5.00","1","0.00","10.64","0",NULL,"0.00",NULL,"Insufficient Data"
"751bdc4d83a466c7206cd42e8f426b03","RIBEIRAO PIRES","SP","-23.700765771223804","-46.4043333118322","54","51","6648.93","3.81","52","0.15","10.86","1","28.60","0.02","43.72","Toxic"
"9bade61a92bed55a25d2b67b9f4ed739","SAO JOSE DOS PINHAIS","PR","-25.53849934881502","-49.19950992683624","2","2","117.68","3.00","2","0.50","9.66","0",NULL,"0.00",NULL,"Insufficient Data"
"5566627eab3fe93fd6ee08798226101a","SAO JOSE DOS PINHAIS","PR","-25.53849934881502","-49.19950992683624","5","5","85.50","4.40","5","0.00","8.81","0",NULL,"0.00",NULL,"Insufficient Data"
"253f95b3a0e6983ae18aed49fbc2b845","SAO PAULO","SP","-23.610056989230387","-46.63325835278834","5","5","799.50","4.40","5","0.00","9.21","0",NULL,"0.00",NULL,"Insufficient Data"
"818d28f936e791926d33bcb6ee94ef79","SAO PAULO","SP","-23.610056989230387","-46.63325835278834","5","4","139.50","4.00","3","0.00","12.94","0",NULL,"0.00",NULL,"Insufficient Data"
"d9a84e1403de8da0c3aa531d6d108ba6","SAO PAULO","SP","-23.544852886519536","-46.4967242214979","54","53","1425.20","4.52","54","0.06","7.52","3","11.10","0.06","72.04","Good"
"08cdbae123ff67ca4e36d9d641ce0119","UBA","MG","-21.113687113557145","-42.937331269957205","4","4","3098.99","3.25","4","0.25","24.26","2","9.39","0.50",NULL,"Insufficient Data"
"35fb511489d9ee3ee27a76debce9df06","LONDRINA","PR","-23.312051474360242","-51.17969767227215","7","7","414.50","3.57","7","0.14","16.81","1","8.78","0.14",NULL,"Insufficient Data"
"fbc14c0cf93505ef89f64665ffa4a7b5","SERRANA","SP","-21.208159120071986","-47.60162092584306","18","18","12227.82","4.18","17","0.12","12.07","1","5.86","0.06",NULL,"Insufficient Data"
"bc302730ea8cf49b5c74f579febb5bbf","CAMPINAS","SP","-22.904213692481402","-47.05654899637805","11","11","2640.90","3.82","11","0.00","11.24","1","1.89","0.09",NULL,"Insufficient Data"
"1e47d8b6546eb3a77b1acddcc9406242","CAMPINAS","SP","-22.904213692481402","-47.05654899637805","1","1","149.90","1.00","1","1.00","35.49","0",NULL,"0.00",NULL,"Insufficient Data"
"c864036feaab8c1659f65ea4faebe1da","CAMPO LARGO","PR","-25.451028949732272","-49.558784926620895","58","58","10454.20","4.57","58","0.05","12.28","2","12.35","0.03","81.96","Excellent"
"b372ee768ed69e46ca8cdbd267aa7a38","SAO JOSE DO RIO PRETO","SP","-20.828952706642617","-49.330518437758904","63","63","12630.00","4.44","63","0.06","12.49","0",NULL,"0.00","82.24","Excellent"
"7ab0dd5487bab2dc835337b244f689fb","SAO JOSE DO RIO PRETO","SP","-20.828952706642617","-49.330518437758904","1","1","12.50","5.00","1","0.00","5.75","0",NULL,"0.00",NULL,"Insufficient Data"
"085f6f7e049c996695fb2074fe38d45e","TAUBATE","SP","-23.024280905181556","-45.55908211584209","6","6","305.40","4.00","6","0.17","10.57","0",NULL,"0.00",NULL,"Insufficient Data"
"9f50216bfd01913736a55a11b55ea842","TAUBATE","SP","-23.024280905181556","-45.55908211584209","17","17","1354.00","4.41","17","0.00","10.24","3","1.29","0.18",NULL,"Insufficient Data"
"4cc43a222a0f94910728b62b97a8c5f8","RIBEIRAO PRETO","SP","-21.214889830150028","-47.82160048649503","1","1","108.50","3.00","1","0.00","14.15","0",NULL,"0.00",NULL,"Insufficient Data"
"d3891911c2feae53c52fea2bd14054e5","TABOAO DA SERRA","SP","-23.613474482103847","-46.773140950018394","2","2","141.00","5.00","2","0.00","4.07","0",NULL,"0.00",NULL,"Insufficient Data"
"4e922959ae960d389249c378d1c939f5","JACAREI","SP","-23.302318252316955","-45.97188817895196","420","412","46030.37","3.95","415","0.14","14.52","44","6.57","0.11","33.25","Toxic"
"3d62f86afa7c73be2628a3be1423f5a0","JACAREI","SP","-23.302318252316955","-45.97188817895196","2","2","12.00","4.00","2","0.00","16.73","0",NULL,"0.00",NULL,"Insufficient Data"
"70a12e78e608ac31179aea7f8422044b","JACAREI","SP","-23.302318252316955","-45.97188817895196","315","312","30858.53","3.80","313","0.15","14.71","34","7.93","0.11","26.80","Toxic"
"76d5af76d0271110f9af36c92573f765","SAO PAULO","SP","-23.56788988703906","-46.57394821510183","131","128","33461.60","4.12","130","0.12","11.92","12","5.55","0.09","47.66","Toxic"
"3fac58ce0ad699020c7944d53c41329c","SAO PAULO","SP","-23.578171603805536","-46.50730740744439","10","10","1244.95","4.40","10","0.00","4.89","2","0.92","0.20",NULL,"Insufficient Data"
"659e8466eb3ff1b0e8740d74fb7bbedd","EUNAPOLIS","BA","-16.37521603869197","-39.58755141159428","11","11","1486.80","4.36","11","0.09","9.26","0",NULL,"0.00",NULL,"Insufficient Data"
"20cb7c2fde3e5bf10f0bbe7394e1c6a9","BARRA DO JACARE","PR","-23.112718429096926","-50.175860427059064","32","31","861.90","4.00","32","0.13","12.37","3","5.16","0.10","31.14","Toxic"
"e7d5b006eb624f13074497221eb37807","SANTO ANDRE","SP","-23.645100566456687","-46.519200513273965","28","28","3478.93","3.93","28","0.14","11.17","2","8.26","0.07","36.10","Toxic"
"6f229cc508fc6915ed5c499efd93baa4","RIO DE JANEIRO","RJ","-22.80951766434876","-43.20020316543493","13","13","2654.80","4.38","13","0.15","9.25","2","7.41","0.15",NULL,"Insufficient Data"
"8ab42aa58097fd4668d60cc648225d5f","GOIANIA","GO","-16.696727724111284","-49.267448944496216","20","20","2616.75","4.20","20","0.05","10.36","0",NULL,"0.00","72.12","Good"
"a99504ac23ed125aaf5302af6cc30af9","BATATAIS","SP","-20.892832077005902","-47.585039751459746","1","1","978.00","5.00","1","0.00","16.26","0",NULL,"0.00",NULL,"Insufficient Data"
"48985c61529077fa4f1e38bcff0f2ed3","PORTO ALEGRE","RS","-30.030589473017823","-51.22769725328027","7","7","879.30","4.43","7","0.00","10.34","0",NULL,"0.00",NULL,"Insufficient Data"
"3db66a856d18a9cba7c9241fc5221c50","PONTE NOVA","MG","-20.410060488150773","-42.89881690745696","94","94","9478.30","4.19","94","0.10","16.01","11","5.41","0.12","43.06","Toxic"
"ffa6adafb71b807dc13159e26431354c","LONDRINA","PR","-23.29453059645563","-51.12920015496957","18","17","2669.90","3.78","18","0.11","9.85","0",NULL,"0.00",NULL,"Insufficient Data"
"d354c38a7182125a748cb10474fe963b","APERIBE","RJ","-21.62582998898821","-42.10489089799901","18","17","1610.33","4.29","17","0.00","13.72","1","2.81","0.06",NULL,"Insufficient Data"
"8fb791022c1fc8909664f48ab7dc636d","SAO PAULO","SP","-23.612067535693413","-46.497581660956726","5","5","8119.95","4.20","5","0.00","5.73","0",NULL,"0.00",NULL,"Insufficient Data"
"48162d548f5b1b11b9d29d1e01f75a61","PIRACICABA","SP","-22.723826526212957","-47.67289783022835","68","66","20510.14","3.90","68","0.18","11.61","2","7.79","0.03","45.22","Toxic"
"3338e7a0710a195872be80e0d2423867","PIRACICABA","SP","-22.723826526212957","-47.67289783022835","1","0","45.00","1.00","1","1.00",NULL,"0",NULL,NULL,NULL,"Insufficient Data"
"c26a2be5b53b7db6b276280da212a779","NOVA FRIBURGO","RJ","-22.251294327685226","-42.540627381377185","13","13","7482.00","3.38","13","0.38","14.08","0",NULL,"0.00",NULL,"Insufficient Data"
"1464afc72f696af775557a821c2e253f","NOVA FRIBURGO","RJ","-22.251294327685226","-42.540627381377185","29","29","1059.36","4.24","29","0.07","11.55","1","27.82","0.03","63.80","Watchlist"
"e9d99831abad74458942f21e16f33f92","SAO PAULO","SP","-23.531039542235845","-46.51583258285471","130","130","4922.48","3.93","129","0.14","12.87","14","11.26","0.11","29.25","Toxic"
"54aa8463e87776b5612f4bdc4bd5d4de","BELO HORIZONTE","MG","-19.94361489927609","-43.98184650740853","7","7","649.30","3.86","7","0.14","13.48","0",NULL,"0.00",NULL,"Insufficient Data"
"6e864f5c4669eff3d98140a07cc50202","SAO PAULO","SP","-23.609249296342767","-46.74028971622015","13","13","740.59","4.46","13","0.08","9.84","1","2.99","0.08",NULL,"Insufficient Data"
"5b8154610ebb21fb90eb587365e673df","SAO JOSE DOS CAMPOS","SP","-23.216860677030176","-45.908593804889364","38","37","9397.54","4.18","38","0.08","13.05","4","11.85","0.11","49.72","Toxic"
"180c3376aff0e43dd5788709df48a843","DIADEMA","SP","-23.689282735863003","-46.61971483359874","5","5","4513.00","4.40","5","0.00","20.71","1","2.88","0.20",NULL,"Insufficient Data"
"f3da5b2ff499efb8d4a6d371d175d7dd","SAO PAULO","SP","-23.48487511192366","-46.6245752030633","79","77","3702.29","3.84","78","0.17","11.52","11","12.79","0.14","20.88","Toxic"
"8ff1a9df749e454105c55cda13e79143","MARILIA","SP","-22.212335154405466","-49.94566118521493","13","13","1400.60","3.73","11","0.09","12.50","0",NULL,"0.00",NULL,"Insufficient Data"
"ddd51ae8cda92f3995a51fc0f0f3eec7","RIO DE JANEIRO","RJ","-22.90265768897671","-43.59917193270753","8","8","842.70","4.63","8","0.00","8.14","0",NULL,"0.00",NULL,"Insufficient Data"
"712efd3b68f9686dc856b84abd0f21ae","CURITIBA","PR","-25.378601695253312","-49.27700666451328","1","1","139.00","4.00","1","0.00","7.24","0",NULL,"0.00",NULL,"Insufficient Data"
"aae3bfea055532c57fb453ed3ec80b30","SANTO ANDRE","SP","-23.641860793712084","-46.50072807238241","48","48","3057.92","3.60","47","0.15","12.52","0",NULL,"0.00","38.78","Toxic"
"50770d25768b0486d89be26afca3108f","SANTO ANDRE","SP","-23.641860793712084","-46.50072807238241","6","6","171.77","4.00","6","0.17","13.48","1","12.66","0.17",NULL,"Insufficient Data"
"695051e2981c8b19e77cafe450d5bdf3","OSASCO","SP","-23.48445637925961","-46.77506800791144","1","1","169.76","5.00","1","0.00","20.19","0",NULL,"0.00",NULL,"Insufficient Data"
"827f8f69dfa529c561901c4f2e0f332f","CURITIBA","PR","-25.538316019905267","-49.2933382577417","91","91","3408.39","4.29","89","0.06","13.68","9","7.02","0.10","53.93","Watchlist"
"15fa791d5e017f66402dc28c44480657","SAO PAULO","SP","-23.546724134529345","-46.57405805237628","8","8","1802.00","4.25","8","0.13","11.58","1","14.59","0.13",NULL,"Insufficient Data"
"efb628aa07c8ca93d7db0d85b91a4f5a","NOVA IGUACU","RJ","-22.754343447271268","-43.42874379900237","1","1","204.00","4.00","1","0.00","25.59","1","1.95","1.00",NULL,"Insufficient Data"
"2d518637f53161b973e01f56ea4bb88e","SAO PAULO","SP","-23.448820684410215","-46.72876362629739","13","13","1219.89","4.92","13","0.00","13.66","0",NULL,"0.00",NULL,"Insufficient Data"
"ce7d1888639e6fb06b2749cbfdac1ff7","BAEPENDI","MG","-21.96166089671874","-44.88903628055419","78","78","11793.89","4.17","78","0.12","14.55","7","16.19","0.09","44.61","Toxic"
"d94a40fd42351c259927028d163af842","BAEPENDI","MG","-21.96166089671874","-44.88903628055419","101","100","13823.80","4.18","99","0.08","13.94","4","2.65","0.04","62.23","Watchlist"
"2f9b7ce230a057a98a9f5df5893ee36c","BARUERI","SP","-23.498796088935535","-46.833058164462145","2","2","141.82","4.50","2","0.00","10.46","0",NULL,"0.00",NULL,"Insufficient Data"
"03a2a6dcbe45d639c4dc2a0d24769c40","MAUA","SP","-23.671406718740272","-46.43026745047072","9","9","1078.41","4.11","9","0.11","10.45","1","11.01","0.11",NULL,"Insufficient Data"
"b29d3380981c51df13fc6fbe87e1763d","RIBEIRAO PRETO","SP","-21.132829205340816","-47.84643282788191","6","6","435.30","3.83","6","0.17","8.03","0",NULL,"0.00",NULL,"Insufficient Data"
"21d59342ba150175ca2aa4f8faddeca6","ITAQUAQUECETUBA","SP","-23.474479864080735","-46.306470801924526","2","2","259.90","4.50","2","0.00","8.62","0",NULL,"0.00",NULL,"Insufficient Data"
"2e13c71026e1a39ba5cc1b86dcb679aa","SAO PAULO","SP","-23.4742542193426","-46.592025360562616","24","24","3793.00","4.38","24","0.08","10.57","2","3.88","0.08","61.32","Watchlist"
"bb7a14e229b1c95156719c3d9552eeee","RIO DE JANEIRO","RJ","-22.869409666215006","-43.55658717782942","11","10","3190.10","4.18","11","0.18","11.60","1","24.96","0.10",NULL,"Insufficient Data"
"7b0df942f46435babab05d49b744b2c4","BRAGANCA PAULISTA","SP","-22.878146156994603","-46.530953922860846","32","32","22600.63","4.39","31","0.06","11.09","3","4.09","0.09","68.41","Good"
"56e361f411e38dcef17cdc2a3d99628b","GUARULHOS","SP","-23.463611332140694","-46.51767658255311","5","5","1298.00","4.00","5","0.20","10.31","1","3.94","0.20",NULL,"Insufficient Data"
"74bafed391319577bce6f4d2acc0589a","SAO PAULO","SP","-23.564504609380954","-46.65279265595322","3","3","1847.00","2.67","3","0.33","7.03","0",NULL,"0.00",NULL,"Insufficient Data"
"1f2eebc0e970fd3c463e4f5d9652687a","SAO PAULO","SP","-23.564504609380954","-46.65279265595322","1","1","44.99","5.00","1","0.00","11.45","1","5.12","1.00",NULL,"Insufficient Data"
"8fdca8e349553f99bc738833a62c8802","SAO PAULO","SP","-23.507787143908228","-46.567467709487815","22","22","989.34","4.19","21","0.05","10.55","1","6.34","0.05","62.12","Watchlist"
"5d9f3746e112e696f98ea22c56b3e912","SAO PAULO","SP","-23.550702971765357","-46.59043468474227","1","1","1322.64","5.00","1","0.00","7.07","0",NULL,"0.00",NULL,"Insufficient Data"
"8444e55c1f13cd5c179851e5ca5ebd00","CONGONHAL","MG","-21.865404185877196","-45.65082349975035","99","92","22873.21","3.26","99","0.31","21.08","6","8.24","0.07","22.91","Toxic"
"6e1862e15f33d9994bc25922a85e1efc","RIO CLARO","SP","-22.37849011300643","-47.565194684429585","8","7","732.49","4.43","7","0.14","3.79","0",NULL,"0.00",NULL,"Insufficient Data"
"101921376b577a4540dc30e9009133ca","RIO CLARO","SP","-22.37849011300643","-47.565194684429585","1","0","373.00","2.00","1","0.00",NULL,"0",NULL,NULL,NULL,"Insufficient Data"
"a69aa24cec11168e7e39a3fbc727e925","CARAPICUIBA","SP","-23.55551845084748","-46.828338632374354","3","3","105.97","5.00","3","0.00","8.65","0",NULL,"0.00",NULL,"Insufficient Data"
"4fb41dff7c50136976d1a5cf004a42e2","FEIRA DE SANTANA","BA","-12.253205687347366","-38.967643931088915","3","3","1230.00","4.00","3","0.00","66.76","1","134.98","0.33",NULL,"Insufficient Data"
"49f8d2ea7b718d0ce587d34207caf2b4","SAO BERNARDO DO CAMPO","SP","-23.79008690242336","-46.53776274305947","1","1","149.90","5.00","1","0.00","6.84","0",NULL,"0.00",NULL,"Insufficient Data"
"3e35a8bb43569389d3cebef0ce820f69","SAO PAULO","SP","-23.570996783755184","-46.59096664283234","1","1","55.80","5.00","1","0.00","7.92","0",NULL,"0.00",NULL,"Insufficient Data"
"da03c298e3999e9d828591fc2179d109","SAO PAULO","SP","-23.601426675448256","-46.644833875540336","4","4","787.70","4.75","4","0.00","9.59","0",NULL,"0.00",NULL,"Insufficient Data"
"a35124e2d763d7ca3fbe3b97d143200f","SAO PAULO","SP","-23.601426675448256","-46.644833875540336","4","4","411.50","4.75","4","0.00","10.71","0",NULL,"0.00",NULL,"Insufficient Data"
"5abb8ea023c77787f2c15da891c8d384","JOINVILLE","SC","-26.280132640164343","-48.79651786743285","13","13","2241.00","3.92","13","0.08","19.68","3","6.30","0.23",NULL,"Insufficient Data"
"1bc2e21de46adfea6b98cc96b00f3b40","JOINVILLE","SC","-26.280132640164343","-48.79651786743285","3","3","1039.95","3.33","3","0.00","16.51","0",NULL,"0.00",NULL,"Insufficient Data"
"2fdde51ad3e12f297da656d4fbd5d0b5","JOINVILLE","SC","-26.280132640164343","-48.79651786743285","10","9","6252.00","4.70","10","0.00","15.27","0",NULL,"0.00",NULL,"Insufficient Data"
"83353a83fd769dfafa4f21a72b15e3e5","SAO PAULO","SP","-23.63519167113765","-46.77249597850783","5","5","579.50","3.80","5","0.20","18.56","1","14.59","0.20",NULL,"Insufficient Data"
"e76ecc7e9a1a1e3c6df9d2a8261c423d","BELO HORIZONTE","MG","-19.93104856825174","-43.93603257269494","1","1","20.00","5.00","1","0.00","12.46","0",NULL,"0.00",NULL,"Insufficient Data"
"8090490573c6c0aa343a7231ebcb8c86","SAO PAULO","SP","-23.604972151445885","-46.620006027777386","26","26","3871.12","4.19","26","0.12","10.09","2","20.75","0.08","48.51","Toxic"
"4c1c7281388a33dd06daac44f9fadbd1","MARILIA","SP","-22.1972067661143","-49.9521952681175","5","5","188.32","4.80","5","0.00","8.79","0",NULL,"0.00",NULL,"Insufficient Data"
"78c99c6dff4eeae5be99bf635ed21e3f","MARILIA","SP","-22.1972067661143","-49.9521952681175","31","31","2030.88","4.42","31","0.10","13.45","3","15.71","0.10","50.67","Toxic"
"82bd0703a4aefd6b599e5bfdaed378fb","MARILIA","SP","-22.1972067661143","-49.9521952681175","21","20","2692.28","3.86","21","0.19","11.61","1","6.95","0.05","32.54","Toxic"
"b127efdabeffb5d559349c7b172eb75d","SAO PAULO","SP","-23.64469270250134","-46.63956724813834","10","10","308.50","4.80","10","0.00","9.85","1","1.60","0.10",NULL,"Insufficient Data"
"cab85505710c7cb9b720bceb52b01cee","SAO PAULO","SP","-23.47874415112702","-46.58831651709552","206","201","11389.10","4.28","205","0.05","10.14","5","12.71","0.02","78.12","Good"
"6c6cc59a5c00cacc5054ca06d65cc282","SANTA MARIA","RS","-29.699988549664226","-53.73268020253615","1","1","1107.00","5.00","1","0.00","9.25","0",NULL,"0.00",NULL,"Insufficient Data"
"29c322e3f09f886f8bacbe91dfbd979e","SANTA MARIA","RS","-29.699988549664226","-53.73268020253615","1","1","48.98","5.00","1","0.00","6.67","0",NULL,"0.00",NULL,"Insufficient Data"
"8b2492b7ff4468839593fafeed55bad9","SAO GONCALO","RJ","-22.829351276710412","-43.01399541493802","29","29","3660.08","4.17","29","0.14","12.44","2","38.76","0.07","43.09","Toxic"
"ef0ace09169ac090589d85746e3e036f","SAO GONCALO","RJ","-22.829351276710412","-43.01399541493802","129","128","16223.30","4.37","129","0.06","12.82","11","14.34","0.09","65.37","Good"
"acce39e832338debb07b02385cde5967","CONTAGEM","MG","-19.884069370503443","-44.02242139461152","44","44","4748.10","4.48","44","0.00","7.05","0",NULL,"0.00","90.23","Excellent"
"4f1f1c8666cdb6442f775c4e8caed465","BELO HORIZONTE","MG","-19.929634471795314","-43.91777905690399","2","2","944.98","5.00","2","0.00","19.97","0",NULL,"0.00",NULL,"Insufficient Data"
"1b7e5006cb25dd23ce8686691013b121","SAO PAULO","SP","-23.46072407799677","-46.60160479445191","11","11","2636.74","4.36","11","0.00","15.49","2","3.30","0.18",NULL,"Insufficient Data"
"20fd2d2080ed85fa67fad3fcbb2c1813","COLOMBO","PR","-25.363734182713863","-49.19199132492246","1","0","85.90","1.00","1","1.00",NULL,"0",NULL,NULL,NULL,"Insufficient Data"
"024b564ae893ce8e9bfa02c10a401ece","SAO PAULO","SP","-23.583551201893478","-46.53738366780586","2","2","706.40","4.50","2","0.00","15.34","0",NULL,"0.00",NULL,"Insufficient Data"
"c3aad7dc65449ae90a5e9c3c6c1e78e0","AURIFLAMA","SP","-20.685083174259976","-50.55462075520381","6","6","510.00","4.67","6","0.00","7.48","0",NULL,"0.00",NULL,"Insufficient Data"
"3076499bbc033a927bf4a8a41bcf7fd4","AURIFLAMA","SP","-20.685083174259976","-50.55462075520381","7","7","359.33","4.29","7","0.00","7.40","0",NULL,"0.00",NULL,"Insufficient Data"
"fc4751cfe3b279c419615b9b00c1abb4","LONDRINA","PR","-23.34696576375596","-51.17165906258632","1","1","453.70","5.00","1","0.00","8.01","0",NULL,"0.00",NULL,"Insufficient Data"
"ebd1417732defaf66c50b5a800eb293e","LONDRINA","PR","-23.34696576375596","-51.17165906258632","1","1","309.00","5.00","1","0.00","6.12","0",NULL,"0.00",NULL,"Insufficient Data"
"2bf28e311bba65237358230cabac3f15","LONDRINA","PR","-23.34696576375596","-51.17165906258632","7","7","294.00","3.71","7","0.29","11.38","2","2.02","0.29",NULL,"Insufficient Data"
"c72de06d72748d1a0dfb2125be43ba63","GUANAMBI","BA","-14.223207197286882","-42.783397700034705","21","21","17522.00","4.48","21","0.05","9.70","0",NULL,"0.00","89.15","Excellent"
"cecd97bc34ed8330bd4cd15713eda670","CORDILHEIRA ALTA","SC","-26.986388569060693","-52.60331776416496","1","1","57.99","1.00","1","1.00","7.14","0",NULL,"0.00",NULL,"Insufficient Data"
"48328ec9a579151d9cc6a86d4a59336c","CANOAS","RS","-29.916229965544655","-51.18816017725099","1","1","1099.00","2.00","1","0.00","21.23","0",NULL,"0.00",NULL,"Insufficient Data"
"96f7c797de9ca20efbe14545bed63eec","CRAVINHOS","SP","-21.339319962321312","-47.73735255699761","1","1","138.60","1.00","1","1.00","1.95","0",NULL,"0.00",NULL,"Insufficient Data"
"d79e8478eed9999493990b44955fb22e","RIO DE JANEIRO","RJ","-22.89771508330022","-43.183329920606425","5","5","721.89","4.00","4","0.25","8.20","1","1.78","0.20",NULL,"Insufficient Data"
"9da1ca0bef29ee170e541927a5aeabdc","VOTUPORANGA","SP","-20.420269781817655","-49.97168387901125","6","6","1484.40","3.00","6","0.33","16.80","2","6.69","0.33",NULL,"Insufficient Data"
"4deebb3199eeafb282ae33229144f94b","SAO PAULO","SP","-23.517448624283094","-46.59045121964735","4","4","779.70","4.00","4","0.25","10.16","1","3.67","0.25",NULL,"Insufficient Data"
"cb5df0dcb9e280b1780e9d589889f2c7","BADY BASSITT","SP","-20.91711533777068","-49.45081883954137","16","11","2934.72","2.60","15","0.53","21.57","2","12.47","0.18",NULL,"Insufficient Data"
"d9cd369bffa979d1634f8e1318bf2f1b","BADY BASSITT","SP","-20.91711533777068","-49.45081883954137","3","3","678.00","5.00","3","0.00","11.25","0",NULL,"0.00",NULL,"Insufficient Data"
"e9bc59e7b60fc3063eb2290deda4cced","MARINGA","PR","-23.387644893671034","-51.95519370458189","216","209","34343.06","3.99","216","0.14","14.27","23","6.45","0.11","34.26","Toxic"
"c79151301b9d90985d1fa52879213105","MARINGA","PR","-23.387644893671034","-51.95519370458189","4","3","322.30","3.75","4","0.25","9.06","0",NULL,"0.00",NULL,"Insufficient Data"
"5f67c6082caacb26e431a7b17940cece","MARINGA","PR","-23.387644893671034","-51.95519370458189","13","13","1662.60","3.54","13","0.23","22.83","4","13.63","0.31",NULL,"Insufficient Data"
"b906dd0e57f282c7089171b6ed07982e","MARINGA","PR","-23.387644893671034","-51.95519370458189","2","2","175.00","4.00","2","0.00","6.99","0",NULL,"0.00",NULL,"Insufficient Data"
"cbf09e831b0c11f6f23ffb51004db972","SAO BERNARDO DO CAMPO","SP","-23.688079710607816","-46.56182137843302","10","10","1535.20","4.40","10","0.00","5.28","0",NULL,"0.00",NULL,"Insufficient Data"
"50c361bcf670d16f6df4d52de3dff924","SAO PAULO","SP","-23.60634365283654","-46.61793727227996","1","0","35.00","1.00","1","1.00",NULL,"0",NULL,NULL,NULL,"Insufficient Data"
"d566c37fa119d5e66c4e9052e83ee4ea","SAO PAULO","SP","-23.60634365283654","-46.61793727227996","65","65","5145.70","4.69","64","0.03","5.81","2","0.86","0.03","88.19","Excellent"
"87b740daf17b5d1be335a64164ec6842","SUZANO","SP","-23.54781733944529","-46.29562373495018","13","11","14699.87","3.31","13","0.31","18.17","1","5.67","0.09",NULL,"Insufficient Data"
"59b22a78efb79a4797979612b885db36","UBERLANDIA","MG","-18.92139743586022","-48.32946334496325","125","125","27184.50","3.98","124","0.16","12.67","16","8.38","0.13","31.01","Toxic"
"0d85bbda9889ce1f7e63778d24f346eb","UBERLANDIA","MG","-18.92139743586022","-48.32946334496325","51","51","4845.20","4.20","50","0.10","15.83","6","8.25","0.12","41.19","Toxic"
"b3809b8d4394588a47c8470ea331e135","SAO PAULO","SP","-23.711358324499425","-46.69794827478875","1","1","89.00","4.00","1","0.00","5.05","0",NULL,"0.00",NULL,"Insufficient Data"
"a9b533a26e898b12e8b8d4c07279bf4d","RIO DE JANEIRO","RJ","-22.843286137769393","-43.34344431819372","4","4","119.60","5.00","4","0.00","15.16","0",NULL,"0.00",NULL,"Insufficient Data"
"b452cb0ae35044c4a53179c39f49fb06","SOROCABA","SP","-23.520376831300773","-47.46298465265635","2","2","63.70","4.00","2","0.00","16.72","0",NULL,"0.00",NULL,"Insufficient Data"
"5075aaa8404020ae6aa8bf4792099b41","POCOS DE CALDAS","MG","-21.83041022834041","-46.549390786544826","13","10","1822.80","3.58","12","0.17","11.99","0",NULL,"0.00",NULL,"Insufficient Data"
"cad9969167c09b48ae6f1d123f7fa68d","POCOS DE CALDAS","MG","-21.83041022834041","-46.549390786544826","2","1","43.20","3.00","2","0.50","3.39","0",NULL,"0.00",NULL,"Insufficient Data"
"4a3ccda38b2129705f3fb522db62ca31","MARILIA","SP","-22.213865032134283","-49.95851972439904","66","64","17062.59","3.87","66","0.17","13.32","6","11.34","0.09","31.35","Toxic"
"ec21206b7894c503788a684a7bc822a6","BUZIOS","RJ","-22.76657248480372","-41.908675205986306","3","1","247.80","2.67","3","0.33","8.11","0",NULL,"0.00",NULL,"Insufficient Data"
"b2f4d63c7203f539a78252565ca32257","BUZIOS","RJ","-22.76657248480372","-41.908675205986306","1","1","14.90","5.00","1","0.00","13.01","0",NULL,"0.00",NULL,"Insufficient Data"
"9200e6ce317b67196b6b0bad4d4bd567","RIO DE JANEIRO","RJ","-22.88654522617882","-43.28157899070825","1","1","36.90","3.00","1","0.00","16.30","0",NULL,"0.00",NULL,"Insufficient Data"
"6179a28a13a726c29b3bf54c070dccab","VARGINHA","MG","-21.570497333928852","-45.41784658224084","2","1","600.00","3.00","2","0.50","25.23","0",NULL,"0.00",NULL,"Insufficient Data"
"74636e24f01da9268b0ed88dacd8513e","SAO PAULO","SP","-23.478802923326484","-46.722724700331725","4","4","776.00","4.00","4","0.25","13.13","1","6.99","0.25",NULL,"Insufficient Data"
"d1a1b40ec554c593a1a99366746289dd","PATO BRANCO","PR","-26.22641166705298","-52.67454717796045","1","0","49.70","2.00","1","0.00",NULL,"0",NULL,NULL,NULL,"Insufficient Data"
"e88c9b79e592e370d6bd852eeefbf057","PATO BRANCO","PR","-26.22641166705298","-52.67454717796045","8","8","251.87","4.75","8","0.00","8.43","0",NULL,"0.00",NULL,"Insufficient Data"
"d17f467e4bf608a510c20d82f4ba3b6b","CAXIAS DO SUL","RS","-29.190671210121483","-51.18729485057531","12","11","3021.66","4.00","12","0.08","12.06","2","3.97","0.18",NULL,"Insufficient Data"
"d1e2fe627180431ffda076abb303c56f","MAGE","RJ","-22.651419516496574","-43.066557876304024","1","0","289.00","1.00","1","1.00",NULL,"0",NULL,NULL,NULL,"Insufficient Data"
"83e197e95a1bbabc8c75e883ed016c47","MAGE","RJ","-22.651419516496574","-43.066557876304024","47","46","6693.69","4.81","47","0.02","10.44","1","12.41","0.02","88.27","Excellent"
"ae45df84722b1d15c5f32b23a095746c","SAO PAULO","SP","-23.541084308411936","-46.58942940175682","9","9","901.83","4.78","9","0.00","7.42","0",NULL,"0.00",NULL,"Insufficient Data"
"db1f0f7c7e5e87f40b62226f020bb297","PINHAIS","PR","-25.45822497671693","-49.1849729329014","3","3","59.01","4.67","3","0.00","9.61","0",NULL,"0.00",NULL,"Insufficient Data"
"06532f10282704ef4c69168b914b77be","PAICANDU","PR","-23.45682094005969","-52.03990549710547","8","7","10220.50","4.25","8","0.13","16.62","0",NULL,"0.00",NULL,"Insufficient Data"
"ce27a3cc3c8cc1ea79d11e561e9bebb6","SAO PAULO","SP","-23.541812243632904","-46.624550259441925","135","122","10682.65","3.92","130","0.15","10.20","3","4.17","0.02","49.44","Toxic"
"6dc9bec584588412a6a338830946a3e4","SAO PAULO","SP","-23.60076165895801","-46.5209907089616","2","1","560.00","1.50","2","0.50","21.72","0",NULL,"0.00",NULL,"Insufficient Data"
"1660ad786c27fd935378b6192a90b417","SAO BERNARDO DO CAMPO","SP","-23.685798014930235","-46.570892673849556","12","12","1570.00","4.58","12","0.08","8.99","1","2.69","0.08",NULL,"Insufficient Data"
"8f2b51a30523cdecddc2f179f351c7d6","SAO PAULO","SP","-23.743497549425395","-46.706328705967124","7","7","1027.90","4.14","7","0.00","13.13","0",NULL,"0.00",NULL,"Insufficient Data"
"6fd52c528dcb38be2eea044946b811f8","SAO PAULO","SP","-23.492699699120706","-46.42102612749889","67","67","7743.02","3.39","66","0.27","21.56","9","5.93","0.13","12.00","Toxic"
"09883d9ab71c8fe8a9bfc7fc3075b07e","SAO PAULO","SP","-23.492699699120706","-46.42102612749889","5","4","329.50","3.40","5","0.20","14.44","1","4.73","0.25",NULL,"Insufficient Data"
"d7827b2af99326a03b0ed9c7a24db0d3","LONDRINA","PR","-23.28625424632168","-51.17928261753932","1","1","1455.00","5.00","1","0.00","13.85","0",NULL,"0.00",NULL,"Insufficient Data"
"ad420dd0c4f92f8af951ac24b86d0cf5","FRONTEIRA","MG","-20.279454990887864","-49.20255148137911","42","42","4705.29","4.13","40","0.10","15.18","3","65.46","0.07","45.31","Toxic"
"adbc26658d6c7b4b6219f9d934598091","CURITIBA","PR","-25.527873946750752","-49.241124975307386","88","88","11806.40","4.13","88","0.13","17.26","14","12.48","0.16","32.33","Toxic"
"0f7eea709efdf942b5f95c7516dbacd7","PEDRINHAS PAULISTA","SP","-22.815272553334733","-50.79127156718951","3","3","195.74","4.00","3","0.00","8.04","0",NULL,"0.00",NULL,"Insufficient Data"
"60da8bfa7eebe230b7d66ac4082d79b3","FERNANDO PRESTES","SP","-21.267134804144064","-48.686678524301236","3","3","86.60","4.33","3","0.00","7.78","1","3.76","0.33",NULL,"Insufficient Data"
"544863df86ed3b78a04e0820d41430ee","SERRA","ES","-20.188079675277496","-40.2416977629955","1","1","23.90","5.00","1","0.00","5.50","0",NULL,"0.00",NULL,"Insufficient Data"
"77a515caa36327151d1cc6c32a9f00e1","DIADEMA","SP","-23.6896126300087","-46.61559771019247","26","26","2217.39","4.42","26","0.04","10.34","3","11.15","0.12","61.09","Watchlist"
"d9cb0052a666de5308b32f32ad5f1b1c","OLIMPIA","SP","-20.737529991999658","-48.9090364662508","3","3","231.90","3.67","3","0.33","13.01","0",NULL,"0.00",NULL,"Insufficient Data"
"2305ab43e846518f58dd9d59f3f54e96","SAO PAULO","SP","-23.53206807195699","-46.39737526240547","3","3","788.89","3.67","3","0.33","11.83","0",NULL,"0.00",NULL,"Insufficient Data"
"685b870da5b52a710782c9c0fefbeb5b","SAO BERNARDO DO CAMPO","SP","-23.740896772127176","-46.55520335320266","2","2","627.00","2.00","2","0.50","39.62","2","16.75","1.00",NULL,"Insufficient Data"
"61f159ef6da2d441951d2c0efa719362","SERRA","ES","-20.236215492570278","-40.272036656403905","3","0","154.97","1.00","3","1.00",NULL,"0",NULL,NULL,NULL,"Insufficient Data"
"e06f09ec0a4aca210779cf1cfc63cf19","SAO PAULO","SP","-23.682247334602746","-46.70898563701572","29","29","5279.49","3.95","29","0.14","14.87","2","10.35","0.07","34.26","Toxic"
"318f287a62ab7ac10b703ac37435a231","SAO PAULO","SP","-23.682247334602746","-46.70898563701572","52","51","2517.48","3.87","52","0.15","11.52","5","5.33","0.10","26.94","Toxic"
"f307937c1bb287c3efc2a514b94b0d1d","ARAXA","MG","-19.596561505957947","-46.9374884832494","1","1","189.99","5.00","1","0.00","12.58","0",NULL,"0.00",NULL,"Insufficient Data"
"9b00cad94ef3078faf6fba2e792c158f","JANAUBA","MG","-15.801398621104077","-43.310325471675746","1","1","354.90","5.00","1","0.00","19.40","0",NULL,"0.00",NULL,"Insufficient Data"
"07a9bc7f61396b658ddf3ac534efe44c","SAO PAULO","SP","-23.501946754118052","-46.69850016324397","1","1","119.90","3.50","1","0.00","6.00","0",NULL,"0.00",NULL,"Insufficient Data"
"c200c73f9d7e5a08ca439d6a0803da7c","ALMIRANTE TAMANDARE","PR","-25.341809441562496","-49.295567613194905","1","0","40.00","1.00","1","1.00",NULL,"0",NULL,NULL,NULL,"Insufficient Data"
"7008613ea464bad5cb9b83456e1e6a8f","CANOINHAS","SC","-26.17842967715643","-50.39172922868357","127","123","7777.00","4.26","126","0.08","14.48","6","8.63","0.05","61.05","Watchlist"
"4aba6a02a788d3ec81c03137144d9a80","CANOINHAS","SC","-26.17842967715643","-50.39172922868357","1","1","89.90","5.00","1","0.00","13.22","0",NULL,"0.00",NULL,"Insufficient Data"
"9c7fd21e0aa159b20da593371f08ff7c","OSASCO","SP","-23.536524750087455","-46.803410574577654","7","7","798.30","3.29","7","0.14","7.39","1","7.05","0.14",NULL,"Insufficient Data"
"f1b93673502375d491780bb49d615dbc","SAO JOSE DOS CAMPOS","SP","-23.251060768328067","-45.83435185164653","8","8","2638.93","3.13","8","0.38","14.44","2","5.95","0.25",NULL,"Insufficient Data"
"880eda903e719a5f179f7e9fceb3a69d","IPUA","SP","-20.44553113226254","-48.01402332006467","1","0","249.00","1.00","1","1.00",NULL,"0",NULL,NULL,NULL,"Insufficient Data"
"2bf6a2c1e71bbd29a4ad64e6d3c3629f","NOVA FRIBURGO","RJ","-22.323794866229523","-42.51973077441477","30","30","50628.90","4.17","30","0.13","13.65","3","8.05","0.10","45.10","Toxic"
"e2c92f9c1c7746d899d18f2e158bbff7","SAO JOSE DO RIO PRETO","SP","-20.786662976699212","-49.359327111273025","14","12","1894.70","4.07","14","0.14","9.15","0",NULL,"0.00",NULL,"Insufficient Data"
"65a7c0788e4d632ccb5e1b594b87f0bb","SAO PAULO","SP","-23.651293938017012","-46.76685345723273","3","3","266.70","4.33","3","0.00","11.03","0",NULL,"0.00",NULL,"Insufficient Data"
"fb8904a8ea99f8831b64ce27db2c1765","SAO CAETANO DO SUL","SP","-23.61742430303689","-46.55188178218847","2","2","278.00","4.50","2","0.00","11.16","1","0.03","0.50",NULL,"Insufficient Data"
"9e6967d3cf386d284251784b18ccb485","SAO CAETANO DO SUL","SP","-23.61742430303689","-46.55188178218847","9","9","517.67","3.89","9","0.22","7.24","1","7.09","0.11",NULL,"Insufficient Data"
"5563732abe64c3036cb97ad924128dd1","GUARULHOS","SP","-23.45220266549706","-46.50643552039563","2","2","404.00","4.50","2","0.00","12.16","0",NULL,"0.00",NULL,"Insufficient Data"
"70bf57d811208f8923b41bbd499a67a4","FRANCO DA ROCHA","SP","-23.300036608071604","-46.70953772141058","7","7","780.80","4.14","7","0.14","4.82","0",NULL,"0.00",NULL,"Insufficient Data"
"b347677812ea483b0f528eaf8cbc09b7","CURITIBA","PR","-25.393889538584","-49.250797211066406","21","21","7288.99","4.52","21","0.05","13.22","0",NULL,"0.00","82.50","Excellent"
"a673821011d0cec28146ea42f5ab767f","SAO PAULO","SP","-23.49066350344621","-46.47631091396909","129","125","13863.69","4.00","124","0.13","12.96","14","12.86","0.11","36.02","Toxic"
"cac4e0bc1a3269fa2b6ea5e763f6115b","BRUSQUE","SC","-27.085078646516095","-48.917755702492265","2","2","57.88","5.00","2","0.00","11.33","0",NULL,"0.00",NULL,"Insufficient Data"
"f18112da765e0971ca5d510dec322bdd","BRUSQUE","SC","-27.085078646516095","-48.917755702492265","2","2","327.80","4.00","2","0.00","17.90","0",NULL,"0.00",NULL,"Insufficient Data"
"cb810bd318f51b3dc3c753944d61a1fa","NITEROI","RJ","-22.897237232548893","-43.09915756428694","1","1","1750.00","4.00","1","0.00","12.30","0",NULL,"0.00",NULL,"Insufficient Data"
"731ef20c231d9a7103a425e83fd91271","LAGES","SC","-27.817723746082585","-50.33075225544472","2","2","1692.00","3.50","2","0.00","12.98","0",NULL,"0.00",NULL,"Insufficient Data"
"eeb6de78f79159600292e314a77cbd18","LAGES","SC","-27.817723746082585","-50.33075225544472","83","82","43739.84","4.45","83","0.05","12.16","3","34.20","0.04","80.15","Excellent"
"4a1917ef994878940e1fb03eeb787ad7","BRASILIA","DF","-15.791945278094726","-47.91225009691533","2","2","768.00","3.00","2","0.00","10.31","0",NULL,"0.00",NULL,"Insufficient Data"
"8b28d096634035667e8263d57ba3368c","SAO JOSE DOS CAMPOS","SP","-23.202268092167255","-45.89802848030465","143","139","9375.70","3.97","141","0.13","14.07","16","20.06","0.12","31.56","Toxic"
"e1bed63d68ac36fe1f3061befe196af5","MOGI GUACU","SP","-22.33978411439517","-46.9243096795394","1","1","199.00","5.00","1","0.00","8.61","0",NULL,"0.00",NULL,"Insufficient Data"
"4a23adac87cf538689fa600d976f78b2","SAO PAULO","SP","-23.593127930787567","-46.67676098288306","3","3","405.00","4.33","3","0.00","8.55","0",NULL,"0.00",NULL,"Insufficient Data"
"f2336e113377dd21c744d9c4fc8293a9","SAO PAULO","SP","-23.52154004341396","-46.51139904429671","4","4","3563.00","4.25","4","0.00","20.25","0",NULL,"0.00",NULL,"Insufficient Data"
"054694fa03fe82cec4b7551487331d74","ITAJOBI","SP","-21.31499774715289","-49.05541730507599","21","20","9983.10","3.48","21","0.24","30.79","6","35.74","0.30","9.42","Toxic"
"5bba18b40e8c973b0f32e748004775b0","ITAJOBI","SP","-21.31499774715289","-49.05541730507599","1","1","739.98","5.00","1","0.00","7.07","0",NULL,"0.00",NULL,"Insufficient Data"
"28ea411b354f14b1a494be4e79f0ce02","SAO PAULO","SP","-23.607023885737185","-46.70493308856588","6","6","820.00","4.67","6","0.00","8.92","1","0.78","0.17",NULL,"Insufficient Data"
"17f51e7198701186712e53a39c564617","SAO PAULO","SP","-23.58251935861188","-46.50719416982447","56","56","48019.00","4.34","56","0.05","23.24","5","8.02","0.09","63.09","Watchlist"
"7f5e4d5efad7e44b91115dd1decb65f3","JACAREI","SP","-23.287878042470552","-45.94758555862999","3","3","179.90","5.00","3","0.00","7.69","0",NULL,"0.00",NULL,"Insufficient Data"
"11eac105f3f90a9b87b19c89d91e24f3","ARUJA","SP","-23.405155780523593","-46.34296701370579","5","5","802.89","3.60","5","0.20","9.12","0",NULL,"0.00",NULL,"Insufficient Data"
"327b89b872c14d1c0be7235ef4871685","MANAUS","AM","-3.131672033317587","-60.01922513451509","3","3","1177.00","2.33","3","0.67","47.84","2","19.20","0.67",NULL,"Insufficient Data"
"7178e1eaa97257d8b6d4b80efd77a025","TATUI","SP","-23.349777166836898","-47.847377743475406","1","1","167.90","5.00","1","0.00","7.12","0",NULL,"0.00",NULL,"Insufficient Data"
"623ad9d0c1e14bb5464a8c72bff7b4af","CLAUDIO","MG","-20.437204870235004","-44.76203405975948","1","1","95.00","4.00","1","0.00","24.09","0",NULL,"0.00",NULL,"Insufficient Data"
"50c9975695009e5e6473912e83a6d1da","CLAUDIO","MG","-20.437204870235004","-44.76203405975948","50","50","3964.40","3.94","49","0.14","16.48","7","8.22","0.14","22.72","Toxic"
"adcf50477d6a1f5d91bb9d54c4903cb5","CLAUDIO","MG","-20.437204870235004","-44.76203405975948","19","16","1425.14","3.26","19","0.26","23.49","3","4.81","0.19",NULL,"Insufficient Data"
"973f21788dfab357250f69a8dcb7ddee","CLAUDIO","MG","-20.437204870235004","-44.76203405975948","10","9","909.00","2.00","10","0.70","23.76","5","10.34","0.56",NULL,"Insufficient Data"
"46ef1a25845fc051c2998d878354810c","CLAUDIO","MG","-20.437204870235004","-44.76203405975948","5","5","250.41","4.40","5","0.00","16.84","1","0.89","0.20",NULL,"Insufficient Data"
"725af026f869236a8dd0ceb98564d156","CLAUDIO","MG","-20.437204870235004","-44.76203405975948","7","5","1177.71","3.43","7","0.29","13.67","0",NULL,"0.00",NULL,"Insufficient Data"
"ce616e1913288884e7742faac9d981db","COTIA","SP","-23.606018265096537","-46.839194093263245","15","14","365.10","4.47","15","0.00","6.78","1","4.03","0.07",NULL,"Insufficient Data"
"63a79f5a7eb5cb48a7e5787b141c7993","PATOS DE MINAS","MG","-18.576407509710464","-46.52598592302644","11","11","815.10","4.55","11","0.00","6.37","0",NULL,"0.00",NULL,"Insufficient Data"
"3e51f9cbe317bc3a88f2c76583811ee4","SAO PAULO","SP","-23.517486788787163","-46.42678744635808","1","1","76.09","5.00","1","0.00","8.87","0",NULL,"0.00",NULL,"Insufficient Data"
"b4ffb71f0cb1b1c3d63fad021ecf93e1","SAO PAULO","SP","-23.50832107138194","-46.48545545756665","144","143","6656.09","4.23","144","0.09","10.11","3","9.05","0.02","68.45","Good"
"c42fd8e4d47dfb18ce5222f2dd7752f9","OSASCO","SP","-23.498858559998244","-46.80706577753118","7","7","466.99","3.80","5","0.20","26.34","2","22.69","0.29",NULL,"Insufficient Data"
"6ebf4eceee4dd9847201c82e77ef8123","RIO DE JANEIRO","RJ","-22.922380751135307","-43.62951053691234","1","1","59.90","5.00","1","0.00","15.02","0",NULL,"0.00",NULL,"Insufficient Data"
"5305693ffae2d3463377b1f6fe67b15a","PENAPOLIS","SP","-21.420719896489594","-50.0764711906004","1","1","93.56","5.00","1","0.00","13.37","0",NULL,"0.00",NULL,"Insufficient Data"
"4aba391bc3b88717ce08eb11e44937b2","PORTO SEGURO","BA","-16.400187212609048","-39.262746914036015","29","27","7595.87","3.90","29","0.14","16.92","4","15.75","0.15","22.99","Toxic"
"fd312b6bf05efac6c3772d5b52205d8a","VOTORANTIM","SP","-23.534966496904076","-47.44026603900272","2","2","118.70","5.00","2","0.00","6.38","0",NULL,"0.00",NULL,"Insufficient Data"
"082e0bf4cb865a6533b1e8e498cc0255","BOTUCATU","SP","-22.866052773277374","-48.46069203327627","11","11","2073.30","3.27","11","0.18","14.37","2","5.90","0.18",NULL,"Insufficient Data"
"eed78ac17f7f795a19a709745f00cd4e","BOTUCATU","SP","-22.866052773277374","-48.46069203327627","22","22","4349.50","3.77","22","0.14","10.04","0",NULL,"0.00","46.59","Toxic"
"0e44d110fa6a54e121cb2c095a77762f","FRANCISCO MORATO","SP","-23.282843367454195","-46.74615014505265","6","6","223.32","4.33","6","0.17","12.00","1","6.49","0.17",NULL,"Insufficient Data"
"c360e4787614ed31ac7a2f95d3b22dc6","LENCOIS PAULISTA","SP","-22.59912233055667","-48.78750986401859","1","1","188.90","2.00","1","0.00","12.66","0",NULL,"0.00",NULL,"Insufficient Data"
"0f80a40c312b2472dca482cf50f5186f","LENCOIS PAULISTA","SP","-22.59912233055667","-48.78750986401859","1","1","129.90","3.00","1","0.00","5.32","0",NULL,"0.00",NULL,"Insufficient Data"
"851773c885feb5e2da3b4f82bc2b17ce","LENCOIS PAULISTA","SP","-22.601443045355065","-48.80710410454741","10","10","585.30","4.20","10","0.10","16.66","2","8.68","0.20",NULL,"Insufficient Data"
"ebd2d60905fb58271facef5596b620d3","LENCOIS PAULISTA","SP","-22.601443045355065","-48.80710410454741","84","82","7941.72","4.15","84","0.12","12.99","3","55.73","0.04","53.06","Watchlist"
"ba6b68b55fe8704377a7d43c8e5c0185","BELO HORIZONTE","MG","-19.931855587004094","-43.932647431010245","5","5","739.77","4.20","5","0.00","10.59","0",NULL,"0.00",NULL,"Insufficient Data"
"bafc5aa11e413978be29040f51342e70","BELO HORIZONTE","MG","-19.931855587004094","-43.932647431010245","9","9","1679.55","3.78","9","0.22","13.44","1","15.98","0.11",NULL,"Insufficient Data"
"9449f25aeaf531019b76999ea49a6949","RIO DE JANEIRO","RJ","-22.85826717262728","-43.252692229788394","10","9","2046.45","4.00","10","0.10","13.61","2","6.24","0.22",NULL,"Insufficient Data"
"2a5b78b41cd05baeac8df54c6606b92c","FORMIGA","MG","-20.46253562176835","-45.43305899816511","49","46","19025.36","4.33","49","0.10","9.04","1","4.70","0.02","74.86","Good"
"6824a69c9ea0313eba299dd4a2dba09a","FORMIGA","MG","-20.46253562176835","-45.43305899816511","6","6","666.90","4.67","6","0.00","4.81","0",NULL,"0.00",NULL,"Insufficient Data"
"49e7217cfe4e427191c378ec626d8737","FORMIGA","MG","-20.46253562176835","-45.43305899816511","13","12","3002.70","3.85","13","0.15","16.04","0",NULL,"0.00",NULL,"Insufficient Data"
"d921b68bf747894be13a97ae52b0f386","FORMIGA","MG","-20.46253562176835","-45.43305899816511","77","77","15645.80","4.56","77","0.04","9.97","1","6.69","0.01","88.81","Excellent"
"6eb94e1466490d327a09abf8f3552a50","JUNDIAI","SP","-23.188409628905855","-46.8539878182878","10","9","1511.95","4.44","9","0.00","8.17","1","0.61","0.11",NULL,"Insufficient Data"
"3d68c634a99a1ba46dbca3967a69c623","NOVA TRENTO","SC","-27.282999443631834","-48.93077294776362","2","2","594.00","5.00","2","0.00","9.19","0",NULL,"0.00",NULL,"Insufficient Data"
"556a6409838156ea299c9d1f9e2dde43","CURITIBA","PR","-25.43719609261135","-49.33255879217595","4","4","1362.80","3.25","4","0.25","7.40","0",NULL,"0.00",NULL,"Insufficient Data"
"9c57bc60cfad5ee62d35d3f1ce4593a1","CURITIBA","PR","-25.43719609261135","-49.33255879217595","1","1","180.00","1.00","1","1.00","37.03","1","14.60","1.00",NULL,"Insufficient Data"
"84deb808079d1be601c209c1e771b1cc","CURITIBA","PR","-25.43719609261135","-49.33255879217595","2","2","34.93","5.00","2","0.00","7.54","0",NULL,"0.00",NULL,"Insufficient Data"
"2b402d5dc42554061f8ea98d1916f148","IRECE","BA","-11.304164446373447","-41.85580503001343","1","1","299.89","5.00","1","0.00","6.00","0",NULL,"0.00",NULL,"Insufficient Data"
"cac4c8e7b1ca6252d8f20b2fc1a2e4af","INDAIATUBA","SP","-23.13411287780509","-47.227975141375694","75","74","4168.18","3.55","74","0.26","18.22","17","18.58","0.23","6.79","Toxic"
"e89c4adbe7b1d0819dbb636e16461cf1","INDAIATUBA","SP","-23.13411287780509","-47.227975141375694","24","24","3181.30","3.83","24","0.17","15.12","3","16.50","0.13","16.64","Toxic"
"8c5e007d7bd5693fa1386ffefbc99f6c","INDAIATUBA","SP","-23.13411287780509","-47.227975141375694","9","9","1029.11","4.33","9","0.11","10.24","0",NULL,"0.00",NULL,"Insufficient Data"
"f680f85bee2d253556ac91be391d2c82","CARAPICUIBA","SP","-23.552946103472205","-46.85082344930689","45","45","5183.92","4.33","45","0.04","9.75","1","4.48","0.02","79.17","Good"
"fec6912baad85d41729669edd6b4d3b8","RIBEIRAO PRETO","SP","-21.25454760893623","-47.81529076556561","1","0","210.00","1.00","1","1.00",NULL,"0",NULL,NULL,NULL,"Insufficient Data"
"431af27f296bc6519d890aa5a05fdb11","RIBEIRAO PRETO","SP","-21.25454760893623","-47.81529076556561","117","116","13109.50","3.78","116","0.19","17.23","18","9.67","0.16","16.57","Toxic"
"6a53b90c3ad9e0b56d9fe5c69165fff5","CURITIBA","PR","-25.366232816434113","-49.268408726171145","2","2","139.78","3.50","2","0.00","11.87","0",NULL,"0.00",NULL,"Insufficient Data"
"079d295dcbf06ee8bb1b65ba964eb2b6","SAO PAULO","SP","-23.506976913025856","-46.57712086357542","5","5","349.30","4.60","5","0.00","8.26","0",NULL,"0.00",NULL,"Insufficient Data"
"1f1bb1f0859883505541bdd6606193e5","SAO PAULO","SP","-23.506976913025856","-46.57712086357542","27","27","16040.84","4.33","27","0.04","13.98","3","4.14","0.11","61.64","Watchlist"
"04843805947f0fc584fc1969b6e50fe7","IVOTI","RS","-29.605286893562898","-51.16427789211877","1","1","1400.00","5.00","1","0.00","15.04","1","0.66","1.00",NULL,"Insufficient Data"
"c2bda99904207edd1834f03e0022b007","SAO PAULO","SP","-23.56118965884429","-46.474485843100126","2","1","79.80","2.50","2","0.50","12.42","0",NULL,"0.00",NULL,"Insufficient Data"
"788e857f317e53de488d393e65a80f45","SAO PAULO","SP","-23.56118965884429","-46.474485843100126","11","11","1210.00","4.91","11","0.00","7.41","0",NULL,"0.00",NULL,"Insufficient Data"
"fa3a0b5aabb344b9a92e3524b0202123","SAO JOSE DOS PINHAIS","PR","-25.55842134362273","-49.19569702015218","7","7","1789.00","4.14","7","0.00","11.64","1","4.84","0.14",NULL,"Insufficient Data"
"81a1104df0f08b59c68aa5b03cfe398e","SAO JOSE DOS PINHAIS","PR","-25.55842134362273","-49.19569702015218","73","72","9420.88","4.27","71","0.08","12.83","4","3.42","0.06","61.64","Watchlist"
"889009a0ed0bb52c87819941192931b8","LENCOIS PAULISTA","SP","-22.609897676638745","-48.796236988898166","1","1","89.90","4.00","1","0.00","12.21","0",NULL,"0.00",NULL,"Insufficient Data"
"e5d4b2b0c3bca22085f7a19a28de0c42","JOINVILLE","SC","-26.30185090445443","-48.848394072332624","4","4","205.80","4.50","4","0.00","12.69","1","0.02","0.25",NULL,"Insufficient Data"
"094ced053e257ae8cae57205592d6712","RIBEIRAO PRETO","SP","-21.191022995550163","-47.76791416876061","19","19","1519.20","4.05","19","0.16","12.16","0",NULL,"0.00",NULL,"Insufficient Data"
"f205b1a3ca9a34e0f8a228bae6e4c7b3","CACHOEIRINHA","RS","-29.904950693956568","-51.07030394103","8","8","1088.00","4.88","8","0.00","8.60","0",NULL,"0.00",NULL,"Insufficient Data"
"2d34636518ba88f5349b732fcf8ba2e4","SAO PAULO","SP","-23.54137085777194","-46.63916528885119","1","1","150.00","5.00","1","0.00","10.83","0",NULL,"0.00",NULL,"Insufficient Data"
"21c62b998a043ebe31161d38f84929fc","FORTALEZA","CE","-3.7350544672529074","-38.516716250628996","4","4","750.49","4.50","4","0.00","13.30","0",NULL,"0.00",NULL,"Insufficient Data"
"be3b4b0f050a6aa1b2d901c4b77e979f","IMBITUVA","PR","-25.229677010502076","-50.603896895070974","3","3","578.20","4.00","3","0.00","8.30","0",NULL,"0.00",NULL,"Insufficient Data"
"e883aa812c37a7413226856f4579fe91","ITAPEVI","SP","-23.523945995127164","-46.941467620479735","26","26","4097.10","4.15","26","0.12","9.90","1","1.07","0.04","54.46","Watchlist"
"a888faf2d1baececa6baf9c3d603ee1f","UMUARAMA","PR","-23.759415570984814","-53.292783700900145","54","53","17765.80","4.04","54","0.15","18.02","8","6.10","0.15","27.72","Toxic"
"5b67882648febfb6e1225e6ad7164f6b","UMUARAMA","PR","-23.759415570984814","-53.292783700900145","27","27","6813.48","4.00","27","0.11","12.56","1","9.61","0.04","49.32","Toxic"
"5b92bfa4120daa27c574daa2e386c693","SOROCABA","SP","-23.47353065420713","-47.48346955360428","1","1","14.00","3.00","1","0.00","16.09","0",NULL,"0.00",NULL,"Insufficient Data"
"3fe7120d6257285ac6a3ce7cb071ccec","GOVERNADOR VALADARES","MG","-18.88547551320914","-41.94732216443707","2","2","199.98","3.50","2","0.00","9.57","0",NULL,"0.00",NULL,"Insufficient Data"
"d9e8c084b68fe958861d8f2c21202e6b","SAO PAULO","SP","-23.594618027770462","-46.75724227732727","9","9","3050.00","4.33","9","0.11","10.33","0",NULL,"0.00",NULL,"Insufficient Data"
"d149de2f383552baea37a7198c2296ce","SAO PAULO","SP","-23.648893436886873","-46.60849491539631","3","3","320.70","5.00","3","0.00","4.89","0",NULL,"0.00",NULL,"Insufficient Data"
"a7c53f6b3b61adbdaa99dda97e8cbd56","BARRETOS","SP","-20.55627963601135","-48.571864913146854","1","1","99.00","4.00","1","0.00","6.84","0",NULL,"0.00",NULL,"Insufficient Data"
"39a5005f2605cbdb4f9ac14485cabfd1","BARRETOS","SP","-20.55627963601135","-48.571864913146854","3","3","501.07","5.00","3","0.00","9.62","0",NULL,"0.00",NULL,"Insufficient Data"
"df683dfda87bf71ac3fc63063fba369d","FARROUPILHA","RS","-29.22709040065793","-51.34865078713976","1","1","39.90","1.00","1","1.00","189.86","1","167.71","1.00",NULL,"Insufficient Data"
"e4ebd3f87bf70440014f07ddda7fbe03","PRESIDENTE EPITACIO","SP","-21.773562635668824","-52.11570993741057","7","7","671.50","4.57","7","0.00","17.89","1","0.88","0.14",NULL,"Insufficient Data"
"e8dba4d70f7f2b20e775d09cae01142d","SANTA BARBARA D'OESTE","SP","-22.757096912776362","-47.37609423222235","9","9","855.91","4.33","9","0.00","8.81","1","12.92","0.11",NULL,"Insufficient Data"
"54a1852d1b8f10312c55e906355666ee","SANTA BARBARA D'OESTE","SP","-22.757096912776362","-47.37609423222235","200","198","17226.44","4.33","199","0.08","11.50","19","11.38","0.10","60.93","Watchlist"
"20f0aeea30bc3b8c4420be8ced4226c0","SANTA BARBARA D'OESTE","SP","-22.757096912776362","-47.37609423222235","1","1","14.90",NULL,"0",NULL,"44.72","1","13.52","1.00",NULL,"Insufficient Data"
"2b03ac196f5ed62ac483960fe0fa3b65","SAO PAULO","SP","-23.513042100765297","-46.65199446742354","7","7","843.10","4.14","7","0.14","12.89","1","14.87","0.14",NULL,"Insufficient Data"
"13e85aac53340018b40c2af68001b7e0","PEDREIRA","SP","-22.74032548616481","-46.896753691339335","1","1","17.80","5.00","1","0.00","17.72","0",NULL,"0.00",NULL,"Insufficient Data"
"fa7ad8ae9bcb2c4493fdf38e96b1d74f","PEDREIRA","SP","-22.74032548616481","-46.896753691339335","1","0","88.00","1.00","1","1.00",NULL,"0",NULL,NULL,NULL,"Insufficient Data"
"febab0275244b9a49a623f0bd613ca2f","PEDREIRA","SP","-22.74032548616481","-46.896753691339335","109","106","7272.42","4.38","109","0.05","8.65","5","3.43","0.05","76.27","Good"
"f593898ec748b7a8cb81fc04edafd98a","PEDREIRA","SP","-22.74032548616481","-46.896753691339335","20","19","2813.04","3.70","20","0.15","16.62","3","8.17","0.16","13.10","Toxic"
"119d1aef1b4144adba89163f6cd9f5d4","PEDREIRA","SP","-22.74032548616481","-46.896753691339335","4","4","1094.00","4.75","4","0.00","4.48","0",NULL,"0.00",NULL,"Insufficient Data"
"53e4c6e0f4312d4d2107a8c9cddf45cd","PEDREIRA","SP","-22.74032548616481","-46.896753691339335","473","463","30148.95","4.08","471","0.10","12.02","25","12.63","0.05","56.50","Watchlist"
"4a1f694197d05fe70026b016a7316b41","PEDREIRA","SP","-22.74032548616481","-46.896753691339335","14","14","907.77","4.57","14","0.07","9.06","1","1.85","0.07",NULL,"Insufficient Data"
"686886775c8f6b1191c7b953fb52708c","PEDREIRA","SP","-22.74032548616481","-46.896753691339335","1","1","189.00","5.00","1","0.00","3.55","0",NULL,"0.00",NULL,"Insufficient Data"
"bc30de0d71bd6260b936a026b5cf7200","PEDREIRA","SP","-22.74032548616481","-46.896753691339335","3","3","392.37","4.67","3","0.00","12.24","0",NULL,"0.00",NULL,"Insufficient Data"
"0aa2205ca24f113f4658a5c536667426","SAO PAULO","SP","-23.606213117621078","-46.60917170458759","4","4","815.62","4.00","4","0.25","8.79","0",NULL,"0.00",NULL,"Insufficient Data"
"eb3071b9f0b0ddaa2df5ea130f09f26b","SAO PAULO","SP","-23.606213117621078","-46.60917170458759","9","9","6230.00","4.56","9","0.00","9.65","1","2.52","0.11",NULL,"Insufficient Data"
"9ac4f14370b1e24ddc58be041b7f99df","JARAGUA","GO","-15.7491870749417","-49.332105332149915","5","5","314.51","4.40","5","0.00","9.02","0",NULL,"0.00",NULL,"Insufficient Data"
"dc317f341ab0e22f39acbd9dbf9b4a1f","CACHOEIRINHA","RS","-29.952693335515907","-51.09779064077646","55","55","18988.40","4.15","55","0.16","12.41","3","20.50","0.05","49.15","Toxic"
"7178f9f4dd81dcef02f62acdf8151e01","VIDEIRA","SC","-27.004476508038575","-51.152537104238704","203","202","37070.40","4.04","202","0.10","15.75","10","5.34","0.05","51.40","Toxic"
"712e6ed8aa4aa1fa65dab41fed5737e4","VIDEIRA","SC","-27.004476508038575","-51.152537104238704","79","77","39815.00","3.38","78","0.22","24.69","17","20.21","0.22","12.44","Toxic"
"a00824eb9093d40e589b940ec45c4eb0","BOFETE","SP","-23.110602286087335","-48.26247044881959","3","3","9399.97","4.67","3","0.00","8.01","0",NULL,"0.00",NULL,"Insufficient Data"
"6f1a1263039c76e68f40a8e536b1da6a","SAO PAULO","SP","-23.555809968332557","-46.499637906526736","4","2","256.39","1.50","4","0.75","51.00","1","72.85","0.50",NULL,"Insufficient Data"
"52d76513f0c4d97f3b99570e2c94ee31","NOVO HAMBURGO","RS","-29.674727503663902","-51.147192995617196","19","19","8153.10","4.06","18","0.11","10.41","1","4.00","0.05",NULL,"Insufficient Data"
"51209b446b2073894bdc0face6c73ffc","VILA VELHA","ES","-20.366701930567032","-40.317189217819916","2","2","359.60","4.00","1","0.00","9.96","0",NULL,"0.00",NULL,"Insufficient Data"
"615c3462099ffa940d37b17dfda19594","ITABORAI","RJ","-22.773459679480897","-42.91565441771825","2","2","229.00","5.00","2","0.00","7.65","0",NULL,"0.00",NULL,"Insufficient Data"
"1b8356dabde1d35e17cef975c3f82730","SAO PAULO","SP","-23.568499943154574","-46.5118095802899","56","55","3426.39","4.16","56","0.07","10.54","1","15.60","0.02","65.09","Watchlist"
"a64e44665225d19dfc0277eeeaaccc57","PRESIDENTE VENCESLAU","SP","-21.874288279503794","-51.8449696041087","6","6","335.00","5.00","6","0.00","7.93","1","0.70","0.17",NULL,"Insufficient Data"
"aa8af66c623d7d544dfe4bb85b5ebe3b","BETIM","MG","-19.939120614599368","-44.173017240189296","1","1","99.00","5.00","1","0.00","8.00","0",NULL,"0.00",NULL,"Insufficient Data"
"485452467ff670447e84a8370c3fc898","TAIO","SC","-27.118392469189253","-49.99964698032848","3","3","175.70","4.67","3","0.00","14.23","0",NULL,"0.00",NULL,"Insufficient Data"
"0570350b23eda5444f8d1d9544932058","SAO PAULO","SP","-23.513877059587518","-46.7562177450511","6","6","626.90","5.00","6","0.00","5.07","0",NULL,"0.00",NULL,"Insufficient Data"
"542917da124346b47ea1ac79a93ce454","CURITIBA","PR","-25.3859849919381","-49.24450850596204","20","20","1303.90","4.15","20","0.10","11.58","1","3.93","0.05","50.98","Toxic"
"c24173065483e421f9e5e7f599de101d","SAO PAULO","SP","-23.5408009363057","-46.51177859182893","9","9","373.91","3.56","9","0.22","15.81","1","5.55","0.11",NULL,"Insufficient Data"
"fffd5413c0700ac820c7069d66d98c89","AMPARO","SP","-22.721605279768426","-46.84415047590423","60","57","9062.30","3.85","59","0.19","13.79","8","5.31","0.14","20.41","Toxic"
"05d2173d43ea568aa0540eba70d2ca76","ALFENAS","MG","-21.42217278248631","-45.96434436535584","62","62","5759.66","4.18","60","0.08","15.02","4","18.52","0.06","53.90","Watchlist"
"0aa124728afc1131dff5655f4c6f487b","ALFENAS","MG","-21.42217278248631","-45.96434436535584","2","0","850.92","1.00","2","1.00",NULL,"0",NULL,NULL,NULL,"Insufficient Data"
"236585a4ddb5fea9fa40233e2249ed91","CAXIAS DO SUL","RS","-29.195443386057903","-51.16706068825971","11","11","649.53","4.09","11","0.09","13.14","1","5.68","0.09",NULL,"Insufficient Data"
"86bf77bdb52e615674772d5817c6212f","VIAMAO","RS","-30.08355139038262","-51.0218050150084","4","4","281.80","4.75","4","0.00","7.52","0",NULL,"0.00",NULL,"Insufficient Data"
"55f7a3319d80f7fdf078b8f03e6725fe","OSASCO","SP","-23.56629298979668","-46.78782137212704","22","22","3013.78","3.77","22","0.14","6.78","2","2.72","0.09","32.21","Toxic"
"98dddbc4601dd4443ca174359b237166","SARANDI","PR","-23.44804126461349","-51.869960318427","2","2","158.00","5.00","2","0.00","8.23","0",NULL,"0.00",NULL,"Insufficient Data"
"5e25c632f9db6cfb8bc100421c2737b6","CHAPECO","SC","-27.099447738368923","-52.610097129674095","1","1","259.00","5.00","1","0.00","6.05","0",NULL,"0.00",NULL,"Insufficient Data"
"2e2f44824ab87a0cb961f68bf4073e7f","CURITIBA","PR","-25.412063650373128","-49.35638685367505","1","1","48.00","2.00","1","0.00","10.96","0",NULL,"0.00",NULL,"Insufficient Data"
"06bb3a2fe5e7b7a845b13e8fb91bd944","BELO HORIZONTE","MG","-19.838414207271068","-43.91567119293642","17","17","1536.19","4.59","17","0.00","8.82","0",NULL,"0.00",NULL,"Insufficient Data"
"1e483cc5c76fef08d3ca05f9a8af7d01","SAO PAULO","SP","-23.49268785569519","-46.70633793156746","10","9","171.99","4.10","10","0.10","8.49","0",NULL,"0.00",NULL,"Insufficient Data"
"240b9776d844d37535668549a396af32","NITEROI","RJ","-22.883270236856813","-43.092274005588955","36","35","13592.08","4.28","36","0.06","11.36","2","8.94","0.06","67.99","Good"
"5def4c3732941a971cba8fdee992ede1","SAO PAULO","SP","-23.517720495682244","-46.589226620340014","5","5","134.80","4.60","5","0.00","4.56","0",NULL,"0.00",NULL,"Insufficient Data"
"a247197e2e9c19a6a53a6888cb8b660f","SAO JOSE DO RIO PRETO","SP","-20.77416528575765","-49.340918115176564","2","0","798.00","1.00","2","1.00",NULL,"0",NULL,NULL,NULL,"Insufficient Data"
"3d290fe363c60a77498c1126fd3fb8d3","ITAPEVI","SP","-23.542790780743314","-46.93866244269711","3","3","198.98","4.33","3","0.00","7.46","0",NULL,"0.00",NULL,"Insufficient Data"
"0432ead42b6c8a0bdf68154add917fdf","MAUA","SP","-23.66003087272816","-46.44151148849927","85","82","7792.10","4.46","85","0.08","8.90","3","6.80","0.04","76.26","Good"
"1fbe10c70e30765ed1de86d9f7e98409","MAUA","SP","-23.66003087272816","-46.44151148849927","2","2","98.75","2.50","2","0.50","13.67","0",NULL,"0.00",NULL,"Insufficient Data"
"d8cf3b6a2151949f930d0252b180ec42","MANDAGUACU","PR","-23.344955912199218","-52.09904825765634","6","6","623.70","3.50","6","0.33","7.14","0",NULL,"0.00",NULL,"Insufficient Data"
"f22a247b79dd22ecd91dc8e3b2a1b07c","ITAQUAQUECETUBA","SP","-23.49208198891801","-46.34993692750341","8","8","439.94","4.00","8","0.13","18.03","2","31.25","0.25",NULL,"Insufficient Data"
"9853a239ab7b7ebbdc3a21248d5b8e1f","CAMPO LARGO","PR","-25.47231130095912","-49.53896364621774","5","4","381.00","3.80","5","0.20","17.96","1","7.83","0.25",NULL,"Insufficient Data"
"b5f0712d22a873b6797ab6cc65c3fcba","SAO PAULO","SP","-23.462265836782144","-46.593839689926625","1","1","12.99","4.00","1","0.00","3.26","0",NULL,"0.00",NULL,"Insufficient Data"
"cd52a8efd71af3336b14b5039b951cc1","PALHOCA","SC","-27.640827548878654","-48.70947771325603","3","2","170.80","2.33","3","0.33","11.20","0",NULL,"0.00",NULL,"Insufficient Data"
"2bd05d410a8fd26dc4184a15f4f2f588","BELO HORIZONTE","MG","-19.89196162600201","-43.942380636668084","6","6","1316.73","5.00","6","0.00","10.18","0",NULL,"0.00",NULL,"Insufficient Data"
"31da954dc0855f2495c6310f70a2f931","ARARAS","SP","-22.370061245002077","-47.38887462828355","29","29","4583.00","4.21","29","0.10","8.17","3","5.14","0.10","52.35","Watchlist"
"c447f8dd3ed213f291d65ef074a268eb","ASSIS","SP","-22.669353928606768","-50.426931173097316","7","7","655.00","3.71","7","0.29","11.03","0",NULL,"0.00",NULL,"Insufficient Data"
"5fd924b4836098a5be0ecf81ba054ce0","SAO PAULO","SP","-23.53804880179314","-46.50652035793251","7","7","1148.80","4.00","7","0.00","7.99","0",NULL,"0.00",NULL,"Insufficient Data"
"7e959205cebc10adefcb331f934238a4","SAO PAULO","SP","-23.54408811655857","-46.64858211715019","2","0","513.90","1.00","2","1.00",NULL,"0",NULL,NULL,NULL,"Insufficient Data"
"0b90b6df587eb83608a64ea8b390cf07","MARINGA","PR","-23.38247209396672","-51.92796648966987","164","163","28592.32","4.02","163","0.13","14.46","6","9.53","0.04","48.84","Toxic"
"00fc707aaaad2d31347cf883cd2dfe10","MARINGA","PR","-23.38247209396672","-51.92796648966987","103","103","12684.90","4.06","102","0.12","15.11","5","6.36","0.05","47.17","Toxic"
"4b5f66b7adcf57f1ecc0d3c07dd6b177","MARINGA","PR","-23.38247209396672","-51.92796648966987","23","23","6381.78","4.09","22","0.14","14.24","1","20.80","0.04","45.78","Toxic"
"670c26e0f1bf8d0576271d5cfaec6d2b","MARINGA","PR","-23.38247209396672","-51.92796648966987","78","77","6341.60","4.27","78","0.09","14.28","4","33.78","0.05","58.91","Watchlist"
"dc8798cbf453b7e0f98745e396cc5616","SAO PAULO","SP","-23.541383039361254","-46.711854471589234","41","35","2056.30","3.09","41","0.34","13.46","2","8.60","0.06","19.62","Toxic"
"1444c08e64d55fb3c25f0f09c07ffcf2","LAURO DE FREITAS","BA","-12.893166748087063","-38.33787462509413","1","1","2749.00","1.00","1","1.00","10.39","0",NULL,"0.00",NULL,"Insufficient Data"
"53243585a1d6dc2643021fd1853d8905","LAURO DE FREITAS","BA","-12.893166748087063","-38.33787462509413","358","348","222776.05","4.13","356","0.10","13.43","15","8.58","0.04","59.15","Watchlist"
"0bfd0b434243adc5c2e1aa6baf19c6aa","RIO DE JANEIRO","RJ","-22.935058480174064","-43.33359407042857","6","6","371.20","3.67","6","0.00","8.46","0",NULL,"0.00",NULL,"Insufficient Data"
"9b1585752613ec342d03bbab9997ec48","RIO DE JANEIRO","RJ","-22.935058480174064","-43.33359407042857","3","3","4248.98","3.67","3","0.33","8.09","0",NULL,"0.00",NULL,"Insufficient Data"
"3f9c56764fabca627406093dcb3ef0b4","RIO DE JANEIRO","RJ","-22.935058480174064","-43.33359407042857","7","7","909.30","4.71","7","0.00","8.49","0",NULL,"0.00",NULL,"Insufficient Data"
"fce62094ffe6a4009188ec44e681dfdd","SAO PAULO","SP","-23.663855154832156","-46.6857921780803","4","4","2969.70","4.00","4","0.25","13.50","1","15.48","0.25",NULL,"Insufficient Data"
"6989574bd97d9773f10d232b6c07da59","CURITIBA","PR","-25.418049427772555","-49.24877341863132","7","7","2478.40","4.86","7","0.00","10.96","0",NULL,"0.00",NULL,"Insufficient Data"
"33576ec5412fb5905d876f12f33bfde6","CURITIBA","PR","-25.418049427772555","-49.24877341863132","31","31","2718.00","4.10","31","0.10","14.82","1","5.98","0.03","50.80","Toxic"
"bede56095ba33c42038fb85f707b8a42","VALINHOS","SP","-22.972772340415197","-47.01224083195557","2","2","3973.90","4.50","2","0.00","12.58","0",NULL,"0.00",NULL,"Insufficient Data"
"e882b2a25a10b9c057cc49695f222c19","TERESOPOLIS","RJ","-22.417677274664413","-42.97672144300954","57","57","51057.54","4.58","57","0.02","9.55","0",NULL,"0.00","94.81","Excellent"
"adbe70ab2c97442046d393988c8d1d27","MAUA","SP","-23.648730193239814","-46.43630674015864","5","5","289.50","5.00","4","0.00","7.19","0",NULL,"0.00",NULL,"Insufficient Data"
"e49c26c3edfa46d227d5121a6b6e4d37","BREJAO","PE","-9.024839005157318","-36.57020044972058","35","34","3654.25","4.46","35","0.06","11.62","0",NULL,"0.00","78.99","Good"
"d9d43faf741ceaa8da52fdbb81d9e0e3","JUIZ DE FORA","MG","-21.764571387448186","-43.34597324239813","6","4","210.00","3.67","6","0.17","9.15","0",NULL,"0.00",NULL,"Insufficient Data"
"29e6e05b65f93bc224c644319dc52ecf","JUIZ DE FORA","MG","-21.764571387448186","-43.34597324239813","4","4","475.60","4.75","4","0.00","6.92","0",NULL,"0.00",NULL,"Insufficient Data"
"f789d2c4f2c2eb38fc4373e7a4b35264","JUIZ DE FORA","MG","-21.764571387448186","-43.34597324239813","44","44","4864.24","4.16","44","0.11","10.94","2","2.86","0.05","54.15","Watchlist"
"7813ea3ebd9411dc600b4dd01f7a97b9","OSASCO","SP","-23.540899991961357","-46.776112969814946","9","9","1599.40","3.89","9","0.22","13.03","1","5.45","0.11",NULL,"Insufficient Data"
"fe49ee029e61e789a1f3a5525f57ba8d","OSASCO","SP","-23.540899991961357","-46.776112969814946","17","16","2527.59","4.06","17","0.12","10.42","1","2.71","0.06",NULL,"Insufficient Data"
"85044848b1b767db2a4a58526adef4b4","OSASCO","SP","-23.540899991961357","-46.776112969814946","4","4","240.60","3.25","4","0.25","8.79","0",NULL,"0.00",NULL,"Insufficient Data"
"5656537e588803a555b8eb41f07a944b","TAGUATINGA","DF","-15.838225542625702","-48.053400718858065","174","171","8065.93","3.87","174","0.17","11.29","13","8.04","0.08","33.04","Toxic"
"c4b911d06343b21dd906651f8101cb49","VERA CRUZ","SP","-22.22217393101984","-49.822674319538606","2","0","90.98","1.00","2","1.00",NULL,"0",NULL,NULL,NULL,"Insufficient Data"
"00ab3eff1b5192e5f1a63bcecfee11c8","SAO PAULO","SP","-23.627534295197535","-46.60829070808082","1","1","98.00","5.00","1","0.00","9.05","0",NULL,"0.00",NULL,"Insufficient Data"
"0a198e95d32b1be2da9424c962a6ebfa","CONTAGEM","MG","-19.954716106653933","-44.038963744666205","1","1","69.99","5.00","1","0.00","16.05","0",NULL,"0.00",NULL,"Insufficient Data"
"fc0b214b59a83615fea981c6424a02ae","MAUA","SP","-23.641735998374518","-46.47864502112124","1","1","159.90","5.00","1","0.00","4.38","0",NULL,"0.00",NULL,"Insufficient Data"
"89dda63a3c907c468ec88c310ed91213","MAUA","SP","-23.641735998374518","-46.47864502112124","2","1","734.99","3.00","2","0.50","25.44","0",NULL,"0.00",NULL,"Insufficient Data"
"8fe8786ee000001ab51d030dfd4a7bf1","PAULO LOPES","SC","-27.978665492288247","-48.68271760811335","5","5","2255.00","4.60","5","0.00","15.87","0",NULL,"0.00",NULL,"Insufficient Data"
"8dd386be0767c330276ea6a3f96532d3","PAULO LOPES","SC","-27.978665492288247","-48.68271760811335","1","1","89.98","5.00","1","0.00","10.29","0",NULL,"0.00",NULL,"Insufficient Data"
"954e95f20808d7e5d11f0de292d078e0","JOAO MONLEVADE","MG","-19.814703705251688","-43.17040896837951","3","3","158.78","4.67","3","0.00","9.14","0",NULL,"0.00",NULL,"Insufficient Data"
"b83cedfb587e7911540e3f576d6917ce","SAO PAULO","SP","-23.75763122502084","-46.756091869243136","24","24","2224.95","4.21","24","0.13","10.16","2","2.89","0.08","46.22","Toxic"
"fb3cfbc8a86f5d7fbb4d36b8df63f60d","RIO DE JANEIRO","RJ","-22.892248480036507","-43.470866203327205","10","10","1007.30","4.20","10","0.10","7.53","0",NULL,"0.00",NULL,"Insufficient Data"
"778323240ce2830d68aab11794e00bfb","ARARAS","SP","-22.355359127465096","-47.38491597664383","3","3","189.98","4.33","3","0.00","10.55","0",NULL,"0.00",NULL,"Insufficient Data"
"ecccfa2bb93b34a3bf033cc5d1dcdc69","CURITIBA","PR","-25.5070141831112","-49.2759629794623","15","12","1338.64","2.57","14","0.50","32.12","2","18.98","0.17",NULL,"Insufficient Data"
"70126eecc6aa1274392a1743866e9678","BARUERI","SP","-23.542121519278556","-46.86867381625819","3","3","97.40","5.00","3","0.00","5.59","0",NULL,"0.00",NULL,"Insufficient Data"
"71dc18fd8cbf5fd77f45dd8b427abb34","CURITIBA","PR","-25.414543906885594","-49.229875625526795","4","4","1080.00","5.00","4","0.00","10.73","0",NULL,"0.00",NULL,"Insufficient Data"
"eb5b6204dde3a6e03b5f1bb8479f055b","EMBU-GUACU","SP","-23.835126827049795","-46.81408628502835","19","19","452.20","3.95","19","0.11","10.45","1","6.01","0.05",NULL,"Insufficient Data"
"ade45994b717ccee333492330fbf037b","UMUARAMA","PR","-23.7703038826882","-53.2939964443432","10","10","7196.00","4.50","10","0.00","8.41","0",NULL,"0.00",NULL,"Insufficient Data"
"3364a91ec4d56c98e44174de954b94f6","PORTO VELHO","RO","-8.766194545807496","-63.893565458644126","6","6","3579.94","3.83","6","0.17","14.83","0",NULL,"0.00",NULL,"Insufficient Data"
"0adac9fbd9a2b63cccaac4f8756c1ca8","LOUVEIRA","SP","-23.08550507419915","-46.95954096067056","110","106","15960.95","4.05","109","0.11","13.07","7","11.78","0.07","47.38","Toxic"
"fac1a9017ade7bdc94058fc1c969f355","SAO PAULO","SP","-23.527066549337565","-46.6391527868084","9","9","2010.84","4.67","9","0.00","7.71","0",NULL,"0.00",NULL,"Insufficient Data"
"ca3bd7cd9f149df75950150d010fe4a2","SAO PAULO","SP","-23.643527018246886","-46.66280936272233","71","68","9731.85","3.96","71","0.14","13.58","3","3.37","0.04","44.16","Toxic"
"ae9690c6e8fee182c28c9ff8e11ca52c","SAO PAULO","SP","-23.643527018246886","-46.66280936272233","1","1","47.40","5.00","1","0.00","4.48","0",NULL,"0.00",NULL,"Insufficient Data"
"5f1dc28029d2c244352a68107ec2b542","SAO PAULO","SP","-23.502125569130612","-46.741142143638044","62","62","2807.30","4.43","61","0.07","9.55","4","2.37","0.06","67.95","Good"
"39d61be7a92eb77b7da367bd4845bc0e","PIRACICABA","SP","-22.735952742512122","-47.618398620058194","7","7","700.59","4.00","7","0.00","10.78","0",NULL,"0.00",NULL,"Insufficient Data"
"c87abc38c8ed3240861729e1aeadf221","SAO PAULO","SP","-23.626372677390446","-46.730333962724764","1","1","133.00","1.00","1","1.00","10.75","0",NULL,"0.00",NULL,"Insufficient Data"
"7bac63f6603d382cc8d0832eb6c100a8","SAO PAULO","SP","-23.626372677390446","-46.730333962724764","19","19","7751.95","4.00","19","0.11","15.76","3","15.60","0.16",NULL,"Insufficient Data"
"05730013efda596306417c3b09302475","CRICIUMA","SC","-28.678033689593565","-49.33883528084043","4","4","952.00","5.00","4","0.00","9.45","0",NULL,"0.00",NULL,"Insufficient Data"
"6df688df543f90e9b38f4319e75a9d88","BELO HORIZONTE","MG","-19.897440327172735","-43.95717776039552","40","39","1949.96","4.58","40","0.03","7.94","0",NULL,"0.00","86.93","Excellent"
"48e954b2da4f6a750c844173b347ed40","PORTO ALEGRE","RS","-30.108668249875194","-51.22225389903746","2","2","397.80","4.50","2","0.00","8.12","0",NULL,"0.00",NULL,"Insufficient Data"
"b4a476fbd28de64b1e347abf9089366a","ITAPEVI","SP","-23.547053538149346","-46.92972088164854","33","30","5724.04","3.84","32","0.16","12.59","3","4.12","0.10","26.65","Toxic"
"ab91571efab27993ff2f6b36e38055c3","SAO PAULO","SP","-23.647404304203995","-46.63657001303734","3","3","102.24","4.67","3","0.00","13.00","1","1.63","0.33",NULL,"Insufficient Data"
"63272377184e969942f7fff221be858d","SAO PAULO","SP","-23.57034218772486","-46.55119132429378","2","2","149.70","5.00","2","0.00","12.30","0",NULL,"0.00",NULL,"Insufficient Data"
"276677b5d08786d5dce7c2149dcce48b","BELO HORIZONTE","MG","-19.836057733815164","-43.94538236770012","33","31","3522.00","3.91","33","0.15","12.06","3","8.15","0.10","28.36","Toxic"
"cb3dd9ce66268c7a3ca7241ac70ab58c","SAO PAULO","SP","-23.52725903299919","-46.61149456906236","50","48","2879.76","4.15","50","0.10","14.01","3","17.65","0.06","47.01","Toxic"
"834f8533b2ecb6598dd004ff3de7203a","SAO PAULO","SP","-23.45586145851283","-46.744091586764405","43","41","4538.29","3.81","43","0.19","14.66","6","11.53","0.15","15.07","Toxic"
"cd06602b43d8800bd0afad514919d35c","SAO PAULO","SP","-23.596803948794253","-46.634621803173566","44","43","2588.07","3.68","44","0.16","12.60","2","16.03","0.05","29.90","Toxic"
"817f85dbb65aa3e70831d90fe75cdf89","TIETE","SP","-23.101621006440027","-47.7118191405568","11","11","1552.27","4.55","11","0.00","18.12","0",NULL,"0.00",NULL,"Insufficient Data"
"ffc470761de7d0232558ba5e786e57b7","GUARULHOS","SP","-23.464178363367665","-46.539335333492126","28","27","1649.01","4.44","27","0.04","9.74","1","8.00","0.04","75.74","Good"
"9803a40e82e45418ab7fb84091af5231","RIO VERDE","GO","-17.804500726924996","-50.916494660436","11","11","4278.75","3.73","11","0.27","15.64","0",NULL,"0.00",NULL,"Insufficient Data"
"42b6488f5b8246d9141712abd4b1b693","MARINGA","PR","-23.42880265355717","-51.948194361390456","2","2","247.99","4.00","2","0.00","7.90","0",NULL,"0.00",NULL,"Insufficient Data"
"83f2b4881141ce3fcd4e985125d3279e","RIBEIRAO PRETO","SP","-21.157005847764577","-47.824920843296184","3","3","60.70","5.00","3","0.00","18.19","1","0.78","0.33",NULL,"Insufficient Data"
"abc015ebac1d283a323ca9db35ede4b9","RIBEIRAO PRETO","SP","-21.157005847764577","-47.824920843296184","12","12","1106.80","4.42","12","0.08","10.81","0",NULL,"0.00",NULL,"Insufficient Data"
"bf961104a38e01b9062ee026bb657dee","RIBEIRAO PRETO","SP","-21.157005847764577","-47.824920843296184","4","4","585.56","4.50","4","0.00","9.06","0",NULL,"0.00",NULL,"Insufficient Data"
"64cc804291f90c81f02bfc2bb58ff55a","CURITIBA","PR","-25.480181998926014","-49.344495492266645","2","2","517.60","5.00","2","0.00","14.76","0",NULL,"0.00",NULL,"Insufficient Data"
"c9aafcd0621b2207c10e32c649cada4d","SAO PAULO","SP","-23.49536204342706","-46.44672815165372","44","40","2997.25","4.02","44","0.18","8.71","4","2.06","0.10","32.95","Toxic"
"bb3dca718920a4d7ec3cc9ffb025108b","SAO PAULO","SP","-23.49536204342706","-46.44672815165372","2","2","108.00","3.00","2","0.50","11.95","0",NULL,"0.00",NULL,"Insufficient Data"
"54065e9aef7e9e9c2dc23b7594db021a","RIO DE JANEIRO","RJ","-22.905686000249073","-43.17715630706048","14","12","8003.00","3.86","14","0.21","12.42","0",NULL,"0.00",NULL,"Insufficient Data"
"02a2272692e13558373c66db98f05e2e","RIO DE JANEIRO","RJ","-22.905686000249073","-43.17715630706048","2","0","54.98","3.00","2","0.50",NULL,"0",NULL,NULL,NULL,"Insufficient Data"
"dbbcfe2c8d026742134ac3e28ccde274","CURITIBA","PR","-25.48303081488761","-49.25480361170288","4","4","308.59","4.00","4","0.25","8.29","0",NULL,"0.00",NULL,"Insufficient Data"
"bd15ee794d5e640d9dd71b665b2ab15b","RIBEIRAO PRETO","SP","-21.14049592228316","-47.76651818751377","12","12","374.80","4.00","12","0.08","14.47","2","12.27","0.17",NULL,"Insufficient Data"
"24a6daf925d9d591870a66660416de31","RIBEIRAO PRETO","SP","-21.14049592228316","-47.76651818751377","2","2","60.00","4.50","2","0.00","13.62","0",NULL,"0.00",NULL,"Insufficient Data"
"87142160b41353c4e5fca2360caf6f92","PORTO ALEGRE","RS","-30.008181567706295","-51.20130443913637","305","305","31095.98","4.41","304","0.05","10.93","17","5.70","0.06","75.62","Good"
"f08a5b9dd6767129688d001acafc21e5","PORTO ALEGRE","RS","-30.008181567706295","-51.20130443913637","11","11","14069.63","4.27","11","0.09","18.87","2","0.88","0.18",NULL,"Insufficient Data"
"1976a05ecf2996d6ffb7b5430e635fe7","ASSIS","SP","-22.655502343064512","-50.42571007913952","8","8","1796.20","3.88","8","0.13","17.63","2","5.19","0.25",NULL,"Insufficient Data"
"bccf933e006e9b94a6184af782963e77","ASSIS","SP","-22.655502343064512","-50.42571007913952","45","45","4162.74","4.52","44","0.02","11.70","1","5.72","0.02","82.37","Excellent"
"f97e2b0650c2068227e1d366140eb62f","SANTO ANTONIO DE POSSE","SP","-22.605618431997765","-46.92044723813351","16","16","3654.00","4.00","15","0.20","14.79","1","16.80","0.06",NULL,"Insufficient Data"
"4d8809767a5bafe22909c77951fb6b41","EMBU DAS ARTES","SP","-23.64878072764483","-46.84902416891697","1","0","50.00","5.00","1","0.00",NULL,"0",NULL,NULL,NULL,"Insufficient Data"
"edb1ef5e36e0c8cd84eb3c9b003e486d","TERESOPOLIS","RJ","-22.431184122826373","-42.9702210850494","166","165","79284.55","4.42","166","0.07","11.90","13","13.21","0.08","69.16","Good"
"43b2c864251aa0ce4030c746984e088a","BRASILIA","DF","-15.840002227136704","-48.02467532124984","2","2","94.80","3.00","2","0.50","5.62","0",NULL,"0.00",NULL,"Insufficient Data"
"79b93a308a97792cf53ac75f46da00b5","RIO DE JANEIRO","RJ","-22.985312022606546","-43.20414276378718","1","1","99.90","5.00","1","0.00","22.52","0",NULL,"0.00",NULL,"Insufficient Data"
"d4a5e99e0dd915df64ba55a7fbd583fd","SAO PAULO","SP","-23.52385994109238","-46.69580554263966","2","2","65.15","3.00","2","0.50","12.59","0",NULL,"0.00",NULL,"Insufficient Data"
"b8bc237ba3788b23da09c0f1f3a3288c","ITAJAI","SC","-26.91257382981319","-48.67397974813434","45","45","13685.71","4.32","44","0.05","11.74","1","2.99","0.02","78.25","Good"
"4e0d109ccfba9a1151c103049880c857","SAO JOAO DE MERITI","RJ","-22.775193331957862","-43.382929842060825","2","2","279.89","3.00","2","0.50","19.23","0",NULL,"0.00",NULL,"Insufficient Data"
"901b460cdce0c64e471230d7f2f9f3a3","PORTO ALEGRE","RS","-30.049924834136856","-51.201922639241616","5","5","1904.00","4.40","5","0.00","15.52","0",NULL,"0.00",NULL,"Insufficient Data"
"5721089ba9214e80074f27d5a03fc0eb","SAO PAULO","SP","-23.56711189502812","-46.66081341581777","5","5","245.93","5.00","5","0.00","7.44","0",NULL,"0.00",NULL,"Insufficient Data"
"0d33a55da925bbf1ff02af5f6059fc7f","SAO PAULO","SP","-23.599535586507244","-46.735436371547834","22","22","547.30","4.45","22","0.05","8.48","1","5.78","0.05","73.15","Good"
"688756f717c462a206ad854c5027a64a","GUARULHOS","SP","-23.45332396857464","-46.53993397498517","83","81","5966.54","3.87","82","0.12","10.76","7","3.18","0.09","37.10","Toxic"
"058cb5aeb36d7c0fcae20fc85d5e0a59","RIO DE JANEIRO","RJ","-22.832902971525172","-43.41230278119792","12","11","1328.00","3.58","12","0.25","10.09","1","9.89","0.09",NULL,"Insufficient Data"
"1cbcd2ee0afb3fc09963b87eb65e7e4f","CURITIBA","PR","-25.376941287989247","-49.23529486864069","1","1","90.00","5.00","1","0.00","4.32","0",NULL,"0.00",NULL,"Insufficient Data"
"3d700782d7818f2c1e0d7a9e9d75fc00","SERTANOPOLIS","PR","-23.059061150910857","-51.037541668178726","3","3","149.70","3.67","3","0.33","25.73","1","14.88","0.33",NULL,"Insufficient Data"
"610f72e407cdd7caaa2f8167b0163fd8","SAO PAULO","SP","-23.536082809674177","-46.6495393904693","16","16","13585.16","3.63","16","0.25","12.70","2","12.78","0.13",NULL,"Insufficient Data"
"131fcb0a0c9a47bba4474aacff0f14b7","SAO PAULO","SP","-23.536082809674177","-46.6495393904693","4","4","369.80","4.00","4","0.00","4.30","0",NULL,"0.00",NULL,"Insufficient Data"
"8b87cd0d43d49b9bdf40f56229364d59","SAO PAULO","SP","-23.586392536105222","-46.632292260896016","5","2","1552.90","2.60","5","0.60","15.34","0",NULL,"0.00",NULL,"Insufficient Data"
"8cbac7e12637ed9cffa18c7875207478","JARAGUA DO SUL","SC","-26.471036788451826","-49.11565414149591","67","66","2990.98","4.12","67","0.07","13.94","4","7.34","0.06","50.84","Toxic"
"85e7c62c1d6ea078c3897424f867a7c8","ITAPEMA","SC","-27.104775732473943","-48.62229620137121","2","2","60.00","4.50","2","0.00","7.86","0",NULL,"0.00",NULL,"Insufficient Data"
"62760d278921b5f352461620d68a9cee","SALTO","SP","-23.202746267669987","-47.29586644694693","3","3","397.00","3.67","3","0.33","19.68","1","2.63","0.33",NULL,"Insufficient Data"
"2ff97219cb8622eaf3cd89b7d9c09824","SALTO","SP","-23.202746267669987","-47.29586644694693","89","87","4476.90","4.53","89","0.02","8.97","5","9.67","0.06","78.55","Good"
"5a9b3bcab695173c820e53934574ae80","SALTO","SP","-23.202746267669987","-47.29586644694693","1","1","139.00","5.00","1","0.00","7.14","0",NULL,"0.00",NULL,"Insufficient Data"
"a5a1bfcf728ab0e19182959cf0771ee4","SOCORRO","SP","-22.59637304014357","-46.50720671996105","21","21","1812.96","4.33","21","0.05","13.41","2","28.79","0.10","55.61","Watchlist"
"ea3ebea5317b0efbc663ecc8ce5e9bc2","FLORIANOPOLIS","SC","-27.589316882452717","-48.52246814146247","3","3","299.70","4.00","3","0.00","9.39","0",NULL,"0.00",NULL,"Insufficient Data"
"a154d7316f158bb42e6fa18bbe3afd3a","SAO PAULO","SP","-23.499143398150068","-46.48329854879862","2","2","139.80","3.00","2","0.50","47.49","1","42.70","0.50",NULL,"Insufficient Data"
"3c7c4a49ec3c6550809089c6a2ca9370","SAO PAULO","SP","-23.499143398150068","-46.48329854879862","141","139","4033.64","3.66","141","0.23","9.57","11","11.59","0.08","26.15","Toxic"
"87f3e35268860433e13d577825aada95","BOM JESUS DOS PERDOES","SP","-23.13827698917556","-46.46861253251347","3","1","161.70","1.00","2","1.00","51.50","0",NULL,"0.00",NULL,"Insufficient Data"
"60ad151920c4f6f3ebbe8cfdf6166779","CARAPICUIBA","SP","-23.530075823734478","-46.83339598887207","2","0","130.00","1.00","2","1.00",NULL,"0",NULL,NULL,NULL,"Insufficient Data"
"f262cbc1c910c83959f849465454ddd3","SAO PAULO","SP","-23.535168520314638","-46.497267848770896","192","189","10482.83","4.15","191","0.10","9.11","18","6.03","0.10","51.75","Watchlist"
"ef990a83bbea832f36ebe81376335aa8","JOINVILLE","SC","-26.328275192563538","-48.88032525991248","43","43","4642.59","3.63","43","0.23","16.92","11","7.22","0.26","8.01","Toxic"
"c353f8fc0ce8344999f17d578eb69a5e","PORTO ALEGRE","RS","-30.065786895558777","-51.22599388213198","2","2","175.98","5.00","2","0.00","9.96","0",NULL,"0.00",NULL,"Insufficient Data"
"d66c11a9572221d92fbb8c4897db5f9b","RIO DE JANEIRO","RJ","-22.892631104117815","-43.286013573263176","16","16","776.56","4.56","16","0.00","8.55","0",NULL,"0.00",NULL,"Insufficient Data"
"97e50a621f8e801f4baf69e08687c192","SAO PAULO","SP","-23.586165074198572","-46.601134770697186","1","1","89.90","5.00","1","0.00","9.45","0",NULL,"0.00",NULL,"Insufficient Data"
"4d9fea3499bdc22aa4da4e339365f215","SAO PAULO","SP","-23.586165074198572","-46.601134770697186","2","2","192.54","5.00","2","0.00","12.67","0",NULL,"0.00",NULL,"Insufficient Data"
"c7246702dc991a06d788120dc7544391","FORTALEZA","CE","-3.758396168580586","-38.56817645033786","1","1","54.86","5.00","1","0.00","20.99","0",NULL,"0.00",NULL,"Insufficient Data"
"6c12e40690c335dbc2f68a4134d30dc1","CASTRO","PR","-24.806893427540267","-50.00061681236041","16","16","9139.20","4.07","14","0.07","13.35","0",NULL,"0.00",NULL,"Insufficient Data"
"b561927807645834b59ef0d16ba55a24","SAO PAULO","SP","-23.468175098069317","-46.720253444474324","85","85","4501.99","4.34","85","0.07","12.61","12","14.18","0.14","52.06","Watchlist"
"de09d00cfc265b8804c7df34075a68fa","SAO PAULO","SP","-23.515006511347327","-46.59277463488238","3","3","784.00","3.33","3","0.33","6.15","0",NULL,"0.00",NULL,"Insufficient Data"
"01cf7e3d21494c41fb86034f2e714fa1","FRANCISCO BELTRAO","PR","-26.044305666376307","-53.06371355213211","61","59","9729.36","4.15","60","0.12","11.79","3","12.82","0.05","53.48","Watchlist"
"40ec8ab6cdafbcc4f544da38c67da39a","FRANCISCO BELTRAO","PR","-26.044305666376307","-53.06371355213211","2","2","117.80","5.00","2","0.00","6.58","0",NULL,"0.00",NULL,"Insufficient Data"
"91f0eec23d4a61d7d7caeefa3f0ad1ca","TUBARAO","SC","-28.47592154374265","-49.01172864670756","11","11","2190.80","3.55","11","0.27","26.14","3","26.54","0.27",NULL,"Insufficient Data"
"2be17df1c49978426251562096c3cc09","TUBARAO","SC","-28.47592154374265","-49.01172864670756","16","16","2165.00","4.19","16","0.06","12.27","1","1.43","0.06",NULL,"Insufficient Data"
"ad14615bdd492b01b0d97922e87cb87f","TUBARAO","SC","-28.47592154374265","-49.01172864670756","1","1","8.25","5.00","1","0.00","13.58","0",NULL,"0.00",NULL,"Insufficient Data"
"f0563bacf40c311f1c4d3d6b67b8a7a7","TUBARAO","SC","-28.47592154374265","-49.01172864670756","1","0","1199.00","1.00","1","1.00",NULL,"0",NULL,NULL,NULL,"Insufficient Data"
"63bc58679c44e8a998792119fd7ad23e","SAO PAULO","SP","-23.5804105867347","-46.74276227935013","1","0","19.90","1.00","1","1.00",NULL,"0",NULL,NULL,NULL,"Insufficient Data"
"e9c6969d40e6a3d2d0f90013165c2b98","SAO PAULO","SP","-23.553725492206343","-46.52277326545763","10","10","5239.98","4.40","10","0.10","9.09","0",NULL,"0.00",NULL,"Insufficient Data"
"2c00c85d30361cd2ced2969cffbbffa3","BELO HORIZONTE","MG","-19.878923245107313","-43.93150497890123","1","1","49.80","5.00","1","0.00","1.87","0",NULL,"0.00",NULL,"Insufficient Data"
"6b9b80d53ba3676eafe60268a810b5a1","BELO HORIZONTE","MG","-19.878923245107313","-43.93150497890123","10","9","882.70","3.90","10","0.20","12.04","0",NULL,"0.00",NULL,"Insufficient Data"
"26562f211dd1364af2a8596dc945e8ae","SAO BERNARDO DO CAMPO","SP","-23.709470844712847","-46.540881790498744","2","2","99.00","5.00","2","0.00","2.26","0",NULL,"0.00",NULL,"Insufficient Data"
"ccf8813e5a7d6c84d865cd38bfc2b130","TAUBATE","SP","-23.022806049124334","-45.550847355737325","26","26","2635.50","4.38","26","0.08","11.43","2","4.70","0.08","59.01","Watchlist"
"49383af7ab774e4e8f3000f49c83dc4b","TAUBATE","SP","-23.022806049124334","-45.550847355737325","8","8","660.00","4.38","8","0.00","8.09","0",NULL,"0.00",NULL,"Insufficient Data"
"5a93f3ab0ef4c84ed5e1b5dbf23978bc","MONTEIRO LOBATO","SP","-22.953714882106723","-45.839550230520295","39","38","2338.25","4.69","39","0.05","15.09","1","32.04","0.03","74.80","Good"
"0e72c1a751b496722a6cb1f10653b62a","OSASCO","SP","-23.509788585391924","-46.76684853672089","3","3","140.80","4.67","3","0.00","6.89","0",NULL,"0.00",NULL,"Insufficient Data"
"6806dad1da97bfb5a9038eac6881f706","GUARATUBA","PR","-25.88786696166487","-48.58448614693004","10","10","1477.00","3.95","10","0.00","16.82","1","0.50","0.10",NULL,"Insufficient Data"
"68ca56ce86830f3d31b1b7ec6a54da3e","GUARATUBA","PR","-25.88786696166487","-48.58448614693004","6","5","719.59","3.83","6","0.00","4.89","0",NULL,"0.00",NULL,"Insufficient Data"
"88ef59b51bdaa941d10a853429f2b6ce","GUARATUBA","PR","-25.88786696166487","-48.58448614693004","2","2","252.90","2.00","2","0.50","6.20","0",NULL,"0.00",NULL,"Insufficient Data"
"4ef4c39cf3c24f326434cf0b2e48046a","SAO PAULO","SP","-23.532683468084457","-46.665586314214785","8","7","891.00","3.38","8","0.38","13.28","1","2.73","0.14",NULL,"Insufficient Data"
"e7df4cd29ab5abab70fb0783ddb53987","SAO PAULO","SP","-23.602705431158117","-46.62176814565115","23","23","9608.70","4.30","23","0.09","10.16","4","4.51","0.17","51.38","Toxic"
"01c97ebb5cdac52891c0ed1c37ba0012","CATANDUVA","SP","-21.12102843224972","-48.97081828471117","9","9","577.50","4.22","9","0.00","13.93","0",NULL,"0.00",NULL,"Insufficient Data"
"1fddcb7b326905d3ad5efe82187db347","SAO PAULO","SP","-23.46687349566678","-46.58000203721854","1","0","92.00","1.00","1","1.00",NULL,"0",NULL,NULL,NULL,"Insufficient Data"
"04308b1ee57b6625f47df1d56f00eedf","BOMBINHAS","SC","-27.156572530334913","-48.50320378589787","94","92","60130.60","3.88","94","0.18","18.88","11","8.87","0.12","24.94","Toxic"
"821fb029fc6e495ca4f08a35d51e53a5","SAO PAULO","SP","-23.505871338521402","-46.62468256911272","28","24","19187.42","3.41","27","0.33","16.79","9","7.62","0.38","10.64","Toxic"
"98dac6635aee4995d501a3972e047414","SAO PAULO","SP","-23.505871338521402","-46.62468256911272","91","89","4235.85","4.14","90","0.14","9.62","8","1.71","0.09","42.79","Toxic"
"15aac934c58d886785ac1b17953ea898","MUQUI","ES","-20.952064735661384","-41.342187048258076","25","25","4353.90","4.24","25","0.08","14.31","3","13.78","0.12","46.57","Toxic"
"3d621842b2ed28e2b474132480edac3c","SAO PAULO","SP","-23.51528265832235","-46.440756043913304","10","8","928.91","3.90","10","0.20","9.90","0",NULL,"0.00",NULL,"Insufficient Data"
"077c5fae4bea9500e3737b16f71b9d3a","SOROCABA","SP","-23.531731945338556","-47.499803510587874","4","4","106.80","4.50","4","0.00","8.32","0",NULL,"0.00",NULL,"Insufficient Data"
"455f46ef09a9e45667e2981df84b5cc2","SOROCABA","SP","-23.531731945338556","-47.499803510587874","2","1","59.80","2.50","2","0.50","13.02","0",NULL,"0.00",NULL,"Insufficient Data"
"a7c88262832dfc683781d6a421edefae","MOGI DAS CRUZES","SP","-23.522840094345337","-46.19554584116181","5","5","1520.00","4.20","5","0.00","11.18","0",NULL,"0.00",NULL,"Insufficient Data"
"596849622429351f47b32e6cae1055ff","MOGI DAS CRUZES","SP","-23.522840094345337","-46.19554584116181","14","13","1104.70","4.00","13","0.08","5.48","0",NULL,"0.00",NULL,"Insufficient Data"
"ff1fb4c404b2efe68b03350a8dc24122","MOGI DAS CRUZES","SP","-23.522840094345337","-46.19554584116181","46","46","6771.00","4.00","46","0.13","10.31","7","3.41","0.15","32.89","Toxic"
"bc07d855eac23aab5ac8a120f21d16b2","MOGI DAS CRUZES","SP","-23.522840094345337","-46.19554584116181","12","11","1283.11","4.17","12","0.17","13.38","2","6.77","0.18",NULL,"Insufficient Data"
"01ed254b9ff8407dfb9d99ba1e17d923","MOGI DAS CRUZES","SP","-23.522840094345337","-46.19554584116181","5","5","1465.99","5.00","5","0.00","6.68","0",NULL,"0.00",NULL,"Insufficient Data"
"4e92348462c75b6c842b994ce84a0ed4","CACHOEIRINHA","RS","-29.941081316868793","-51.10745666222594","1","1","69.90","5.00","1","0.00","9.84","0",NULL,"0.00",NULL,"Insufficient Data"
"a2a41aedb70551d4a85aa04dc2fced48","SAO PAULO","SP","-23.689349532967487","-46.67905904490649","2","2","52.79","4.00","2","0.00","8.87","0",NULL,"0.00",NULL,"Insufficient Data"
"1fe61aa5494bd3ae92a2c13e067c810f","SANTA CECILIA","SC","-26.96028281522882","-50.41834564086907","1","1","537.76","4.00","1","0.00","7.99","0",NULL,"0.00",NULL,"Insufficient Data"
"8d956fec2e4337affcb520f56fd8cbfd","SBCAMPO","SP","-23.715049594657135","-46.53726820837794","211","210","11015.19","4.20","211","0.08","9.27","22","4.05","0.10","57.81","Watchlist"
"dfc5fb7259bb2b599ca565e6e9448f0f","SBCAMPO","SP","-23.715049594657135","-46.53726820837794","33","33","6124.63","4.12","33","0.09","13.26","1","15.10","0.03","57.96","Watchlist"
"bca9230d3bbb4efa51872bf605a2f1ad","SAO PAULO","SP","-23.621197888443746","-46.60394747117314","5","5","117.57","4.00","5","0.20","7.05","1","4.72","0.20",NULL,"Insufficient Data"
"cea729054f157f5870bdd321a958d994","SAO PAULO","SP","-23.577276892320533","-46.56338617640831","24","24","2482.10","4.13","24","0.00","7.27","1","1.82","0.04","68.80","Good"
"0df3984f9dfb3d49ac6366acbd3bbb85","BETIM","MG","-19.951799038267154","-44.19603748039602","87","86","10021.49","4.34","87","0.10","9.55","1","16.74","0.01","73.31","Good"
"4e06067cc08b3f41d837768d392c3ee3","BETIM","MG","-19.951799038267154","-44.19603748039602","31","31","941.72","4.13","31","0.06","10.26","1","28.74","0.03","62.17","Watchlist"
"bba74270a87732727b5a3b4fd9ac1c39","BETIM","MG","-19.951799038267154","-44.19603748039602","36","35","6001.59","3.97","36","0.08","9.72","0",NULL,"0.00","63.12","Watchlist"
"377bc18334c78dd2f1535ef22a3ad225","SAO JOSE DOS PINHAIS","PR","-25.5624037594301","-49.17116237789533","1","1","135.98","5.00","1","0.00","9.89","0",NULL,"0.00",NULL,"Insufficient Data"
"3d0cd21d41671c46f82cd11176bf7277","JOINVILLE","SC","-26.287074320291687","-48.873739813753716","9","9","447.80","4.67","9","0.00","12.85","0",NULL,"0.00",NULL,"Insufficient Data"
"3dfd3dc96f7f8598eca74e9ac8a2fa31","SAO PAULO","SP","-23.55933843441267","-46.570974070732184","6","6","183.00","4.00","6","0.17","12.23","1","10.66","0.17",NULL,"Insufficient Data"
"41c9d3997dd3c072c31139dc5bb5761f","ARAXA","MG","-19.605227525304738","-46.92587490743117","3","3","998.80","4.33","3","0.00","22.21","0",NULL,"0.00",NULL,"Insufficient Data"
"c679fb69a36e1d8349e8c50a217b4d58","CAXIAS DO SUL","RS","-29.1663138115949","-51.17831394250233","14","14","1825.68","3.85","13","0.23","11.07","2","9.78","0.14",NULL,"Insufficient Data"
"13511db12ac61e2f89c53b72a944a60b","CAXIAS DO SUL","RS","-29.1663138115949","-51.17831394250233","6","6","798.00","3.50","6","0.33","9.17","1","0.82","0.17",NULL,"Insufficient Data"
"9c3c24eca51c52b91c1de727d2a2ae06","CAXIAS DO SUL","RS","-29.1663138115949","-51.17831394250233","6","6","307.50","4.50","6","0.00","10.61","0",NULL,"0.00",NULL,"Insufficient Data"
"5aaa890629f83706d8d9bfecd8377c1c","PETROPOLIS","RJ","-22.432229262800227","-43.14086038411682","1","0","48.90","1.00","1","1.00",NULL,"0",NULL,NULL,NULL,"Insufficient Data"
"14d7985702e72162bbf13b6beb74ab2b","SANTO ANDRE","SP","-23.69492254625712","-46.49711830677247","37","37","3887.00","4.32","37","0.05","11.06","5","15.54","0.14","55.46","Watchlist"
"b3f19518fcec265b2e97af287725f981","TANABI","SP","-20.623521591055773","-49.651958449765466","9","8","486.91","4.22","9","0.00","10.67","0",NULL,"0.00",NULL,"Insufficient Data"
"7daca0837f033a41a6f3428c18657533","TANABI","SP","-20.623521591055773","-49.651958449765466","7","7","1228.98","3.57","7","0.29","14.34","2","6.42","0.29",NULL,"Insufficient Data"
"ba8e85df286308fe68a2ce83a8f8b2d6","PALHOCA","SC","-27.67819854503959","-48.68709681646421","1","1","80.90","5.00","1","0.00","9.85","0",NULL,"0.00",NULL,"Insufficient Data"
"ea4e9ce63a2134743b4a92777437fcdd","PALHOCA","SC","-27.67819854503959","-48.68709681646421","3","3","316.60","4.67","3","0.00","10.11","0",NULL,"0.00",NULL,"Insufficient Data"
"86ff3eaef0267069cc891a2ed9d10a17","PALHOCA","SC","-27.67819854503959","-48.68709681646421","7","7","409.75","4.71","7","0.00","8.96","0",NULL,"0.00",NULL,"Insufficient Data"
"bc47d5d1490df2b36add65d733eafaba","SANTO ANDRE","SP","-23.76294585048319","-46.473361103844674","24","21","1004.80","3.25","24","0.29","12.85","2","6.27","0.10","14.01","Toxic"
"63191ead8d3b2f937cd1996fdcbbad20","JUNDIAI","SP","-23.176397106134768","-46.97415662176982","1","1","367.00","5.00","1","0.00","11.92","0",NULL,"0.00",NULL,"Insufficient Data"
"63704069d9bd3a75c1cf59babe56004a","JUNDIAI","SP","-23.176397106134768","-46.97415662176982","1","1","59.30","1.00","1","1.00","18.28","1","7.78","1.00",NULL,"Insufficient Data"
"99002261c568a84cce14d43fcffb43ea","CUIABA","MT","-15.66015569626835","-56.05149681161842","36","36","4088.00","3.72","36","0.14","16.84","3","5.53","0.08","25.43","Toxic"
"3442f8959a84dea7ee197c632cb2df15","CAMPINAS","SP","-22.893848032534084","-47.06133702244194","3","3","218.70","3.00","3","0.33","13.02","1","3.71","0.33",NULL,"Insufficient Data"
"e0eabded302882513ced4ea3eb0c7059","CAMPINAS","SP","-22.893848032534084","-47.06133702244194","8","8","978.40","4.63","8","0.00","11.45","0",NULL,"0.00",NULL,"Insufficient Data"
"626ab1cd96932367f0eeec2e47046c12","SAO PAULO","SP","-23.531259230328423","-46.69735447980675","3","3","1310.00","4.67","3","0.00","7.19","0",NULL,"0.00",NULL,"Insufficient Data"
"252e76235acb79183cfca6e34f13337d","CAMPINAS","SP","-22.887802678045407","-47.03827277348356","3","3","261.20","3.33","3","0.33","14.13","0",NULL,"0.00",NULL,"Insufficient Data"
"10264f60a8f0a4d2f30810f5c661c673","CAMPINAS","SP","-22.887802678045407","-47.03827277348356","4","4","284.60","5.00","4","0.00","4.13","0",NULL,"0.00",NULL,"Insufficient Data"
"c013e57c075a06e5b5c48ee03c525719","SAO CARLOS","SP","-22.005220870242518","-47.85621631942499","42","42","1971.55","4.24","42","0.02","9.19","3","4.74","0.07","64.99","Watchlist"
"61c36f0fc4a47f9532e5512b66668e62","GUARULHOS","SP","-23.48497650740309","-46.55173501816082","1","1","750.00","1.00","1","1.00","12.31","0",NULL,"0.00",NULL,"Insufficient Data"
"76ea5315acb3f5f7ade3cd261faf922a","SAO PAULO","SP","-23.592504115039187","-46.602402683692056","15","15","1087.06","4.27","15","0.07","8.68","1","2.66","0.07",NULL,"Insufficient Data"
"834f3294fba9f932f56edc879193f925","ARARAQUARA","SP","-21.821529671917023","-48.14485939614036","66","66","39907.50","4.55","66","0.03","14.30","4","7.78","0.06","77.20","Good"
"61b18775be84fb700a6b2d0ba097bf66","ARARAQUARA","SP","-21.821529671917023","-48.14485939614036","4","4","334.50","4.75","4","0.00","10.58","0",NULL,"0.00",NULL,"Insufficient Data"
"7cf4ea70955b00d6b3c22542598e2715","SAO PAULO","SP","-23.527288449571635","-46.64016432350875","1","1","189.90","5.00","1","0.00","7.10","0",NULL,"0.00",NULL,"Insufficient Data"
"9cea4682e16655f7da87f406902e989e","ARAUCARIA","PR","-25.544521880722883","-49.36104447895513","4","4","87.76","4.00","4","0.25","10.07","0",NULL,"0.00",NULL,"Insufficient Data"
"820c7c9eaf76d2b226b6c242bcf3f34d","SAO PAULO","SP","-23.646983781242415","-46.71872159590327","1","1","559.00","4.00","1","0.00","17.76","0",NULL,"0.00",NULL,"Insufficient Data"
"fe701d88b67eaca109dffd464d1be9f9","RIO DE JANEIRO","RJ","-22.91961810551607","-42.839789575585336","11","10","1548.90","4.00","11","0.18","12.42","1","1.69","0.10",NULL,"Insufficient Data"
"cbbd5ae8f53de5f5097cd8217b529e24","SANTANA DE PARNAIBA","SP","-23.46370323028584","-46.85247290281745","2","1","351.80","2.50","2","0.50","20.77","0",NULL,"0.00",NULL,"Insufficient Data"
"f62d7bb4a613ec758a03342d46b580b2","VICOSA","MG","-20.75473463853932","-42.87751998529492","32","32","24665.00","4.38","32","0.06","13.87","4","4.81","0.13","59.25","Watchlist"
"c35affa65afd250151285c5917fc1c8a","SAO PAULO","SP","-23.51121324471153","-46.458844679310076","9","8","5279.91","4.00","9","0.11","17.26","1","45.97","0.13",NULL,"Insufficient Data"
"f88adb15807168d3c43d71021090ce4a","PORTO FERREIRA","SP","-21.866032425983516","-47.47810175812131","3","3","488.80","3.33","3","0.00","6.36","0",NULL,"0.00",NULL,"Insufficient Data"
"23613d49c3ac2bd302259e55c06c050c","PORTO FERREIRA","SP","-21.866032425983516","-47.47810175812131","70","69","4293.00","3.83","69","0.16","13.98","10","5.62","0.14","18.63","Toxic"
"f5f2ab9bdb6b30c14c61be68c5ed37da","PORTO FERREIRA","SP","-21.866032425983516","-47.47810175812131","18","18","2134.68","4.28","18","0.11","13.45","2","10.83","0.11",NULL,"Insufficient Data"
"2a261b5b644fa05f4f2700eb93544f2c","PORTO FERREIRA","SP","-21.866032425983516","-47.47810175812131","51","51","5355.00","3.86","51","0.18","14.07","10","6.75","0.20","16.81","Toxic"
"ec4608a1f76453166bb312b2968aeaf4","PORTO FERREIRA","SP","-21.866032425983516","-47.47810175812131","18","17","1181.75","3.17","18","0.28","15.29","4","15.23","0.24",NULL,"Insufficient Data"
"0dfbed20065e425d2eaefb101f9816c0","PORTO FERREIRA","SP","-21.866032425983516","-47.47810175812131","3","3","84.35","2.67","3","0.33","21.57","1","19.95","0.33",NULL,"Insufficient Data"
"4e42581f08e8cfc7c090f930bac4552a","PORTO FERREIRA","SP","-21.866032425983516","-47.47810175812131","3","1","336.00","1.00","3","1.00","47.10","1","12.86","1.00",NULL,"Insufficient Data"
"20611af7866c6068fd5ae1f9dbe15c92","PORTO FERREIRA","SP","-21.866032425983516","-47.47810175812131","2","2","219.80","4.50","2","0.00","8.54","0",NULL,"0.00",NULL,"Insufficient Data"
"babcc0ab201e4c60188427cae51a5b8b","PORTO FERREIRA","SP","-21.866032425983516","-47.47810175812131","1","1","79.00","5.00","1","0.00","8.20","0",NULL,"0.00",NULL,"Insufficient Data"
"c3251e13f1bbda6c74e37c160f991e19","PORTO FERREIRA","SP","-21.866032425983516","-47.47810175812131","2","2","437.80","5.00","2","0.00","13.26","0",NULL,"0.00",NULL,"Insufficient Data"
"4cc4fd4fdd406a85bbdc1f824b731bd7","TOLEDO","PR","-24.720782448085927","-53.72045160088671","1","1","539.98","5.00","1","0.00","8.30","0",NULL,"0.00",NULL,"Insufficient Data"
"d1ef48b38baca7e831711c4a0aeb398f","APUCARANA","PR","-23.55447708066194","-51.46575603144136","29","28","1469.12","4.45","29","0.03","9.91","3","2.32","0.11","63.86","Watchlist"
"d94ba08b99bedd6a5f6c875ecc4a6fac","APUCARANA","PR","-23.55447708066194","-51.46575603144136","9","8","599.00","4.78","9","0.00","12.50","0",NULL,"0.00",NULL,"Insufficient Data"
"26d8a1c7c75d513045798992ead43aa2","APUCARANA","PR","-23.55447708066194","-51.46575603144136","36","34","8244.12","4.31","36","0.11","12.72","3","13.75","0.09","52.65","Watchlist"
"5debea795b07621e1f90532e18f96145","APUCARANA","PR","-23.55447708066194","-51.46575603144136","25","25","1883.78","4.36","25","0.04","10.35","0",NULL,"0.00","78.55","Good"
"b5b800c4065bebf4d3442311c9857344","SAO PAULO","SP","-23.5477367584284","-46.49499620393508","1","1","79.90","5.00","1","0.00","6.46","0",NULL,"0.00",NULL,"Insufficient Data"
"1e47defeeadeca0e9a18fa5a9311e735","CATANDUVA","SP","-21.14135802669546","-48.97534937731125","3","3","234.12","5.00","3","0.00","12.02","0",NULL,"0.00",NULL,"Insufficient Data"
"2fb25ab44bdbeae6a4d816e0d0c9d500","VOLTA REDONDA","RJ","-22.50773318999879","-44.12954335242706","5","5","683.08","4.80","5","0.00","8.52","0",NULL,"0.00",NULL,"Insufficient Data"
"71039d19d4303bf9054d69e9a9236699","SAO PAULO","SP","-23.532302489410046","-46.61134431577276","35","35","3537.20","3.80","35","0.20","13.89","8","5.04","0.23","11.81","Toxic"
"dda37071807e404c5bb2a1590c66326f","SAO PAULO","SP","-23.58861427295196","-46.54391819853247","1","1","199.99","5.00","1","0.00","16.58","0",NULL,"0.00",NULL,"Insufficient Data"
"e9874ae10b2d60d43917b6bbfa13a599","ROLANDIA","PR","-23.318147782057768","-51.39161964122817","1","1","199.00","5.00","1","0.00","6.68","0",NULL,"0.00",NULL,"Insufficient Data"
"b9c0ffa92f3ff9a5a3d45ef7213c0842","SAO PAULO","SP","-23.531185574566056","-46.4380071682881","3","3","490.00","5.00","3","0.00","21.18","0",NULL,"0.00",NULL,"Insufficient Data"
"3586b8580d9c917874e053a1bb37b5ff","ARARAQUARA","SP","-21.772225708483827","-48.18022222658397","36","36","1524.70","4.42","36","0.00","13.62","1","20.66","0.03","74.50","Good"
"af3ef48d0e13835e529c29ac573c63e5","ARARAQUARA","SP","-21.772225708483827","-48.18022222658397","21","21","1405.63","3.76","21","0.19","7.93","1","4.06","0.05","32.81","Toxic"
"3fd1e727ba94cfe122d165e176ce7967","ARARAQUARA","SP","-21.772225708483827","-48.18022222658397","37","35","2805.20","3.78","37","0.19","15.71","7","9.30","0.20","10.17","Toxic"
"974cf2cb8f4b7add98709c30df02fe10","ARARAQUARA","SP","-21.772225708483827","-48.18022222658397","33","30","2982.67","4.06","33","0.06","11.27","1","13.93","0.03","60.33","Watchlist"
"340636a908b13bbe0f4fb63fbe1d0c03","SAO JOSE DOS CAMPOS","SP","-23.224298357534785","-45.91320082089596","5","3","823.20","3.40","5","0.40","7.83","0",NULL,"0.00",NULL,"Insufficient Data"
"2dcf93836ae3ce0d7c93e2f10876467a","SAO JOSE DOS CAMPOS","SP","-23.224298357534785","-45.91320082089596","9","9","1443.80","4.11","9","0.00","6.50","2","3.17","0.22",NULL,"Insufficient Data"
"3bdff180c7e1f6551a643b99c265a120","SAO PAULO","SP","-23.710419062430674","-46.69325441198315","59","56","3114.90","4.09","58","0.09","10.03","3","3.08","0.05","54.28","Watchlist"
"d3e7d37c0df9aef383f3f2a15b0dddfb","SAO JOSE DOS PINHAIS","PR","-25.499611064183394","-49.17715331430012","1","1","161.00","5.00","1","0.00","13.08","0",NULL,"0.00",NULL,"Insufficient Data"
"822b63912576852aea9a8436d72317b7","MOGI GUACU","SP","-22.366040649505823","-46.93816713358193","8","6","4905.69","3.88","8","0.25","23.30","0",NULL,"0.00",NULL,"Insufficient Data"
"902c99f1ac505c0d18778b61bcd636f7","MOGI GUACU","SP","-22.366040649505823","-46.93816713358193","4","3","157.96","4.00","4","0.25","4.85","0",NULL,"0.00",NULL,"Insufficient Data"
"c3e1abd72a42fe690fcd89cf5720fe29","MOGI GUACU","SP","-22.366040649505823","-46.93816713358193","13","13","1798.61","4.46","13","0.08","4.31","0",NULL,"0.00",NULL,"Insufficient Data"
"b98b715fe9e276204e2a3464f48cd796","SAO PAULO","SP","-23.483849928733704","-46.48181903473252","6","4","450.58","3.33","6","0.33","11.32","1","0.02","0.25",NULL,"Insufficient Data"
"c70c1b0d8ca86052f45a432a38b73958","HORTOLANDIA","SP","-22.88998236045834","-47.19898012005198","261","260","36537.37","4.36","259","0.08","8.08","22","5.80","0.08","69.57","Good"
"b9ec22de23f18567de0e09d776ca0309","SAMAMBAIA","DF","-15.86228115295691","-48.080445040655235","2","2","341.98","5.00","2","0.00","6.54","0",NULL,"0.00",NULL,"Insufficient Data"
"606ce7768feac12c5e8bd58db8b08f0f","CAMPINAS","SP","-22.823420763935186","-47.08719295680403","5","5","2916.60","4.80","5","0.00","9.73","0",NULL,"0.00",NULL,"Insufficient Data"
"66e0557ecc2b4dbea057e93f215f68d8","SAO PAULO","SP","-23.6815868904108","-46.71207372527155","31","30","12480.00","3.94","31","0.10","31.73","8","7.41","0.27","28.86","Toxic"
"e174dc2de86d60fee178170a154c05e7","SANTO ANDRE","SP","-23.63738184885249","-46.52809787861085","1","0","19.80","1.00","1","1.00",NULL,"0",NULL,NULL,NULL,"Insufficient Data"
"d13e50eaa47b4cbe9eb81465865d8cfc","SANTO ANDRE","SP","-23.63738184885249","-46.52809787861085","67","66","7155.05","4.82","67","0.03","5.04","14","1.41","0.21","69.45","Good"
"edb58a1390adf273840030a3d6253829","PIRACICABA","SP","-22.691518954467213","-47.64095276810299","1","1","39.90","5.00","1","0.00","5.50","0",NULL,"0.00",NULL,"Insufficient Data"
"189ca3538ce9f920cacf0f982cbe223b","SAO PAULO","SP","-23.551668533356004","-46.48650877535165","4","4","419.00","4.25","4","0.00","4.12","0",NULL,"0.00",NULL,"Insufficient Data"
"fd435faa3c0422b60440ea3480d0e77c","JOAO PESSOA","PB","-7.167711137112336","-34.85586576199041","1","1","749.00","5.00","1","0.00","9.47","0",NULL,"0.00",NULL,"Insufficient Data"
"c18309219e789960add0b2255ca4b091","RIO DE JANEIRO","RJ","-22.927918848210947","-43.231972121774945","1","1","9.90","5.00","1","0.00","14.19","0",NULL,"0.00",NULL,"Insufficient Data"
"164a5a8794e6d42e14f55e447b12a3bc","GUAIRA","PR","-24.086744528896745","-54.25118501409776","1","1","73.99","5.00","1","0.00","13.41","0",NULL,"0.00",NULL,"Insufficient Data"
"c66dccfb3f109511246da627dd5a2498","REGISTRO","SP","-24.498837779550897","-47.846161286509876","45","44","12708.55","4.49","45","0.04","11.34","2","4.76","0.05","79.84","Excellent"
"2199e7fe213c16213bf5d6a7eadc9a5d","REGISTRO","SP","-24.498837779550897","-47.846161286509876","25","24","4078.29","4.24","25","0.08","10.78","1","4.09","0.04","64.09","Watchlist"
"4869f7a5dfa277a7dca6462dcf3b52b2","GUARIBA","SP","-21.363501709799397","-48.22960077888056","1132","1124","229472.63","4.13","1124","0.11","15.06","130","9.06","0.12","42.17","Toxic"
"2b3b9ce054da76a7428df143a567b156","SAO PAULO","SP","-23.574835967738572","-46.496808783178295","5","5","301.00","3.60","5","0.20","8.19","0",NULL,"0.00",NULL,"Insufficient Data"
"4450bd8327d471c4a11a83d1445b1b62","COTIA","SP","-23.5994748775545","-46.872588006131","1","1","199.00","5.00","1","0.00","7.31","0",NULL,"0.00",NULL,"Insufficient Data"
"1336efc61c316ddf92c899eb817f7cae","ASSIS","SP","-22.665586099934295","-50.41524708602695","74","74","4837.31","4.00","74","0.11","11.73","7","7.68","0.09","40.05","Toxic"
"717b78b0950b51ed00b1471d858b0edc","ALAMBARI","SP","-23.56157106605844","-47.88510054852834","5","5","138.60","4.00","5","0.20","21.33","1","29.80","0.20",NULL,"Insufficient Data"
"04aa0a1c5ce6b222003403a3e11c3cc0","COSMOPOLIS","SP","-22.641854186411006","-47.18938510071238","11","11","5518.00","4.09","11","0.18","17.52","2","6.31","0.18",NULL,"Insufficient Data"
"6b89abe95848c850399130d149a39b63","PIRACANJUBA","GO","-17.30349906583519","-49.026368790889975","8","8","1135.20","4.38","8","0.13","11.26","0",NULL,"0.00",NULL,"Insufficient Data"
"52454f90d4c30c016768db02f88c1a74","CAMPINAS","SP","-22.8773975253753","-47.02946851223154","3","3","80.50","3.67","3","0.00","12.70","0",NULL,"0.00",NULL,"Insufficient Data"
"7357b52d27cbaa90f81a96cbc1279396","LAGOA SANTA","MG","-19.636520104484394","-43.89965142692267","12","12","1328.02","4.33","12","0.08","9.85","1","38.61","0.08",NULL,"Insufficient Data"
"e3a386fc36e22064434e1fa256f6a9fa","ENGENHEIRO COELHO","SP","-22.48781772335237","-47.204554712534524","16","16","793.90","4.19","16","0.06","10.07","3","7.38","0.19",NULL,"Insufficient Data"
"17998cf586426bf0f2c3726cb0a4b211","BELO HORIZONTE","MG","-19.913379943766742","-43.95870189476296","2","2","69.80","4.00","2","0.00","8.39","0",NULL,"0.00",NULL,"Insufficient Data"
"2f1e7b90e01d9f086cbcb301c0c3d406","BLUMENAU","SC","-26.947572578379816","-49.07072639411816","1","1","59.00","5.00","1","0.00","7.11","0",NULL,"0.00",NULL,"Insufficient Data"
"fc38b5dceee1a730fad8853453437fbd","CAMPINAS","SP","-22.884602705368057","-47.06730188388008","5","5","119.20","4.60","5","0.00","7.97","0",NULL,"0.00",NULL,"Insufficient Data"
"bbf4a892cac7b82422baa711dffb8997","CURITIBA","PR","-25.39657589455284","-49.26576244564953","1","1","70.00","5.00","1","0.00","3.01","0",NULL,"0.00",NULL,"Insufficient Data"
"e644cbadf7eeb30d0d29f335ce7d52ec","SAO PAULO","SP","-23.52982460593583","-46.6181735516324","8","7","878.90","3.63","8","0.13","6.88","0",NULL,"0.00",NULL,"Insufficient Data"
"e1c76f339ebd5460999f25a2aa8c92c5","SAO PAULO","SP","-23.52982460593583","-46.6181735516324","1","1","899.90","5.00","1","0.00","29.84","0",NULL,"0.00",NULL,"Insufficient Data"
"91f848e9f4be368f4318775aac733370","SAO PAULO","SP","-23.52982460593583","-46.6181735516324","63","60","5932.60","4.28","61","0.07","9.94","2","4.22","0.03","71.62","Good"
"f9244d45189d3a3605499abddeade7d5","SAO PAULO","SP","-23.52982460593583","-46.6181735516324","21","20","15731.43","4.29","21","0.05","15.18","0",NULL,"0.00","76.15","Good"
"7b98de631987e26dd6d803490c43a13c","LOANDA","PR","-22.929383785209307","-53.13587259427024","8","8","634.20","4.63","8","0.00","10.58","0",NULL,"0.00",NULL,"Insufficient Data"
"df560393f3a51e74553ab94004ba5c87","LOANDA","PR","-22.929383785209307","-53.13587259427024","28","26","3661.18","3.68","28","0.14","18.47","2","20.97","0.08","24.04","Toxic"
"9c54608f0996c32ae4743089d915f845","LOANDA","PR","-22.929383785209307","-53.13587259427024","3","3","194.80","4.00","3","0.00","12.22","0",NULL,"0.00",NULL,"Insufficient Data"
"bdb3edbaee43a761e2d4f258dc08f348","LENCOIS PAULISTA","SP","-22.59365074826413","-48.799662311412945","5","5","259.50","3.80","5","0.20","11.95","1","7.01","0.20",NULL,"Insufficient Data"
"1c68394e931a64f90ea236c5ea590300","SARANDI","PR","-23.433450486351425","-51.86670281115602","142","142","24832.75","3.90","142","0.13","16.05","5","21.21","0.04","43.94","Toxic"
"de9727ca376d1be6ec121b110aa7954c","SARANDI","PR","-23.433450486351425","-51.86670281115602","10","9","1058.70","3.80","10","0.10","11.99","1","2.76","0.11",NULL,"Insufficient Data"
"3febca52652e7209509ccfe61cbde40e","ITAQUAQUECETUBA","SP","-23.48123768102669","-46.31574187234527","2","0","84.00","2.00","2","0.50",NULL,"0",NULL,NULL,NULL,"Insufficient Data"
"f1ed6bd0a9b11b581f16c851c6a5a527","PORTO ALEGRE","RS","-30.00409696311077","-51.19631899770258","17","17","1622.77","4.41","17","0.06","20.99","1","6.86","0.06",NULL,"Insufficient Data"
"c9e5ad1f6647f5dbd1172adf6ae3cada","PORTO ALEGRE","RS","-30.00409696311077","-51.19631899770258","4","4","259.03","4.75","4","0.00","9.25","0",NULL,"0.00",NULL,"Insufficient Data"
"1127b7f2594683f2510f1c2c834a486b","CAMPINAS","SP","-22.85798998347002","-47.053050880477336","114","110","6851.33","4.09","114","0.10","9.35","3","4.06","0.03","60.64","Watchlist"
"bf100ecb7997df312b285358fb32f92c","SAO JOSE DOS PINHAIS","PR","-25.520219665355686","-49.125033050362866","20","20","1991.90","4.44","18","0.00","9.66","0",NULL,"0.00",NULL,"Insufficient Data"
"365e445f796710c3431557e85caa25db","SAO PAULO","SP","-23.612920131950528","-46.66202770921537","4","4","1115.00","4.50","4","0.00","8.39","0",NULL,"0.00",NULL,"Insufficient Data"
"67883baaae6134ee81b271a542613728","SAO PAULO","SP","-23.56165294846951","-46.65602130430725","19","19","8167.90","4.11","19","0.05","5.84","3","2.72","0.16",NULL,"Insufficient Data"
"fa14641f57b655e933124a9ea49cd7a5","SAO PAULO","SP","-23.56165294846951","-46.65602130430725","7","7","359.93","4.57","7","0.00","6.98","0",NULL,"0.00",NULL,"Insufficient Data"
"a0d7fbb07bb5ebc3b05980e750db56f3","FERRAZ DE VASCONCELOS","SP","-23.54481488145259","-46.36585649268775","3","3","848.99","2.33","3","0.67","16.23","0",NULL,"0.00",NULL,"Insufficient Data"
"8e6d7754bc7e0f22c96d255ebda59eba","SAO JOSE DOS CAMPOS","SP","-23.24668068731421","-45.88690913568323","85","84","14497.27","3.57","85","0.21","15.29","14","10.76","0.17","14.28","Toxic"
"2d378dbb39815785238c0139c7647fb7","SAO FRANCISCO DO SUL","SC","-26.245563705378828","-48.607888958499416","2","2","1154.00","5.00","2","0.00","19.64","0",NULL,"0.00",NULL,"Insufficient Data"
"e46bc031f2c5bae4ccb40bb90712e9b4","SAO PAULO","SP","-23.479934887284397","-46.74217745507366","1","0","277.30","1.00","1","1.00",NULL,"0",NULL,NULL,NULL,"Insufficient Data"
"b9de031b671cd48b28fae9d828cbf2b4","SAO PAULO","SP","-23.609330706660415","-46.604427891377654","1","1","155.32","5.00","1","0.00","9.23","0",NULL,"0.00",NULL,"Insufficient Data"
"e8b4225284fbb02d16f200513f1f395d","NOVO HORIZONTE","SP","-21.469600955340294","-49.222216847438304","31","30","5788.52","4.19","31","0.06","10.22","3","6.20","0.10","56.85","Watchlist"
"4a5b36211b1f51bf7eaa5c10a57fa483","SAO GONCALO","RJ","-22.819261693552438","-43.03476520349312","1","1","139.19","5.00","1","0.00","4.04","0",NULL,"0.00",NULL,"Insufficient Data"
"8fb67a334bacec338885b4e9e1708073","TOLEDO","PR","-24.71295584259675","-53.73495778703588","1","1","59.90","5.00","1","0.00","8.21","0",NULL,"0.00",NULL,"Insufficient Data"
"d197aa8fbc64087f61984deef05f6227","SAO JOSE DOS CAMPOS","SP","-23.17830010088749","-45.823462362520274","6","6","519.09","4.83","6","0.00","7.41","0",NULL,"0.00",NULL,"Insufficient Data"
"8e34331b7eedd03be4e5d965c1956225","SAO PAULO","SP","-23.58911875974283","-46.63631366826861","5","5","145.00","4.80","5","0.00","13.95","1","6.03","0.20",NULL,"Insufficient Data"
"01fdefa7697d26ad920e9e0346d4bd1b","LONDRINA","PR","-23.33133681639531","-51.17724545430462","129","128","14921.43","4.35","128","0.06","10.73","8","5.36","0.06","71.80","Good"
"f0ec6a2adb05c62655a26dd347b8dede","SAO PAULO","SP","-23.54950569815466","-46.64843251428849","1","0","72.00","1.00","1","1.00",NULL,"0",NULL,NULL,NULL,"Insufficient Data"
"1690cada046eb7e92c12f98b1f8a8167","SAO PAULO","SP","-23.54950569815466","-46.64843251428849","11","10","1959.00","4.55","11","0.09","7.35","1","2.62","0.10",NULL,"Insufficient Data"
"b8578d2d823bd8e251f6fdd02b40902d","BLUMENAU","SC","-26.796411407228035","-49.09590143933176","9","9","1255.60","4.44","9","0.11","9.92","0",NULL,"0.00",NULL,"Insufficient Data"
"392353362d22cc2c236e1ee81ff19890","BLUMENAU","SC","-26.796411407228035","-49.09590143933176","5","5","288.70","4.60","5","0.00","7.73","0",NULL,"0.00",NULL,"Insufficient Data"
"dd264199fc8b687ad029de7de6d760e6","CASCAVEL","PR","-24.93406854509024","-53.42368146577138","1","1","87.90","5.00","1","0.00","18.08","0",NULL,"0.00",NULL,"Insufficient Data"
"5444b12c82f21c923f2639ebc722c1ea","SAO PAULO","SP","-23.509988340079175","-46.607764415391046","1","0","169.90","4.00","1","0.00",NULL,"0",NULL,NULL,NULL,"Insufficient Data"
"edf3fabebcc20f7463cc9c53da932ea8","SAO PAULO","SP","-23.62705221927802","-46.473162413196356","1","1","219.90","4.00","1","0.00","21.08","1","4.97","1.00",NULL,"Insufficient Data"
"643214e62b870443ccbe55ab29a4dccf","SAO PAULO","SP","-23.498613267408857","-46.57978572229729","66","65","3270.13","4.41","66","0.03","9.59","8","3.21","0.12","63.46","Watchlist"
"1a8e2d9c38b84a9702ac7922924b0573","ARAQUARI","SC","-26.407378348238254","-48.758112726410005","1","1","80.00","5.00","1","0.00","15.60","0",NULL,"0.00",NULL,"Insufficient Data"
"c8cc60ffd415254af5d9b9f34f32c369","SOROCABA","SP","-23.501131587536285","-47.51857928049104","8","8","722.20","4.75","8","0.00","5.48","0",NULL,"0.00",NULL,"Insufficient Data"
"8ea394aed8138685abe1eb9f25e1021d","SOROCABA","SP","-23.501131587536285","-47.51857928049104","2","2","1340.00","4.00","2","0.00","11.29","0",NULL,"0.00",NULL,"Insufficient Data"
"8629a7efec1aab257e58cda559f03ba7","GOIANIA","GO","-16.710022071030718","-49.26658700280382","1","1","45.22","1.00","1","1.00","59.23","1","33.81","1.00",NULL,"Insufficient Data"
"e1b12447a7563944843191754aeb5562","GUARULHOS","SP","-23.414620232376254","-46.49509272403017","9","9","472.46","4.44","9","0.11","14.48","2","5.19","0.22",NULL,"Insufficient Data"
"3c010235b7345c92f125d14ee232a76b","MANDIRITUBA","PR","-25.770383610713115","-49.32480184605346","15","15","3578.00","4.67","15","0.00","11.04","0",NULL,"0.00",NULL,"Insufficient Data"
"52092ddbd3a58c450a4459bf051b2287","DOIS CORREGOS","SP","-22.368024597233408","-48.38626197922241","6","6","351.70","4.33","6","0.17","12.90","0",NULL,"0.00",NULL,"Insufficient Data"
"238fac594e170b59c6d228f5a4f4f1d9","DOIS CORREGOS","SP","-22.368024597233408","-48.38626197922241","29","29","3126.00","4.00","28","0.11","12.01","3","9.22","0.10","36.39","Toxic"
"31eec405c9bb71dec8e2629a92e764fa","CACHOEIRO DE ITAPEMIRIM","ES","-20.847459653832125","-41.12005826115421","5","5","256.89","4.60","5","0.00","8.57","0",NULL,"0.00",NULL,"Insufficient Data"
"fec6275253471ace26d209bbaa64cd0f","NOVA FRIBURGO","RJ","-22.269903758517668","-42.51971931487772","9","9","2840.00","4.56","9","0.11","14.16","0",NULL,"0.00",NULL,"Insufficient Data"
"abe021b01ba992245271b9aa422032df","CURITIBA","PR","-25.437577798221543","-49.28191719332035","2","2","6720.00","3.50","2","0.00","17.93","0",NULL,"0.00",NULL,"Insufficient Data"
"ad273c9eb54ecb4532de4bf75bae9e4e","CURITIBA","PR","-25.437577798221543","-49.28191719332035","10","10","645.00","4.10","10","0.10","12.21","0",NULL,"0.00",NULL,"Insufficient Data"
"6861de0f40cacb0602e473c51639f980","CURITIBA","PR","-25.437577798221543","-49.28191719332035","5","5","674.00","3.60","5","0.20","13.84","1","6.72","0.20",NULL,"Insufficient Data"
"f35becee938e982bd615edf8ef12bcfb","ALVARES MACHADO","SP","-22.076993687405864","-51.46756282500047","6","6","148.59","4.00","6","0.00","7.92","0",NULL,"0.00",NULL,"Insufficient Data"
"a2fa0bdc798ee84cdb08281337cf4fb6","FLORIANOPOLIS","SC","-27.681687821916558","-48.490773516662394","10","8","392.75","4.00","10","0.20","18.21","0",NULL,"0.00",NULL,"Insufficient Data"
"5de1c80811ce7007f62f00d971236c09","FLORIANOPOLIS","SC","-27.681687821916558","-48.490773516662394","2","2","76.80","5.00","2","0.00","8.07","0",NULL,"0.00",NULL,"Insufficient Data"
"8ec76bb0965af3f007692b26fa9d6623","CRICIUMA","SC","-28.69121147375418","-49.38705471956821","1","1","1999.00","5.00","1","0.00","11.31","0",NULL,"0.00",NULL,"Insufficient Data"
"4371b634e0efc0e22b09b52907d9d469","SAO PAULO","SP","-23.50870254456776","-46.61833692171872","102","101","8194.00","4.45","101","0.06","11.12","8","6.91","0.08","68.99","Good"
"bd697db56ff8e7c9cd1abeb7f72029b2","SAO PAULO","SP","-23.54455956404852","-46.51680506788675","22","21","3069.78","4.18","22","0.09","10.88","0",NULL,"0.00","64.90","Watchlist"
"9c1c0c36cd23c20897e473901a8fb149","PRAIA GRANDE","SP","-24.014394674314207","-46.43835831981761","6","6","544.97","5.00","6","0.00","6.22","0",NULL,"0.00",NULL,"Insufficient Data"
"c76d418370990614e89e956c7a7567d9","TABOAO DA SERRA","SP","-23.62370013493997","-46.80039548773421","2","2","305.24","3.50","2","0.00","10.56","0",NULL,"0.00",NULL,"Insufficient Data"
"53088c75f948b48a7ece173ac17f0c12","TRIUNFO","RS","-29.930632716179666","-51.70738486119434","3","3","261.70","5.00","3","0.00","10.96","0",NULL,"0.00",NULL,"Insufficient Data"
"d7ab82074b5f1dfba46db123df101bff","ATIBAIA","SP","-23.123122478910517","-46.54158063237094","2","2","38.67","4.50","2","0.00","5.94","0",NULL,"0.00",NULL,"Insufficient Data"
"c157bdeedcbc9a8e3c8bf0d87ff24428","MAIRINQUE","SP","-23.536502958352987","-47.18889011605328","7","7","514.27","4.43","7","0.00","12.14","0",NULL,"0.00",NULL,"Insufficient Data"
"1ca7077d890b907f89be8c954a02686a","SANTANA DE PARNAIBA","SP","-23.41861386678535","-46.95887633541417","115","108","13341.57","2.33","114","0.54","15.54","24","5.03","0.22","9.59","Toxic"
"df47da4ae86fa4db890d05aaf24e21d8","SAO PAULO","SP","-23.64003625615019","-46.66328463779025","5","5","310.50","4.20","5","0.20","7.05","0",NULL,"0.00",NULL,"Insufficient Data"
"9fbd5666d8618fa571c4230fafa09bd6","SAO PAULO","SP","-23.64003625615019","-46.66328463779025","1","1","79.90","5.00","1","0.00","13.12","0",NULL,"0.00",NULL,"Insufficient Data"
"5db42a6cd9bf1bf0d3aab9582767f168","VITORIA","ES","-20.32003852852719","-40.332921888602904","1","1","200.00","5.00","1","0.00","16.87","0",NULL,"0.00",NULL,"Insufficient Data"
"98115075dd26cb8835946fc6086f5d30","SAO BERNARDO DO CAMPO","SP","-23.673393633424453","-46.59524050907027","4","4","434.96","4.75","4","0.00","4.26","0",NULL,"0.00",NULL,"Insufficient Data"
"6a38087bc8ad4f89ff453561005f6dea","ANAPOLIS","GO","-16.34935519327304","-48.95546714694175","15","15","1833.43","4.60","15","0.00","10.23","0",NULL,"0.00",NULL,"Insufficient Data"
"a09a13f18ed27932d08438aa6f12756e","SAPIRANGA","RS","-29.636550613199034","-51.00782414855771","1","1","29.90","3.00","1","0.00","8.92","0",NULL,"0.00",NULL,"Insufficient Data"
"a5ff20ff766e7f50bd5066f33da14413","SAO PAULO","SP","-23.592234893589836","-46.73641423141794","2","2","66.59","3.00","2","0.50","5.64","0",NULL,"0.00",NULL,"Insufficient Data"
"e3d3b3efac954a60d61be70b7e05b49b","SAO PAULO","SP","-23.56992184763031","-46.55930875969491","3","3","1282.05","4.33","3","0.00","11.11","0",NULL,"0.00",NULL,"Insufficient Data"
"16bdc8cefd0e32a6f0824d296c5ad14a","BRAGANCA PAULISTA","SP","-22.94395880356871","-46.55429589206512","1","1","41.76","5.00","1","0.00","9.32","0",NULL,"0.00",NULL,"Insufficient Data"
"2138ccb85b11a4ec1e37afbd1c8eda1f","SAO PAULO","SP","-23.539944363160135","-46.439816187506004","396","388","12357.03","3.94","395","0.15","11.35","21","9.46","0.05","43.53","Toxic"
"525e75a6fb1454a2325ab1734bcec221","BARUERI","SP","-23.49707799139454","-46.851058374914146","10","9","657.07","3.60","10","0.20","6.37","0",NULL,"0.00",NULL,"Insufficient Data"
"83c465a786b06574376909b35ef6752a","SAO CARLOS","SP","-22.015004364801626","-47.890181085560975","3","3","281.40","5.00","3","0.00","5.27","0",NULL,"0.00",NULL,"Insufficient Data"
"7315baebc0572ff220d226283dc66728","SAO CARLOS","SP","-22.015004364801626","-47.890181085560975","2","2","49.85","4.00","2","0.00","8.09","0",NULL,"0.00",NULL,"Insufficient Data"
"81336a0f57a33776419727a300249e90","SAO CARLOS","SP","-22.015004364801626","-47.890181085560975","16","15","1374.85","3.88","16","0.13","17.48","3","5.89","0.20",NULL,"Insufficient Data"
"73da1880b39c71de2b262bc7720c1494","SAO CARLOS","SP","-22.015004364801626","-47.890181085560975","2","2","398.00","5.00","2","0.00","8.23","0",NULL,"0.00",NULL,"Insufficient Data"
"d29ba1220fb8634fa3a107e54497b8a4","SAO CARLOS","SP","-22.015004364801626","-47.890181085560975","9","9","724.94","3.22","9","0.33","6.49","0",NULL,"0.00",NULL,"Insufficient Data"
"528ce32f560edd11add4169f6a5b65be","SAO ROQUE","SP","-23.53142439073456","-47.134427650462705","2","2","59.80","5.00","2","0.00","10.17","0",NULL,"0.00",NULL,"Insufficient Data"
"45ba18c210d42734ec52c0c1c574e9ee","SAO ROQUE","SP","-23.53142439073456","-47.134427650462705","38","35","5589.13","3.87","38","0.21","7.46","2","2.32","0.06","36.54","Toxic"
"0bb738e4d789e63e2267697c42d35a2d","SAO ROQUE","SP","-23.53142439073456","-47.134427650462705","30","28","2388.30","4.60","30","0.00","12.09","1","9.84","0.04","78.73","Good"
"3a3e46d10f74d8a6ca76e2b538f106a0","SAO PAULO","SP","-23.50442216582311","-46.65918306701666","3","2","334.90","3.33","3","0.33","19.49","1","0.94","0.50",NULL,"Insufficient Data"
"b1ac6ea7895bc3dd6f0f6f4abbdd2821","CANOAS","RS","-29.919402974839485","-51.1450589289936","40","38","3139.00","4.35","40","0.08","10.18","0",NULL,"0.00","73.82","Good"
"ac3508719a1d8f5b7614b798f70af136","CANOAS","RS","-29.919402974839485","-51.1450589289936","103","101","12775.84","4.60","101","0.03","9.46","3","5.06","0.03","88.60","Excellent"
"81f89e42267213cb94da7ddc301651da","PRESIDENTE PRUDENTE","SP","-22.12813967180841","-51.44143598380818","46","46","3955.00","3.67","46","0.17","7.45","0",NULL,"0.00","44.09","Toxic"
"768de2a4fc06aacecb9a586ccc30746a","CRUZEIRO","DF","-15.781852449476984","-47.93405506253425","14","13","475.60","4.43","14","0.07","14.86","0",NULL,"0.00",NULL,"Insufficient Data"
"4ea2f12dbe91deeacd2c1e74f069a6e6","SAO PAULO","SP","-23.48399524579755","-46.619583993019695","4","4","210.20","4.75","4","0.00","9.46","0",NULL,"0.00",NULL,"Insufficient Data"
"d32e3909cfb714fb2a6cb092c85b9c5f","JUNDIAI","SP","-23.169668058717317","-46.88671516416495","10","10","2827.90","3.50","10","0.30","22.51","3","5.82","0.30",NULL,"Insufficient Data"
"6bb62a4912377c7bfe7cb17b406bc7e6","JUNDIAI","SP","-23.169668058717317","-46.88671516416495","4","4","739.52","4.25","4","0.00","4.57","0",NULL,"0.00",NULL,"Insufficient Data"
"36a968b544695394e4e9d7572688598f","SANTOS","SP","-23.933572609891655","-46.329625277598204","154","148","9482.87","3.65","154","0.19","10.73","7","3.62","0.05","34.95","Toxic"
"0db783cfcd3b73998abc6e10e59a102f","SANTOS","SP","-23.933572609891655","-46.329625277598204","132","132","9077.40","4.21","131","0.08","11.62","5","14.45","0.04","64.99","Watchlist"
"bd4431c1a8dfa744b59e1e2a8bc99b9e","RIO DE JANEIRO","RJ","-22.870098149013963","-43.2972179170696","7","7","809.50","4.57","7","0.00","7.12","0",NULL,"0.00",NULL,"Insufficient Data"
"f5403d3f50089112c4eed37928b7f622","FERNANDOPOLIS","SP","-20.284122537295136","-50.24970393813751","2","0","190.80","1.00","2","1.00",NULL,"0",NULL,NULL,NULL,"Insufficient Data"
"fc5a0d7a310a7a41abf86a458585ff2b","SAO PAULO","SP","-23.52542876006814","-46.51380633487217","2","1","162.80","2.50","2","0.50","13.93","0",NULL,"0.00",NULL,"Insufficient Data"
"59fb871bf6f4522a87ba567b42dafecf","SAO PAULO","SP","-23.52542876006814","-46.51380633487217","126","123","21708.57","4.23","125","0.08","12.00","8","4.96","0.07","61.60","Watchlist"
"f049a72cf58fd31b11f8919cade515e7","SAO PAULO","SP","-23.542330784361457","-46.63137340438762","3","3","138.75","3.33","3","0.33","4.59","0",NULL,"0.00",NULL,"Insufficient Data"
"82921991ff5b557b045605b8bbf08d49","SAO PAULO","SP","-23.542330784361457","-46.63137340438762","1","1","18.90","5.00","1","0.00","4.08","0",NULL,"0.00",NULL,"Insufficient Data"
"db2956745b3a8e9f3785c99f34b5d25e","SAO SEBASTIAO","SP","-23.77173175444799","-45.52529592946437","47","45","8599.00","3.77","47","0.17","14.28","5","6.12","0.11","22.12","Toxic"
"f1198c871e0171278b63f40d112caeec","SAO PAULO","SP","-23.54451401110975","-46.64603990221943","2","2","475.80","4.50","2","0.00","11.41","0",NULL,"0.00",NULL,"Insufficient Data"
"48bad451945f5227341793478d6353ea","SAO PAULO","SP","-23.54451401110975","-46.64603990221943","3","3","307.00","4.00","3","0.00","22.08","1","5.62","0.33",NULL,"Insufficient Data"
"ee2fbacc2fc3794e656cc4d933d59ce7","SAO PAULO","SP","-23.53955359549752","-46.704718778858336","2","2","464.97","4.00","2","0.00","7.08","0",NULL,"0.00",NULL,"Insufficient Data"
"a513150f33f99a06569e9cd5c4bb889b","SAO PAULO","SP","-23.580974143098487","-46.61831033162643","2","2","677.00","4.50","2","0.00","9.66","0",NULL,"0.00",NULL,"Insufficient Data"
"edf96ef93ed595084bbcbd9224bd2894","SAO PAULO","SP","-23.580974143098487","-46.61831033162643","25","25","3757.00","3.88","25","0.08","13.89","3","3.31","0.12","33.83","Toxic"
"e601b04acf48b4576e73ddca9481f0dc","SAO PAULO","SP","-23.707230333178344","-46.624927504731","15","15","491.94","4.07","15","0.20","6.85","0",NULL,"0.00",NULL,"Insufficient Data"
"e603cf3fec55f8697c9059638d6c8eb5","PELOTAS","RS","-31.751071747621015","-52.323201707599914","8","7","297.00","4.25","8","0.00","6.32","0",NULL,"0.00",NULL,"Insufficient Data"
"7f2617c58d5d06806987308b45654351","SAO PAULO","SP","-23.60478047960321","-46.693558557423714","22","22","3656.80","3.82","22","0.14","12.48","2","3.96","0.09","28.62","Toxic"
"89c127985a8b130cfa45c1d36764017a","OSASCO","SP","-23.532463426093493","-46.77954307516129","7","6","1419.57","3.00","6","0.50","10.99","0",NULL,"0.00",NULL,"Insufficient Data"
"044668ccd5316b12a7cf0d54a156e3e9","OSASCO","SP","-23.532463426093493","-46.77954307516129","3","3","137.80","5.00","3","0.00","7.85","0",NULL,"0.00",NULL,"Insufficient Data"
"2379bdc3888025689a9deb7b141507d5","MOGI-MIRIM","SP","-22.420002291515967","-46.96800110638155","9","9","999.50","4.33","9","0.11","18.42","3","17.10","0.33",NULL,"Insufficient Data"
"968268a686aa05d1f529fb07dff08130","SAO PAULO","SP","-23.568944498063477","-46.6300891882054","12","12","4677.29","3.50","12","0.17","9.40","0",NULL,"0.00",NULL,"Insufficient Data"
"3ea00e1dea2b0659dbaf654735929220","CURITIBA","PR","-25.43004408399644","-49.27125731457771","7","7","505.00","4.86","7","0.00","11.45","0",NULL,"0.00",NULL,"Insufficient Data"
"6d22a1fcebb6dd08c9cd90b92a93e8d0","JOINVILLE","SC","-26.33399166138244","-48.9002621420903","12","12","723.70","4.25","12","0.08","15.40","0",NULL,"0.00",NULL,"Insufficient Data"
"5206cc4bc2297c833e6061c49bf9c43f","OSASCO","SP","-23.527692837305906","-46.80134979266691","1","0","35.00","1.00","1","1.00",NULL,"0",NULL,NULL,NULL,"Insufficient Data"
"8b655f0855926bcb49f5835d38dfddf6","OSASCO","SP","-23.527692837305906","-46.80134979266691","5","5","1089.50","4.80","5","0.00","5.61","1","0.01","0.20",NULL,"Insufficient Data"
"d98eec89afa3380e14463da2aabaea72","PORTO ALEGRE","RS","-30.03321276448014","-51.23143789959831","168","168","6968.53","4.34","167","0.07","8.56","4","18.71","0.02","77.27","Good"
"247587846358bb1d2e4c6522020b36fe","SAO JOSE DO RIO PRETO","SP","-20.855380218943676","-49.41099951165804","1","1","99.00","5.00","1","0.00","4.81","0",NULL,"0.00",NULL,"Insufficient Data"
"01bcc9d254a0143f0ce9791b960b2a47","URUACU","GO","-14.518474806651268","-49.142097088752394","11","10","1521.21","4.40","10","0.00","12.79","0",NULL,"0.00",NULL,"Insufficient Data"
"2d42ebcda99fd55f6f4bc2f1ca035d50","URUACU","GO","-14.518474806651268","-49.142097088752394","10","10","921.50","4.30","10","0.10","9.61","0",NULL,"0.00",NULL,"Insufficient Data"
"5151aea44289d6c6b090ee31c2132508","MARILIA","SP","-22.211054243453667","-49.938798019286814","7","7","1315.30","1.83","6","0.67","17.37","0",NULL,"0.00",NULL,"Insufficient Data"
"1c83418358f249c9d6affa52d579db0e","SAO PAULO","SP","-23.5634354904988","-46.65791603919699","1","1","24.90","5.00","1","0.00","10.19","0",NULL,"0.00",NULL,"Insufficient Data"
"e627629ba868740e287800f1a9be81c2","SAO PAULO","SP","-23.563299264968794","-46.66015369245716","13","11","504.50","4.46","13","0.08","6.90","0",NULL,"0.00",NULL,"Insufficient Data"
"7e26c750b4cb9f6766f58265ff9ebe95","BELO HORIZONTE","MG","-19.92134251922916","-43.90615804521913","23","23","1344.30","4.43","23","0.04","9.23","0",NULL,"0.00","81.80","Excellent"
"9fc70243fb26800cba56e8f014797004","BELO HORIZONTE","MG","-19.92134251922916","-43.90615804521913","6","6","466.60","4.50","6","0.00","9.70","0",NULL,"0.00",NULL,"Insufficient Data"
"392f7f2c797e4dc077e4311bde2ab8ce","RIO DE JANEIRO","RJ","-22.843731406376122","-43.30242672582641","2","2","52.00","5.00","2","0.00","5.31","0",NULL,"0.00",NULL,"Insufficient Data"
"95e03ca3d4146e4011985981aeb959b9","RIO DE JANEIRO","RJ","-22.843731406376122","-43.30242672582641","175","172","11009.96","4.02","173","0.10","12.53","6","21.75","0.03","56.24","Watchlist"
"94144541854e298c2d976cb893b81343","VIAMAO","RS","-30.077760743041143","-51.05330632286344","68","68","17286.28","4.25","67","0.06","12.94","3","10.77","0.04","70.14","Good"
"7ad41305e96a6cab8294cd65891e9a86","BOA ESPERANCA","RJ","-22.751923494229857","-42.53355679259949","2","2","180.00","5.00","2","0.00","11.66","0",NULL,"0.00",NULL,"Insufficient Data"
"32b8764b4ef628b53608fc34011fcc13","LAGES","SC","-27.82180315112037","-50.343599326063355","36","36","8884.00","4.19","36","0.06","11.23","3","0.95","0.08","60.19","Watchlist"
"5f06030071324cc52bf0304014ac7234","MARILIA","SP","-22.185586681748315","-49.92633365043049","4","4","783.96","4.00","4","0.00","10.36","0",NULL,"0.00",NULL,"Insufficient Data"
"5415337f1863452476d42d9f14a16a61","BELO HORIZONTE","MG","-19.890277616721733","-43.9993663976706","1","1","44.90","3.00","1","0.00","16.04","0",NULL,"0.00",NULL,"Insufficient Data"
"f46490624488d3ff7ce78613913a7711","GUARULHOS","SP","-23.442890814200965","-46.50673902926126","83","80","5802.85","3.66","83","0.24","10.25","10","6.60","0.13","19.62","Toxic"
"d1c7fa84e48cfa21a0e595167c1c500e","JACUTINGA","RS","-27.72895613334881","-52.5365351282369","12","12","1156.03","4.33","12","0.08","11.88","0",NULL,"0.00",NULL,"Insufficient Data"
"8476243f92442881ddd5b578975cf115","CAMPO BOM","RS","-29.677045008814133","-51.06040344017741","12","12","7838.00","4.08","12","0.17","17.34","1","8.66","0.08",NULL,"Insufficient Data"
"34f563c82a85b99ae9e6d60db5fc2e28","CAMPO BOM","RS","-29.677045008814133","-51.06040344017741","8","8","2332.30","4.63","8","0.00","10.74","0",NULL,"0.00",NULL,"Insufficient Data"
"cf281cf8b7affbdfe751b29cc85580e1","EUSEBIO","CE","-3.8780846128375708","-38.458657123059716","1","0","64.90","1.00","1","1.00",NULL,"0",NULL,NULL,NULL,"Insufficient Data"
"d23019c84ffae2d5ef2270367b8605fc","LONDRINA","PR","-23.281536071411555","-51.18924552681825","39","39","29205.10","4.41","39","0.03","11.28","1","22.72","0.03","83.67","Excellent"
"f3975e8a41157005d4bcbb358678cd9b","PINHALZINHO","SC","-26.847939738284047","-52.98723222324767","2","2","178.80","5.00","2","0.00","8.66","0",NULL,"0.00",NULL,"Insufficient Data"
"ec8463980a4e0ea9f8517aea1ed0c419","FLORIANOPOLIS","SC","-27.592883441504373","-48.552471054192715","2","2","239.20","5.00","2","0.00","11.23","1","2.42","0.50",NULL,"Insufficient Data"
"d2e753bb80b7d4faa77483ed00edc8ca","PORTO SEGURO","BA","-16.432027097855748","-39.07562867228172","14","14","1320.70","3.68","14","0.07","12.98","1","14.08","0.07",NULL,"Insufficient Data"
"964ff64dc05b13811c6d0f41e0aa5f6b","SAO PAULO","SP","-23.628441671418862","-46.62202394660564","1","1","180.00","5.00","1","0.00","6.68","0",NULL,"0.00",NULL,"Insufficient Data"
"091065b789659bc3cd9af9cb3a6253ff","CANOAS","RS","-29.94983922721653","-51.168493858353514","2","2","1359.00","3.50","2","0.00","11.27","0",NULL,"0.00",NULL,"Insufficient Data"
"353e21e8bf8de2722b4fae1636664b76","CANOAS","RS","-29.94983922721653","-51.168493858353514","4","4","208.00","2.50","4","0.50","9.11","0",NULL,"0.00",NULL,"Insufficient Data"
"e5475dcab1e07b63d7f6e902d8f5eda8","DIADEMA","SP","-23.67978713159592","-46.61283983168333","19","19","2192.00","4.11","19","0.05","9.57","1","2.96","0.05",NULL,"Insufficient Data"
"b77a27b1864483e721dc831d5ba4afa0","DUQUE DE CAXIAS","RJ","-22.654106039654454","-43.27799273062863","2","1","41.80","3.50","2","0.00","8.47","0",NULL,"0.00",NULL,"Insufficient Data"
"1fe5540d7c1c37a595fefbacd5570d9e","PARAIBA DO SUL","RJ","-22.16428987434634","-43.29222008230455","20","20","4537.60","4.30","20","0.05","11.86","1","5.75","0.05","67.94","Good"
"7fc87cc3e89b3d1d5cabdca32f8485aa","GUARULHOS","SP","-23.44488202081774","-46.52560802308753","14","14","2153.90","3.57","14","0.29","19.74","4","6.38","0.29",NULL,"Insufficient Data"
"11938fcc75f6902fea1d0a6f72b54a57","SAO MIGUEL DO OESTE","SC","-26.73341376125163","-53.517529914408506","2","2","594.98","3.00","2","0.50","22.37","0",NULL,"0.00",NULL,"Insufficient Data"
"c74f14c1e26cf1bd5bd34b6a1e274426","SAO MIGUEL DO OESTE","SC","-26.73341376125163","-53.517529914408506","1","1","39.00","5.00","1","0.00","24.23","0",NULL,"0.00",NULL,"Insufficient Data"
"8e2b3afb420011ef0c88c9d5f11ea526","CAMPINAS","SP","-22.931980169327538","-47.111841491698556","11","11","1384.50","4.27","11","0.00","10.56","1","2.74","0.09",NULL,"Insufficient Data"
"412a4720f3e9431b4afa1476a1acddbe","CAMPINAS","SP","-22.931980169327538","-47.111841491698556","21","21","2058.10","4.24","21","0.05","10.53","1","56.93","0.05","64.91","Watchlist"
"578fa3a9cb6b6dceab39231ad59cdaca","FORTALEZA","CE","-3.735941631656265","-38.531211615038025","3","3","150.00","3.67","3","0.33","22.40","1","15.73","0.33",NULL,"Insufficient Data"
"aac51c486b672a9850d59f3e84b1cf88","SAO PAULO","SP","-23.4941967589976","-46.682930602863664","10","10","728.28","4.80","10","0.00","4.65","0",NULL,"0.00",NULL,"Insufficient Data"
"83d458c0d6d4f94295d63f091460bd60","VILA VELHA","ES","-20.345030195796223","-40.28790374199657","1","0","89.90","5.00","1","0.00",NULL,"0",NULL,NULL,NULL,"Insufficient Data"
"385799a1cddbd26dfeb9157356a42282","SAO PAULO","SP","-23.661955443864187","-46.678835544350804","5","4","633.93","4.00","5","0.20","8.50","0",NULL,"0.00",NULL,"Insufficient Data"
"681fce914360217db47784ae28905a96","ARAUCARIA","PR","-25.612764068813902","-49.37234951517323","23","23","4127.33","4.00","22","0.14","12.64","3","4.56","0.13","28.55","Toxic"
"fec8cd45395b3cb0c2b173d7739706a1","JAMBEIRO","SP","-23.261683030447273","-45.69815213667702","4","4","1280.00","3.75","4","0.00","10.45","0",NULL,"0.00",NULL,"Insufficient Data"
"c500367424994318b9e779ff1ae9a330","PAULINIA","SP","-22.735332235607455","-47.17665406567105","9","9","4346.40","3.78","9","0.22","16.71","1","4.92","0.11",NULL,"Insufficient Data"
"c990d6cf976a5718aaedc539f383ab88","PAULINIA","SP","-22.735332235607455","-47.17665406567105","10","8","200.90","3.30","10","0.20","19.76","3","14.57","0.38",NULL,"Insufficient Data"
"da6a60cc8cc724fe51be021ff8be779c","SAO PEDRO DA ALDEIA","RJ","-22.80981035611304","-42.16440529771767","12","12","728.79","4.75","12","0.00","7.83","0",NULL,"0.00",NULL,"Insufficient Data"
"22a23e5ac7061fc538cc2a019afaaf16","BELO HORIZONTE","MG","-19.946634191819115","-43.92852281029642","1","1","95.00","3.00","1","0.00","11.03","0",NULL,"0.00",NULL,"Insufficient Data"
"4049512728d969bec69f84088b012416","BELO HORIZONTE","MG","-19.946634191819115","-43.92852281029642","7","7","389.84","5.00","7","0.00","10.47","0",NULL,"0.00",NULL,"Insufficient Data"
"577719699805dd125d5b6fdde5943bba","NOVA PETROPOLIS","RS","-29.375117732594422","-51.10823005629175","8","8","1077.80","4.38","8","0.13","10.28","1","8.82","0.13",NULL,"Insufficient Data"
"c1552b1dab6e6f760950368ae61fb600","SAO JOSE DOS CAMPOS","SP","-23.18545241916594","-45.871646273703995","2","2","53.80","2.50","2","0.50","5.07","0",NULL,"0.00",NULL,"Insufficient Data"
"9646c3513289980f17226a2fc4720dbd","SAO JOSE DOS CAMPOS","SP","-23.18545241916594","-45.871646273703995","71","69","3039.30","4.35","71","0.06","11.20","2","9.40","0.03","71.80","Good"
"ad8b531ae67582f096925cff5630d0d1","CASTRO","PR","-24.792876208199967","-49.99313307387233","3","2","208.35","3.00","3","0.33","20.48","0",NULL,"0.00",NULL,"Insufficient Data"
"457fe919b032a3f7dadba6fb92cf7855","PAULINIA","SP","-22.769600179710014","-47.150402273886904","9","9","1104.89","4.78","9","0.00","5.51","1","0.65","0.11",NULL,"Insufficient Data"
"eb4df17aed01d918c65f0f8d650900c0","PAULINIA","SP","-22.769600179710014","-47.150402273886904","11","11","3739.87","3.91","11","0.09","12.90","3","4.56","0.27",NULL,"Insufficient Data"
"55bb6fe5bebe5012e2d7d9928e1128ff","BAURU","SP","-22.340760688078753","-49.09506969646532","15","15","1816.55","3.47","15","0.20","15.00","2","12.32","0.13",NULL,"Insufficient Data"
"de23c3b98a88888289c6f5cc1209054a","SAO PAULO","SP","-23.57669802149096","-46.71705184930481","164","161","26399.67","4.26","164","0.09","10.95","16","7.25","0.10","58.09","Watchlist"
"33cbbec1e7e1044aaf11d152172c776f","BENTO GONCALVES","RS","-29.15567446557509","-51.51306325887411","15","15","730.67","4.73","15","0.00","8.43","0",NULL,"0.00",NULL,"Insufficient Data"
"13074f016982ff2bd6c58ced8682f000","BENTO GONCALVES","RS","-29.15567446557509","-51.51306325887411","14","13","2116.00","3.93","14","0.14","14.89","4","8.24","0.31",NULL,"Insufficient Data"
"499185655c29ecfdbfe776ef7cf875b5","PORTO ALEGRE","RS","-30.016072959902214","-51.178921325677855","1","1","89.00","4.00","1","0.00","11.12","0",NULL,"0.00",NULL,"Insufficient Data"
"781a66c0d89e30814d49fe8b5e14cd07","CAMPINAS","SP","-22.900296724955908","-47.000376207127","1","1","115.00","1.00","1","1.00","33.12","1","10.65","1.00",NULL,"Insufficient Data"
"3ea08c48e851106d2f584349daba335f","BARBACENA","MG","-21.225722260767256","-43.7889172817381","1","1","170.00","4.00","1","0.00","6.00","0",NULL,"0.00",NULL,"Insufficient Data"
"1a3df491d1c4f1589fc2b934ada68bf2","JOINVILLE","SC","-26.26448500911461","-48.80725552527537","167","160","23302.70","4.19","167","0.05","14.84","9","5.13","0.06","63.05","Watchlist"
"903037660cf848a717166eb7a06d616e","SAO PAULO","SP","-23.625698962888155","-46.74346812072217","45","44","7991.51","3.89","45","0.13","11.84","6","14.75","0.14","29.73","Toxic"
"c8b3445d737de6befde0c88ede534a5e","SAO PAULO","SP","-23.625698962888155","-46.74346812072217","30","30","3149.04","4.43","30","0.07","11.70","1","6.61","0.03","72.06","Good"
"87e24fc7052259b1f7f607d61c10d8be","SAO PAULO","SP","-23.625698962888155","-46.74346812072217","8","7","7473.49","3.50","8","0.25","15.34","1","8.73","0.14",NULL,"Insufficient Data"
"5a413ade68e8f8d93071a7f52a64cb9e","SAO PAULO","SP","-23.519665061102614","-46.48912230917957","14","14","778.90","4.64","14","0.07","4.12","2","3.87","0.14",NULL,"Insufficient Data"
"fcf16b7a8697e559f0123190bb30177d","SAO PAULO","SP","-23.519665061102614","-46.48912230917957","3","3","1052.80","3.33","3","0.33","15.58","2","5.70","0.67",NULL,"Insufficient Data"
"54219883e72aad869adfb2a54b7bfa0f","SOROCABA","SP","-23.49138635112907","-47.4706062539832","5","5","6750.00","3.20","5","0.40","17.01","0",NULL,"0.00",NULL,"Insufficient Data"
"002100f778ceb8431b7a1020ff7ab48f","FRANCA","SP","-20.528759136177378","-47.411109783856105","51","50","1234.50","3.90","51","0.14","16.39","9","8.25","0.18","16.57","Toxic"
"ae45ad30c2d2e5913094769690a239d2","FRANCA","SP","-20.528759136177378","-47.411109783856105","1","1","251.80","5.00","1","0.00","19.20","0",NULL,"0.00",NULL,"Insufficient Data"
"167fd940acebc789debd6eb418c46e38","FRANCA","SP","-20.528759136177378","-47.411109783856105","5","5","1077.58","3.00","5","0.40","15.50","1","2.69","0.20",NULL,"Insufficient Data"
"001cca7ae9ae17fb1caed9dfb1094831","CARIACICA","ES","-20.278512891406116","-40.41167522341207","200","195","25080.03","3.98","197","0.12","13.41","13","11.87","0.07","43.78","Toxic"
"9616352088dcf83a7c06637f4ebf1c80","UMUARAMA","PR","-23.751737598100497","-53.30072958526696","92","91","5703.00","4.30","92","0.07","12.44","0",NULL,"0.00","72.94","Good"
"5dc4bdaf869e8c77c648078cbe8d59c2","FLORIANOPOLIS","SC","-27.59114101826739","-48.509176607977736","1","0","292.99","1.00","1","1.00",NULL,"0",NULL,NULL,NULL,"Insufficient Data"
"f35b3c613c4f7b2275f4185d0a3c59ec","SAO PAULO","SP","-23.561433895535796","-46.68984601367533","9","9","4047.25","4.56","9","0.11","12.80","2","2.97","0.22",NULL,"Insufficient Data"
"f0837c8d71434931d9e38e7b79234797","ARVOREZINHA","RS","-28.87190543829348","-52.180111441190874","22","22","3446.90","4.59","22","0.00","11.82","1","9.61","0.05","78.12","Good"
"ac51cac5e20d69ff485a54746488ef48","RIBEIRAO PRETO","SP","-21.20131082333704","-47.777952473556496","4","3","759.90","3.50","4","0.25","16.31","0",NULL,"0.00",NULL,"Insufficient Data"
"0761743cbffb25d7148189e9f1a5f03a","RIBEIRAO PRETO","SP","-21.20131082333704","-47.777952473556496","3","3","241.20","4.67","3","0.00","13.14","0",NULL,"0.00",NULL,"Insufficient Data"
"670a9dda115b5a88b18cfadee8de2332","RIBEIRAO PRETO","SP","-21.20131082333704","-47.777952473556496","11","11","918.90","4.45","11","0.00","12.30","0",NULL,"0.00",NULL,"Insufficient Data"
"2d2c62bef4c8ba0dd74e0e228e808539","RIBEIRAO PRETO","SP","-21.20131082333704","-47.777952473556496","16","16","3749.00","4.13","16","0.19","10.31","2","6.12","0.13",NULL,"Insufficient Data"
"ad75519a07f039025e83795a4418470f","SANTA TEREZINHA DE GOIAS","GO","-14.430733688418144","-49.71060291807991","3","3","302.10","3.67","3","0.00","9.54","0",NULL,"0.00",NULL,"Insufficient Data"
"7238a95bb63ef7e498389fb863b834a1","LIMEIRA","SP","-22.583825650676154","-47.376386109496885","15","15","2265.70","4.73","15","0.00","7.96","1","0.84","0.07",NULL,"Insufficient Data"
"09f952a5f58d2285b0372551ae8f9b01","SAO BERNARDO DO CAMPO","SP","-23.7063160180378","-46.55695623040587","50","50","11821.50","3.84","50","0.14","13.29","3","23.02","0.06","37.32","Toxic"
"25be943a321c8938947bdaabca979a90","SAO BERNARDO DO CAMPO","SP","-23.7063160180378","-46.55695623040587","5","3","769.00","3.00","5","0.40","3.20","0",NULL,"0.00",NULL,"Insufficient Data"
"cac876b37d3abcd6bd76caca30277996","CASCAVEL","PR","-24.951755468655858","-53.425171814982875","27","27","2229.77","4.46","26","0.04","9.91","1","0.77","0.04","76.63","Good"
"259f7b5e6e482c230e5bfaa670b6bb8f","POA","SP","-23.521944210545925","-46.34087492614052","138","136","8526.04","4.31","137","0.09","8.74","3","7.42","0.02","73.56","Good"
"9bc484c87d79cd4874e05ca182658045","SAO PAULO","SP","-23.47174879024136","-46.63677317670023","9","8","1120.00","4.00","9","0.11","13.12","2","6.35","0.25",NULL,"Insufficient Data"
"de66a66f2dd06bb9ec37aa96987466a3","RIO DE JANEIRO","RJ","-22.89952439510988","-43.23052438041678","7","7","353.32","4.14","7","0.14","15.27","0",NULL,"0.00",NULL,"Insufficient Data"
"6e0908ef4d4efadbc3cc2b74ea477cb0","RIO DE JANEIRO","RJ","-22.89952439510988","-43.23052438041678","8","8","589.45","3.75","8","0.25","12.32","1","6.72","0.13",NULL,"Insufficient Data"
"9591fc341b1bfb7ef561e2968ec6e011","SAO PAULO","SP","-23.685732516732607","-46.67796462779876","1","0","79.90","1.00","1","1.00",NULL,"0",NULL,NULL,NULL,"Insufficient Data"
"455befea1bb853c75ccbca94cff26e5c","RESENDE","RJ","-22.479457551269412","-44.49700600388293","1","1","19.99","3.00","1","0.00","12.44","0",NULL,"0.00",NULL,"Insufficient Data"
"e5def42655b7490edac5a56fe8e9e603","AMPARO","SP","-22.703127966651632","-46.76632136777286","1","1","129.90","5.00","1","0.00","5.83","0",NULL,"0.00",NULL,"Insufficient Data"
"9140bd1d9de28b197dce077bdd687438","AMPARO","SP","-22.703127966651632","-46.76632136777286","6","6","1258.87","4.17","6","0.00","6.24","0",NULL,"0.00",NULL,"Insufficient Data"
"a1040efe9ff4a6f93c28b0499eada8f5","JUNDIAI","SP","-23.220872853278074","-46.8850883285652","1","1","1658.83","5.00","1","0.00","17.28","0",NULL,"0.00",NULL,"Insufficient Data"
"10ff823eda2b032e2c93d17a7d294736","PEDERNEIRAS","SP","-22.348013116995105","-48.78449569702055","9","8","1294.97","3.89","9","0.11","9.77","0",NULL,"0.00",NULL,"Insufficient Data"
"89757206b887aed36f3e18d858460fea","SAO PAULO","SP","-23.563270061400434","-46.599403915167215","2","2","120.50","5.00","2","0.00","9.61","0",NULL,"0.00",NULL,"Insufficient Data"
"aae5e7b457a3c72ee230a47d98fceda5","SAO JOSE DOS PINHAIS","PR","-25.51900260111036","-49.192980370956334","5","5","604.80","4.20","5","0.00","11.92","0",NULL,"0.00",NULL,"Insufficient Data"
"42ef3192a9ff87a22d1867b74b3ee205","SANTO ANDRE","SP","-23.65225089983033","-46.53834444978408","23","23","1354.09","4.65","23","0.04","9.31","0",NULL,"0.00","85.82","Excellent"
"79565f7d5603b24ddf07ade262547f2f","ARARAQUARA","SP","-21.767158575422425","-48.19822719379917","8","7","385.00","4.00","8","0.13","13.24","2","1.48","0.29",NULL,"Insufficient Data"
"1554a68530182680ad5c8b042c3ab563","MONTE SIAO","MG","-22.43021789812108","-46.573405129911585","247","246","29052.53","4.32","245","0.09","14.21","17","17.48","0.07","60.69","Watchlist"
"de0c78824586e9a5f5f04fd84e25df39","VARGEM GRANDE PAULISTA","SP","-23.622578843657745","-47.012727161682115","14","14","2489.30","4.64","14","0.07","6.63","0",NULL,"0.00",NULL,"Insufficient Data"
"b00af24704019bd2e1b335e70ad11f7c","SALVADOR","BA","-13.002628751515164","-38.528707818157486","1","1","189.00","5.00","1","0.00","15.55","0",NULL,"0.00",NULL,"Insufficient Data"
"f3b80352b986ab4d1057a4b724be19d0","GUARA","DF","-15.79970985118922","-47.95136301648394","87","86","10505.10","4.17","87","0.09","10.46","0",NULL,"0.00","69.56","Good"
"6061155addc1e54b4cfb51c1c2a32ad8","CAMPINAS","SP","-22.934052783934792","-47.0414932751288","28","28","15633.40","4.64","28","0.04","5.97","1","2.92","0.04","88.52","Excellent"
"59bbc819b99a733f02f0d6b49d1c253d","CAMPINAS","SP","-22.934052783934792","-47.0414932751288","2","2","139.80","5.00","2","0.00","5.46","0",NULL,"0.00",NULL,"Insufficient Data"
"58b98ccb79873e04eac4357cacc590d9","CAMPINAS","SP","-22.934052783934792","-47.0414932751288","1","0","23.00","1.00","1","1.00",NULL,"0",NULL,NULL,NULL,"Insufficient Data"
"7b1222c3624aa89b9558b50a2594188c","SAO JOSE DO RIO PRETO","SP","-20.790373567376047","-49.41826248454062","22","22","10103.52","4.45","22","0.05","17.67","3","5.70","0.14","57.83","Watchlist"
"c5f7e746b7e6d07def6c0dae9903279b","CURITIBA","PR","-25.501030850103422","-49.33313993830729","10","10","1429.00","4.40","10","0.00","5.69","0",NULL,"0.00",NULL,"Insufficient Data"
"b88e7c57cb2d8b973b7dd4a2bfa14b36","CURITIBA","PR","-25.501030850103422","-49.33313993830729","4","4","353.90","4.25","4","0.00","9.37","0",NULL,"0.00",NULL,"Insufficient Data"
"f7720c4fa8e3aba4546301ab80ea1f1b","CURITIBA","PR","-25.501030850103422","-49.33313993830729","60","59","2083.45","4.21","60","0.08","10.99","3","16.65","0.05","58.75","Watchlist"
"7a2d2949aea47fab95fd98d6c9f618b1","CURITIBA","PR","-25.501030850103422","-49.33313993830729","11","11","1638.99","4.27","11","0.00","10.45","0",NULL,"0.00",NULL,"Insufficient Data"
"4170f6a9367e6b5d6401d03ce6d54569","BRASILIA","DF","-15.831018038801858","-48.01102950131481","4","4","568.78","4.00","4","0.25","24.81","1","29.89","0.25",NULL,"Insufficient Data"
"173d56ffbd4c56cb80fc3615487d712b","SAO VICENTE","SP","-23.95598042041201","-46.38161452410678","2","2","358.00","5.00","2","0.00","6.84","0",NULL,"0.00",NULL,"Insufficient Data"
"2d22fc3089eb907b29ebff50581fb472","MACAE","RJ","-22.328101842833274","-41.76439361973373","3","3","317.70","3.67","3","0.00","9.62","0",NULL,"0.00",NULL,"Insufficient Data"
"7c67e1448b00f6e969d365cea6b010ab","ITAQUAQUECETUBA","SP","-23.486111454662225","-46.36672076531712","982","973","187923.89","3.49","976","0.20","22.34","98","11.88","0.10","21.99","Toxic"
"a7f13822ceb966b076af67121f87b063","ITAQUAQUECETUBA","SP","-23.486111454662225","-46.36672076531712","75","73","12477.64","3.34","74","0.24","22.71","5","34.80","0.07","22.28","Toxic"
"38874e327ce94d11390b96eb42d61928","ITAQUAQUECETUBA","SP","-23.486111454662225","-46.36672076531712","6","6","3779.94","4.00","6","0.00","19.96","1","4.57","0.17",NULL,"Insufficient Data"
"dfa0c4c6229ab200a4a1336b4d7128ff","FLORIANOPOLIS","SC","-27.60657304539599","-48.59271208975146","77","77","4777.10","4.00","77","0.16","9.79","3","8.05","0.04","44.48","Toxic"
"70f7e8018e3d46c748c92f026aa2585a","SAO PAULO","SP","-23.552640734461253","-46.645204377633014","1","1","239.80","5.00","1","0.00","7.03","0",NULL,"0.00",NULL,"Insufficient Data"
"a13aaf2d2886ab9fb30fb9a920160b8f","JOINVILLE","SC","-26.323116974041863","-48.829531415166585","4","4","1011.52","4.50","4","0.00","9.35","1","2.05","0.25",NULL,"Insufficient Data"
"d1b9d4be4b6f9ebd85f8acd6745ba612","NOVA LIMA","MG","-19.980486288814678","-43.93981496058216","11","11","1154.35","4.18","11","0.09","10.81","0",NULL,"0.00",NULL,"Insufficient Data"
"4b9750c8ad28220fe6702d4ecb7c898f","LIMEIRA","SP","-22.55599140405969","-47.42206037839757","218","217","15915.30","4.36","218","0.06","9.45","17","11.93","0.08","70.53","Good"
"4d6d651bd7684af3fffabd5f08d12e5a","JAU","SP","-22.27524896702239","-48.54358425082654","369","363","43587.40","4.19","368","0.11","13.02","17","8.90","0.05","58.44","Watchlist"
"4867209cb29b56b92893d7bde3ce8012","JAU","SP","-22.27524896702239","-48.54358425082654","1","1","150.00","4.00","1","0.00","10.23","0",NULL,"0.00",NULL,"Insufficient Data"
"5145090ab595c0d0b8557199f5701fbf","CURITIBA","PR","-25.44579626219406","-49.22385136195063","4","4","1459.60","4.25","4","0.00","15.68","0",NULL,"0.00",NULL,"Insufficient Data"
"e81e1f9c3e762e620f3fb60a51499e16","CURITIBANOS","SC","-27.29094872874522","-50.57736113644124","17","17","4465.99","4.00","16","0.13","25.36","1","63.47","0.06",NULL,"Insufficient Data"
"b7cc6c5e001441ae8cdd5c69a480cbe4","CURITIBANOS","SC","-27.29094872874522","-50.57736113644124","6","5","651.80","4.17","6","0.00","12.83","0",NULL,"0.00",NULL,"Insufficient Data"
"f09e26011d833ddab11593c1a097a92a","PIRASSUNUNGA","SP","-22.013271994684164","-47.415154364565055","1","0","79.90","1.00","1","1.00",NULL,"0",NULL,NULL,NULL,"Insufficient Data"
"94b9108d4b637ba65bb4f1e53cfcf8d8","GUARULHOS","SP","-23.471205345281994","-46.47270968246172","7","7","234.96","4.43","7","0.14","17.02","1","37.80","0.14",NULL,"Insufficient Data"
"7ade73f1b9b4e965f9009a4c3a7e2c15","BAURU","SP","-22.330985092726323","-49.09994406784407","27","26","1880.30","4.77","26","0.00","9.67","0",NULL,"0.00","88.68","Excellent"
"939f6e231201f26803cb5c3a3d2940b3","BAURU","SP","-22.330985092726323","-49.09994406784407","3","3","130.60","4.67","3","0.00","10.86","0",NULL,"0.00",NULL,"Insufficient Data"
"a72c2f59332659e361d647515c698798","FLORES DA CUNHA","RS","-29.035257065411397","-51.1831545462877","5","5","802.90","4.80","5","0.00","10.20","0",NULL,"0.00",NULL,"Insufficient Data"
"6e4f5ff6b086632ba8dcb558fb10249e","FLORES DA CUNHA","RS","-29.035257065411397","-51.1831545462877","5","5","838.90","3.40","5","0.40","10.73","0",NULL,"0.00",NULL,"Insufficient Data"
"50bf89f1349bc0409a268c3a49678009","JACI","SP","-20.884709308834225","-49.571920762950214","1","1","179.90","5.00","1","0.00","9.62","0",NULL,"0.00",NULL,"Insufficient Data"
"8a207b6080964f3c1fc9d35bd6096ba4","JACI","SP","-20.884709308834225","-49.571920762950214","2","2","553.70","5.00","2","0.00","22.71","1","6.53","0.50",NULL,"Insufficient Data"
"2d9e8987a2ea5cf88dce330249043ff1","JACI","SP","-20.884709308834225","-49.571920762950214","2","2","239.80","4.50","2","0.00","8.90","0",NULL,"0.00",NULL,"Insufficient Data"
"265fdc289dffa9f1ad801c74f7d0de47","JACI","SP","-20.884709308834225","-49.571920762950214","1","1","495.00","5.00","1","0.00","7.36","0",NULL,"0.00",NULL,"Insufficient Data"
"5e9f5bd34e0830569f05c9d4f56e04a8","PORTO ALEGRE","RS","-30.020688672514343","-51.20070597746481","2","2","239.98","4.50","2","0.00","10.03","0",NULL,"0.00",NULL,"Insufficient Data"
"7901646fdd36a55f564ffaf2dbccaaf7","RIO DE JANEIRO","RJ","-22.912369544913414","-43.17350079335497","22","22","11857.08","4.50","22","0.09","9.82","3","3.79","0.14","60.82","Watchlist"
"f1c1ac3f3efc07e659c035008e615e66","SAO PAULO","SP","-23.51220780313035","-46.59263904944159","4","3","2561.96","3.75","4","0.25","10.97","0",NULL,"0.00",NULL,"Insufficient Data"
"8a87611c08849ffeeccab52aa798b6c7","CURITIBA","PR","-25.457666569768076","-49.21739574951017","13","6","2369.80","2.77","13","0.46","8.86","0",NULL,"0.00",NULL,"Insufficient Data"
"cc3d14116804f7209f3884f6367f1152","CURITIBA","PR","-25.457666569768076","-49.21739574951017","27","27","5477.80","4.63","27","0.00","12.83","1","0.69","0.04","81.34","Excellent"
"3dc69bf2c42f0568a5c4791ec3fd3745","SAO PAULO","SP","-23.466680620069337","-46.672226855718876","2","1","300.00","4.00","2","0.00","26.27","0",NULL,"0.00",NULL,"Insufficient Data"
"9ac75591b69c3402684b6ce0310f22ee","SAO PAULO","SP","-23.466680620069337","-46.672226855718876","1","1","60.50","5.00","1","0.00","2.98","1","0.91","1.00",NULL,"Insufficient Data"
"7d484ca289afaac6bf5fc6a1e96d2226","CAMPO GRANDE","MS","-20.462851386084587","-54.691033888564334","2","2","183.20","4.00","2","0.00","12.16","1","0.81","0.50",NULL,"Insufficient Data"
"48436dade18ac8b2bce089ec2a041202","VOLTA REDONDA","RJ","-22.49695278988366","-44.12749200991617","138","134","12271.71","4.01","138","0.12","14.35","10","18.96","0.07","42.48","Toxic"
"99cd94252748d2bdde08e17858233602","PINDAMONHANGABA","SP","-22.920186332834536","-45.46440222679634","2","2","159.80","4.50","2","0.00","3.01","0",NULL,"0.00",NULL,"Insufficient Data"
"f235413f677777a0738ff215d0184901","BARIRI","SP","-22.074022270567582","-48.74025621655565","3","2","1696.70","3.67","3","0.33","6.28","0",NULL,"0.00",NULL,"Insufficient Data"
"17306570e772e7718c92a562d33f5f1d","BARIRI","SP","-22.074022270567582","-48.74025621655565","29","27","9669.80","3.62","29","0.21","14.35","2","6.10","0.07","25.30","Toxic"
"e5f9e61ceb5f523cc966e0f34095032f","BRUSQUE","SC","-27.121052540706184","-48.911976159442","4","4","2238.00","4.00","4","0.25","20.25","1","1.92","0.25",NULL,"Insufficient Data"
"b080809eaacb49e5ca07290981472431","BELO HORIZONTE","MG","-19.935486917207527","-43.9668497178044","11","11","424.00","4.82","11","0.00","10.54","0",NULL,"0.00",NULL,"Insufficient Data"
"702835e4b785b67a084280efca355756","JUIZ DE FORA","MG","-21.73185643008912","-43.359547616644385","1","1","7.60","5.00","1","0.00","1.80","0",NULL,"0.00",NULL,"Insufficient Data"
"d7d517afce974cd491b8d52bb5b5b1fc","SAO PAULO","SP","-23.534740026397674","-46.532931308976636","1","1","89.99","4.00","1","0.00","13.54","0",NULL,"0.00",NULL,"Insufficient Data"
"89d9a386b0b6e5fc8403071b03f7206a","SAO PAULO","SP","-23.55437138506693","-46.610592337915634","2","2","167.00","4.00","2","0.00","13.50","0",NULL,"0.00",NULL,"Insufficient Data"
"fc59392d66ef99377e50356ee4f3b4e1","SALVADOR ","BA","-12.979401136116154","-38.497417925350774","5","5","519.99","3.60","5","0.00","7.95","0",NULL,"0.00",NULL,"Insufficient Data"
"71592660bbcb6a4664e97b6f8b68babc","SAO JOSE DO RIO PRETO","SP","-20.794068968967025","-49.36508132014007","6","6","2027.18","4.33","6","0.00","12.46","0",NULL,"0.00",NULL,"Insufficient Data"
"f43827dd686be3a4a80e00aa299990fb","SAO JOSE DO RIO PRETO","SP","-20.794068968967025","-49.36508132014007","1","1","95.54","2.00","1","0.00","21.39","0",NULL,"0.00",NULL,"Insufficient Data"
"ea566164622c6b439516ab18062c42cd","SAO PAULO","SP","-23.52768103265478","-46.73062332314679","50","50","10309.42","3.78","50","0.16","14.03","11","6.98","0.22","17.93","Toxic"
"7df1fc11cc5cbc518b39faa60cf5d67c","CAMPO GRANDE","MS","-20.44178101510919","-54.655910560286465","5","5","1037.60","4.20","5","0.20","7.72","0",NULL,"0.00",NULL,"Insufficient Data"
"1d0646a72178a6fb37ee8082140e06ec","JOINVILLE","SC","-26.312712610848944","-48.857218790163515","2","2","61.00","5.00","2","0.00","7.65","0",NULL,"0.00",NULL,"Insufficient Data"
"830379336fad8c6f3b15a4a3ddb5c66e","SAO PAULO","SP","-23.509948394903542","-46.66534774802665","2","2","268.00","4.50","2","0.00","6.13","0",NULL,"0.00",NULL,"Insufficient Data"
"86649b1632b1c0e6c0bcb2c90a8b75d8","MEDIANEIRA","PR","-25.293201673341027","-54.09513421896751","1","0","59.99","1.00","1","1.00",NULL,"0",NULL,NULL,NULL,"Insufficient Data"
"7ddcbb64b5bc1ef36ca8c151f6ec77df","SAO PAULO","SP","-23.67054392007336","-46.66105567584753","334","325","55578.57","3.96","331","0.13","12.71","28","12.38","0.09","40.75","Toxic"
"9dd459b29a14bf89d47183cf2cd0e4c7","SAO PAULO","SP","-23.63187200830407","-46.70380802650084","2","2","180.00","5.00","2","0.00","6.62","1","1.68","0.50",NULL,"Insufficient Data"
"3935fe5fe0f82787a9dcb8deb62be09d","SAO PAULO","SP","-23.674725263248263","-46.75060206710469","16","16","1681.69","4.00","16","0.06","11.26","2","2.67","0.13",NULL,"Insufficient Data"
"fe26f3ecb51a15e6d8335cd92da42562","SAO PAULO","SP","-23.671616354938898","-46.64862369446783","7","7","2708.96","4.43","7","0.00","10.68","1","1.51","0.14",NULL,"Insufficient Data"
"446cc09cdbb130904da114e807dbec40","SAO PAULO","SP","-23.587305819532006","-46.717407099615265","3","3","252.80","4.67","3","0.00","4.27","0",NULL,"0.00",NULL,"Insufficient Data"
"13dd308f81fea30cc670c656b2b46cc3","SANTA BARBARA D'OESTE","SP","-22.740602295539144","-47.37582085471677","3","3","117.70","5.00","3","0.00","3.64","1","0.70","0.33",NULL,"Insufficient Data"
"99eaacc9e6046db1c82b163c5f84869f","FRANCA","SP","-20.538924680582518","-47.40138054689605","66","63","13139.17","3.88","66","0.14","14.98","7","8.50","0.11","29.02","Toxic"
"6c17baf138731a4aaacc3210adf2037b","FRANCA","SP","-20.538924680582518","-47.40138054689605","4","4","538.80","5.00","4","0.00","7.55","0",NULL,"0.00",NULL,"Insufficient Data"
"c878515173c84a492ebe50d6b493230b","ITAIPULANDIA","PR","-25.147980629391814","-54.30365145115528","9","9","1118.84","4.11","9","0.22","16.80","2","8.42","0.22",NULL,"Insufficient Data"
"19a7c9f66ffa6452ff4b4c0cca71da27","ITAIPULANDIA","PR","-25.147980629391814","-54.30365145115528","1","1","279.00","5.00","1","0.00","25.19","0",NULL,"0.00",NULL,"Insufficient Data"
"a9415cf907dfa12f9ed18693244f5329","PRADOS","MG","-21.059067150905054","-44.083411637917365","1","1","210.00","5.00","1","0.00","11.13","0",NULL,"0.00",NULL,"Insufficient Data"
"9c3a1c416c765687bc79a04113269929","CARMO DA MATA","MG","-20.55966811821635","-44.86917286484877","1","1","74.90","1.00","1","1.00","6.09","0",NULL,"0.00",NULL,"Insufficient Data"
"8c91bfea4263b8fba54081460693e2a1","HORIZONTINA","RS","-27.62727798944528","-54.31036031755505","2","2","739.00","5.00","1","0.00","12.13","0",NULL,"0.00",NULL,"Insufficient Data"
"ff063b022a9a0aab91bad2c9088760b7","SANTO ANDRE","SP","-23.70019768743884","-46.51312842218973","94","94","12076.50","4.31","93","0.05","9.39","3","3.71","0.03","79.11","Good"
"c716e0b86ed568878475b60fbb6323ad","RIO DE JANEIRO","RJ","-22.98408240878211","-43.448890199194125","1","1","35.00","5.00","1","0.00","7.48","0",NULL,"0.00",NULL,"Insufficient Data"
"b026643914f651e8371425e5b8a1e780","RIO DE JANEIRO","RJ","-22.98408240878211","-43.448890199194125","1","1","27.90","5.00","1","0.00","10.42","0",NULL,"0.00",NULL,"Insufficient Data"
"6d988d6174a2c27441597174f8905515","MARINGA","PR","-23.412891548345673","-51.980249580348975","19","19","371.73","4.11","19","0.11","20.59","2","14.07","0.11",NULL,"Insufficient Data"
"270d3ef21830ad0ecf3a6c53d08a533a","CARAPICUIBA","SP","-23.541912078130057","-46.83721005347436","6","5","509.00","2.33","6","0.50","11.54","0",NULL,"0.00",NULL,"Insufficient Data"
"13fa2a6c6b9d0f43cb588d7c82117a12","SAO PAULO","SP","-23.539895818294504","-46.48962525685058","9","9","4528.00","4.11","9","0.11","21.19","3","8.35","0.33",NULL,"Insufficient Data"
"7b7ed56ae755e2880f2b69632e839c1e","GOIANIA","GO","-16.715024062717173","-49.267861478851536","5","5","321.50","4.20","5","0.00","7.30","1","0.54","0.20",NULL,"Insufficient Data"
"458c6fa920810ce2492da71bc26d9eec","CATANDUVA","SP","-21.128944936077044","-49.017168616382435","2","2","756.76","2.50","2","0.00","25.41","0",NULL,"0.00",NULL,"Insufficient Data"
"762fafdaa57a532ee0119731697579dd","ITU","SP","-23.262942394092207","-47.31557122150694","5","5","206.70","5.00","5","0.00","4.12","0",NULL,"0.00",NULL,"Insufficient Data"
"c9a06ece156bb057372c68718ec8909b","BRASILIA","DF","-15.657448058889154","-47.8095103858827","14","11","4688.90","3.00","14","0.36","11.49","0",NULL,"0.00",NULL,"Insufficient Data"
"191d55f7edb8524d525ed01b20fe32e8","BRASILIA","DF","-15.657448058889154","-47.8095103858827","3","3","747.00","2.33","3","0.67","22.53","1","12.79","0.33",NULL,"Insufficient Data"
"ab27bbbad5239bc31a34709275a70db4","TATUI","SP","-23.333791304252223","-47.84745972933328","3","3","382.90","5.00","3","0.00","8.45","0",NULL,"0.00",NULL,"Insufficient Data"
"7f02656561b680def9986c0795a8a080","SAO PAULO","SP","-23.552778853099586","-46.63393189503632","2","1","84.00","3.00","2","0.50","14.18","0",NULL,"0.00",NULL,"Insufficient Data"
"bf3c6d2a28b2b5501e6c15448982dcc9","SAO PAULO","SP","-23.63500525801048","-46.59911604502152","35","35","3956.50","4.60","35","0.00","11.82","1","1.96","0.03","83.06","Excellent"
"c70a353f02429c00775a46a75fb787da","SAO PAULO","SP","-23.571275869065442","-46.479396724588426","6","6","242.00","4.67","6","0.00","6.76","0",NULL,"0.00",NULL,"Insufficient Data"
"3be634553519fb6536a03e1358e9fdc7","SAO PAULO","SP","-23.571275869065442","-46.479396724588426","83","80","5370.95","3.96","83","0.07","10.08","7","4.68","0.09","48.36","Toxic"
"c12d7463a579237ffb9248bd7cff378b","SAO PAULO","SP","-23.571275869065442","-46.479396724588426","1","1","25.90","4.00","1","0.00","11.24","0",NULL,"0.00",NULL,"Insufficient Data"
"cc1f04647be106ba74e62b21f358af25","SAO PAULO","SP","-23.479398517928054","-46.68107186058528","1","1","11.90","1.00","1","1.00","13.30","0",NULL,"0.00",NULL,"Insufficient Data"
"4f40d2ed38d1cc945364a7cd202a82c7","SAO PAULO","SP","-23.478704803069746","-46.614513396023284","1","0","319.90","1.00","1","1.00",NULL,"0",NULL,NULL,NULL,"Insufficient Data"
"f0e103c63864d5405b958d984b6e94c9","OSASCO","SP","-23.570255901395473","-46.811308031928895","11","11","951.70","4.73","11","0.00","8.82","0",NULL,"0.00",NULL,"Insufficient Data"
"7dc9a3355bae96dd82008b313d3a456c","DORES DE CAMPOS","MG","-21.109897644968864","-44.02336767935939","1","1","899.00","5.00","1","0.00","12.49","0",NULL,"0.00",NULL,"Insufficient Data"
"47f55702f598c7c6cc8458b0fbc1c49a","DORES DE CAMPOS","MG","-21.109897644968864","-44.02336767935939","2","1","127.50","5.00","1","0.00","17.29","0",NULL,"0.00",NULL,"Insufficient Data"
"5275ca25d0358ca73864e0ae41be1320","GUARULHOS","SP","-23.478910049737898","-46.538241484997265","4","4","409.60","4.75","4","0.00","7.04","2","0.71","0.50",NULL,"Insufficient Data"
"5011f0d93373a4c5753adf58ca77af8d","SANTOS","SP","-23.937701640508344","-46.3259974425446","12","11","1009.42","3.83","12","0.17","10.80","1","28.82","0.09",NULL,"Insufficient Data"
"7494d0dcba8551df6cf37f1b905dc2f7","SANTOS","SP","-23.937701640508344","-46.3259974425446","1","1","45.90","3.00","1","0.00","6.99","0",NULL,"0.00",NULL,"Insufficient Data"
"9b1f656ca3060f8af17a50d8a024b533","SANTOS","SP","-23.937701640508344","-46.3259974425446","2","2","41.00","5.00","2","0.00","16.35","1","7.54","0.50",NULL,"Insufficient Data"
"f664f98bfda2eaf266a23ff144e7a872","SAO PAULO","SP","-23.57293947983719","-46.651114777209195","2","2","153.99","3.00","2","0.50","2.69","0",NULL,"0.00",NULL,"Insufficient Data"
"26785a546900236d66f2e4197c211158","SAO PAULO","SP","-23.526895092619135","-46.42391119493391","15","15","1019.20","4.67","15","0.07","5.77","0",NULL,"0.00",NULL,"Insufficient Data"
"4965a7002cca77301c82d3f91b82e1a9","SOROCABA","SP","-23.45358450633275","-47.48851312145475","1","1","8.49","5.00","1","0.00","6.27","0",NULL,"0.00",NULL,"Insufficient Data"
"bfd27a966d91cfaafdb25d076585f0da","SERRA NEGRA","SP","-22.61462113779526","-46.70959342861238","117","114","19921.00","4.28","115","0.09","12.42","6","8.05","0.05","65.20","Good"
"715bbd5ba4e6b74cb0d2f29eb45058b0","SERRA NEGRA","SP","-22.61462113779526","-46.70959342861238","62","62","4043.30","4.47","62","0.06","11.92","5","9.81","0.08","65.93","Good"
"cf2384dd2f1dddea3f838efed0945e65","SERRA NEGRA","SP","-22.61462113779526","-46.70959342861238","16","16","2101.50","3.94","16","0.13","14.25","0",NULL,"0.00",NULL,"Insufficient Data"
"960945e1a9535cbc0cd6ddd35fbe7ae8","SAO PAULO","SP","-23.55364177873551","-46.452661287455555","28","28","3381.73","4.64","28","0.00","6.19","0",NULL,"0.00","91.28","Excellent"
"d50d79cb34e38265a8649c383dcffd48","SAO PAULO","SP","-23.55364177873551","-46.452661287455555","70","70","13012.42","4.25","69","0.04","13.16","5","12.09","0.07","65.80","Good"
"12b9676b00f60f3b700e83af21824c0e","MONTENEGRO","RS","-29.68780422662314","-51.467963988245124","135","133","26774.00","4.52","134","0.02","15.05","2","8.29","0.02","83.96","Excellent"
"b274baf5bbd142410eb2958cf685d684","MONTENEGRO","RS","-29.68780422662314","-51.467963988245124","7","7","585.90","4.29","7","0.00","6.35","0",NULL,"0.00",NULL,"Insufficient Data"
"4c498c7345e89aebad651544829beca0","CARAPICUIBA","SP","-23.572518001957377","-46.81995277003693","48","47","4819.76","4.29","48","0.06","10.83","6","5.39","0.13","55.20","Watchlist"
"e51f22821f0c12a16ad5c020cdcd55e9","CARAPICUIBA","SP","-23.572518001957377","-46.81995277003693","4","4","898.71","4.75","4","0.00","10.32","0",NULL,"0.00",NULL,"Insufficient Data"
"43f8c9950d11ecd03a0304a49e010da6","CARAPICUIBA","SP","-23.572518001957377","-46.81995277003693","41","41","4249.59","4.56","41","0.02","11.50","3","5.48","0.07","73.76","Good"
"30829ded4523ab9224b93bc49a62c95f","PARAI","RS","-28.59670377443215","-51.78694608531581","18","18","6911.71","3.78","18","0.17","12.09","1","7.03","0.06",NULL,"Insufficient Data"
"ca7c6bd577e559472af1c699de9e764e","SAO BERNARDO DO CAMPO","SP","-23.724885049110526","-46.570414288708626","6","6","148.00","4.33","6","0.17","4.68","0",NULL,"0.00",NULL,"Insufficient Data"
"fa1a9dec3a9940c072684a46728bf1fc","ICARA","SC","-28.715980124328123","-49.299651376329926","55","55","6674.00","4.11","54","0.09","14.29","0",NULL,"0.00","60.61","Watchlist"
"0f0c984a4a955310903b6b6008660bad","FRANCA","SP","-20.553623627436433","-47.38735911880553","4","4","369.81","3.75","4","0.25","14.24","1","0.78","0.25",NULL,"Insufficient Data"
"7e1fb0a3ebfb01ffb3a7dae98bf3238d","FRANCA","SP","-20.553623627436433","-47.38735911880553","159","155","27349.53","4.16","157","0.09","15.56","20","8.07","0.13","44.90","Toxic"
"9cf787a239c1aa29dbd76f153dc13f9a","FRANCA","SP","-20.553623627436433","-47.38735911880553","4","4","316.00","4.75","4","0.00","6.56","0",NULL,"0.00",NULL,"Insufficient Data"
"9d7a1d34a5052409006425275ba1c2b4","FRANCA","SP","-20.553623627436433","-47.38735911880553","13","13","1054.82","4.38","13","0.08","14.33","1","3.66","0.08",NULL,"Insufficient Data"
"5f3ae9136c875522250f8184f253413a","SAO PAULO","SP","-23.573056606592885","-46.61615054561147","43","42","1158.00","4.64","42","0.00","7.86","3","2.48","0.07","76.72","Good"
"88ae906ea2acf6971f26c3e8b7cb4357","SAO PAULO","SP","-23.573056606592885","-46.61615054561147","3","3","246.00","3.33","3","0.00","15.09","1","2.82","0.33",NULL,"Insufficient Data"
"b94cc9f10ddc85e4ba73a6f7974e7101","MACAE","RJ","-22.40021353511366","-41.815552675554365","39","39","25346.10","4.30","37","0.14","10.58","3","4.80","0.08","54.90","Watchlist"
"f125f3a310c2e5f822d116147de1e474","SAO PAULO","SP","-23.536697990905008","-46.56809001344711","16","16","2761.40","4.19","16","0.06","11.93","2","19.22","0.13",NULL,"Insufficient Data"
"b566ab0ef88016e00422755e305103c6","EXTREMA","MG","-22.85547822328913","-46.31950127100399","5","5","1208.00","3.20","5","0.20","13.05","1","15.83","0.20",NULL,"Insufficient Data"
"ba89796db68db180bd389de96b2ff3b6","SAO PAULO","SP","-23.643648226598234","-46.75901937537005","2","2","309.80","5.00","2","0.00","8.60","0",NULL,"0.00",NULL,"Insufficient Data"
"18a349e75d307f4b4cc646a691ed4216","SAO PAULO","SP","-23.551881657731418","-46.64072797271628","121","109","8711.53","3.44","120","0.26","11.15","7","10.89","0.06","28.99","Toxic"
"921323538c9f1c4e816f2720eac02bea","SAO PAULO","SP","-23.551881657731418","-46.64072797271628","15","15","1401.84","3.93","15","0.13","8.53","3","7.08","0.20",NULL,"Insufficient Data"
"461ff5303b6c9c1a4a07f40c5aece516","PINHAIS","PR","-25.437225932288545","-49.19396558589781","3","3","102.70","3.67","3","0.33","6.60","0",NULL,"0.00",NULL,"Insufficient Data"
"80e6699fe29150b372a0c8a1ebf7dcc8","PINHAIS","PR","-25.437225932288545","-49.19396558589781","98","96","11441.56","4.28","97","0.08","11.56","4","8.20","0.04","68.21","Good"
"668bf321538e5072858eaef6087ce027","PINHAIS","PR","-25.437225932288545","-49.19396558589781","1","1","19.90","5.00","1","0.00","4.47","0",NULL,"0.00",NULL,"Insufficient Data"
"a1bea9970d8f65b240555f99c2214f7f","PINHAIS","PR","-25.437225932288545","-49.19396558589781","1","1","75.00","3.00","1","0.00","9.31","0",NULL,"0.00",NULL,"Insufficient Data"
"2a6fbeaa7ab9e5d59a35841a8da71ce4","JARAGUA DO SUL","SC","-26.50051192868762","-49.085292336670285","30","30","1632.79","3.93","29","0.14","14.51","2","14.92","0.07","30.31","Toxic"
"5882f40daf39bc2a465e0cb453ddc222","SAO PAULO","SP","-23.588456590538357","-46.71933841979816","1","0","640.00","2.00","1","0.00",NULL,"0",NULL,NULL,NULL,"Insufficient Data"
"25cf099de44674fde97473224f9d59ab","COTIA","SP","-23.607718189069402","-46.89997506974343","50","50","1654.36","4.33","49","0.04","9.39","2","5.91","0.04","72.53","Good"
"bcf5566870987da7bc811fbc8c5b9fd9","SAO PAULO","SP","-23.570980616662656","-46.53923864229892","1","0","96.00","1.00","1","1.00",NULL,"0",NULL,NULL,NULL,"Insufficient Data"
"9d39404483343dd55c7ae254494d8388","SAO PAULO","SP","-23.545598238423416","-46.641452670153164","10","10","293.20","3.50","10","0.30","14.39","1","10.70","0.10",NULL,"Insufficient Data"
"ef2fbc2b607d8492bcffe657a4645434","RIO DE JANEIRO","RJ","-22.903063100942575","-43.182989268757375","20","19","970.80","3.85","20","0.25","7.04","2","2.94","0.11","22.62","Toxic"
"97512d3fc193b2d1dfcdba0f9d1f0f8a","SAO PAULO","SP","-23.56118590462288","-46.46130081048698","12","12","1458.87","4.25","12","0.00","8.47","1","5.84","0.08",NULL,"Insufficient Data"
"6f892e20a171e98efe17fdb971ff319b","SAO PAULO","SP","-23.56118590462288","-46.46130081048698","44","41","6438.70","3.93","43","0.16","17.36","4","10.32","0.10","25.84","Toxic"
"a08692680c77d30a0b4280da5df01c5a","SAO PAULO","SP","-23.63294144621506","-46.706958480610986","6","6","2433.00","5.00","6","0.00","9.34","0",NULL,"0.00",NULL,"Insufficient Data"
"55d3daac7c404d59e51c2aa2f4dc5a23","SAO PAULO","SP","-23.49403466917498","-46.56863320970435","21","21","4480.60","4.10","21","0.10","8.71","0",NULL,"0.00","63.79","Watchlist"
"83c8aafbefb034674a70de0eac5b8954","FRANCISCO BELTRAO","PR","-26.080628132861342","-53.053552174512355","2","2","134.90","5.00","2","0.00","5.07","0",NULL,"0.00",NULL,"Insufficient Data"
"7a704e63bb29c446869efde5d57524c8","FRANCISCO BELTRAO","PR","-26.080628132861342","-53.053552174512355","1","1","94.49","5.00","1","0.00","7.51","0",NULL,"0.00",NULL,"Insufficient Data"
"994f04b3718c2bab35c2adfa8afecd2a","JAGUARIUNA","SP","-22.687275506720226","-46.983325913689576","49","47","3445.70","4.24","49","0.04","14.03","4","33.00","0.09","56.01","Watchlist"
"fc906263ca5083d09dce42fe02247800","BELO HORIZONTE","MG","-19.906120562613193","-43.92370433417952","114","112","4497.70","4.37","114","0.04","9.40","0",NULL,"0.00","82.94","Excellent"
"539ed9e19811677513447759be5eccfc","BELO HORIZONTE","MG","-19.81951732572615","-43.96882594833152","2","2","32.83","3.00","2","0.50","5.07","0",NULL,"0.00",NULL,"Insufficient Data"
"d4f91e8be86b38da2ee35bc489645a9d","GUARATINGUETA","SP","-22.778161755463497","-45.20773514694765","1","1","49.99","5.00","1","0.00","17.23","0",NULL,"0.00",NULL,"Insufficient Data"
"c286ec035ee04ba81c97508f0b5df544","CURITIBA","PR","-25.476488477709083","-49.32116194845892","2","1","493.00","2.50","2","0.50","14.24","0",NULL,"0.00",NULL,"Insufficient Data"
"e256a62e0ac58c0edfba09966142d561","CURITIBA","PR","-25.476488477709083","-49.32116194845892","12","12","1474.11","4.42","12","0.08","7.90","0",NULL,"0.00",NULL,"Insufficient Data"
"f45122a9ab94eb4f3f8953578bc0c560","PIRACICABA","SP","-22.729029230512737","-47.641148089805704","187","184","22078.29","3.96","187","0.14","12.76","14","11.17","0.08","39.79","Toxic"
"e546117ed9cafbc40239c0c78635c584","SAO PAULO","SP","-23.621530849176292","-46.69518819682693","2","2","456.00","4.50","2","0.00","6.37","0",NULL,"0.00",NULL,"Insufficient Data"
"32f1bb9dfa65bc7df5c0d9d95a616be4","SAO PAULO","SP","-23.621530849176292","-46.69518819682693","5","4","276.39","4.00","4","0.25","6.59","1","1.93","0.25",NULL,"Insufficient Data"
"ed46f1eb4a638113deb2a1137b5f22e9","INDAIAL","SC","-26.90277556008171","-49.24222291742905","4","4","3470.00","4.00","4","0.25","7.36","0",NULL,"0.00",NULL,"Insufficient Data"
"95f83f51203c626648c875dd41874c7f","BORDA DA MATA","MG","-22.262584130235282","-46.1711239405763","52","50","3217.46","3.67","52","0.19","11.73","3","2.39","0.06","27.32","Toxic"
"dbc22125167c298ef99da25668e1011f","BORDA DA MATA","MG","-22.262584130235282","-46.1711239405763","406","394","33776.78","4.27","405","0.06","11.48","10","12.27","0.03","75.59","Good"
"5b51032eddd242adc84c38acab88f23d","BORDA DA MATA","MG","-22.262584130235282","-46.1711239405763","12","12","3280.00","4.00","12","0.08","11.75","0",NULL,"0.00",NULL,"Insufficient Data"
"204b4e07bddef3c9b317f70189135b22","BORDA DA MATA","MG","-22.262584130235282","-46.1711239405763","1","1","73.40","5.00","1","0.00","10.19","0",NULL,"0.00",NULL,"Insufficient Data"
"fad44952713764836814be105382aee5","RIO DE JANEIRO","RJ","-22.871018134717982","-43.356844914715346","32","32","5129.00","4.28","32","0.00","10.79","1","0.79","0.03","76.90","Good"
"028872bfa080090a9d0abd4f1af168f8","RIBEIRAO DAS NEVES","MG","-19.81442653242685","-44.026272586341875","1","1","70.50","5.00","1","0.00","16.48","0",NULL,"0.00",NULL,"Insufficient Data"
"2c4c47cb51acd5ea5db5e0ae0e26542a","BURITAMA","SP","-21.067287508771535","-50.144401871142136","12","12","2575.90","4.67","12","0.00","10.74","0",NULL,"0.00",NULL,"Insufficient Data"
"c5f7feb04a6a1fb3596322bfc3cf1917","SAO CAETANO DO SUL","SP","-23.634902556306116","-46.564837338912426","11","11","1720.60","4.27","11","0.18","10.02","1","18.02","0.09",NULL,"Insufficient Data"
"1838dd9b8977065acf51d95e0053ea7a","BELO HORIZONTE","MG","-19.881619613784387","-44.00934116973426","64","62","2820.30","4.27","64","0.11","12.79","3","2.26","0.05","54.17","Watchlist"
"729b2d09b2a0bdab221076327f13d050","MINEIROS DO TIETE","SP","-22.41339600173933","-48.45129697299396","49","48","1822.11","4.49","49","0.04","12.48","4","4.89","0.08","66.44","Good"
"33cbda8716511e27e556dff9d8418bf2","BLUMENAU","SC","-26.891021758568957","-49.07374245904508","5","5","507.40","4.80","5","0.00","12.71","0",NULL,"0.00",NULL,"Insufficient Data"
"8060d731897e33b5c5ae575ce1e209e1","BLUMENAU","SC","-26.891021758568957","-49.07374245904508","5","5","199.50","4.80","5","0.00","7.80","0",NULL,"0.00",NULL,"Insufficient Data"
"538caafddff204241cecbf3a02e6b3cf","SAO PAULO","SP","-23.60474408402971","-46.66928871133857","9","8","148.30","2.56","9","0.56","17.31","4","5.77","0.50",NULL,"Insufficient Data"
"741f8c587cb4248ebc5b779a0e8e0e51","SANTO ANDRE","SP","-23.671410321922416","-46.506074637083486","5","5","89.95","4.00","5","0.20","13.24","1","7.77","0.20",NULL,"Insufficient Data"
"229c3efbfb0ea2058de4ccdfbc3d784a","BELO HORIZONTE","MG","-19.924640007158548","-43.94612171790462","121","118","15744.00","3.63","120","0.21","10.76","2","12.85","0.02","40.83","Toxic"
"271c58a1d139c45eaf3316107c6d3a3b","SAO PAULO","SP","-23.527982062237164","-46.54977980819281","29","27","3897.52","4.07","29","0.07","13.16","2","6.28","0.07","49.32","Toxic"
"b7ba853e9551f4558440881fd3e5c815","SANTO ANTONIO DA PATRULHA","RS","-29.833102764742083","-50.52008406269421","2","1","376.80","1.00","2","1.00","34.96","0",NULL,"0.00",NULL,"Insufficient Data"
"4dab98ca6cd6d3df586203cefd28a042","PORTO ALEGRE","RS","-30.003260177408123","-51.118735144263624","1","1","154.90","5.00","1","0.00","28.01","0",NULL,"0.00",NULL,"Insufficient Data"
"0d83f8e03188682112cc0d93523705cc","PORTO ALEGRE","RS","-30.003260177408123","-51.118735144263624","4","4","696.26","3.75","4","0.25","16.92","1","20.75","0.25",NULL,"Insufficient Data"
"fdb9095204a334cd8872252ffec6f2db","SAO PAULO","SP","-23.547582300496124","-46.58295189254021","46","46","8156.00","4.18","46","0.09","8.72","3","16.68","0.07","59.07","Watchlist"
"8cc6a0e5738e61a87b03c78b2ba9db4b","ANDRADAS","MG","-22.07047143353818","-46.57354819165932","24","23","13312.40","4.33","24","0.08","16.77","2","53.58","0.09","56.88","Watchlist"
"f00e21b1e91a79653163b7fd8f293ff1","ANDRADAS","MG","-22.07047143353818","-46.57354819165932","31","31","3900.09","4.10","30","0.13","12.97","1","32.87","0.03","49.49","Toxic"
"76d64c4aca3a7baf218bf93ef7fa768d","CURITIBA","PR","-25.448218911049324","-49.254297223453094","64","64","16911.80","4.23","64","0.11","10.97","2","7.38","0.03","65.48","Good"
"3f0e48d209018b466fcd3bb4ccfeb520","CURITIBA","PR","-25.448218911049324","-49.254297223453094","9","9","5399.00","3.89","9","0.11","9.60","0",NULL,"0.00",NULL,"Insufficient Data"
"59de1d4c8c057c2a53acd4ca66531af2","CURITIBA","PR","-25.448218911049324","-49.254297223453094","1","1","135.00","5.00","1","0.00","18.68","0",NULL,"0.00",NULL,"Insufficient Data"
"f0b47fbbc6dee9aafe415a6e33051b3f","MAUA","SP","-23.68491492751719","-46.456957823341575","68","67","3795.91","4.22","68","0.10","10.13","7","3.65","0.10","50.11","Toxic"
"b81e3a6c866a764974fe849821abeebd","MAUA","SP","-23.68491492751719","-46.456957823341575","8","8","836.15","4.63","8","0.00","6.14","0",NULL,"0.00",NULL,"Insufficient Data"
"41ab63a91b8b264e8c8780368bf1dd5b","BELO HORIZONTE","MG","-19.841600785453995","-43.98022183612362","12","12","2571.95","4.25","12","0.08","16.31","0",NULL,"0.00",NULL,"Insufficient Data"
"4dc2e811a1760953cb7c6a590b498943","ITAPUI","SP","-22.234558579647267","-48.721835002175304","1","1","175.00","5.00","1","0.00","6.67","0",NULL,"0.00",NULL,"Insufficient Data"
"b8114f2f589a6804810f04f99b36b498","SAO BERNARDO DO CAMPO","SP","-23.654337222511014","-46.567209265542544","8","8","1399.62","4.75","8","0.00","4.99","0",NULL,"0.00",NULL,"Insufficient Data"
"093805f8f2aeb63881444571e1f48f30","OSASCO","SP","-23.510107869522795","-46.78735481666447","22","22","1215.79","4.18","22","0.14","8.27","1","7.62","0.05","50.14","Toxic"
"07d75e33f2750d97d467fb57e4dfdd8a","SAO PAULO","SP","-23.51865496410496","-46.59365984819465","2","2","722.40","2.50","2","0.50","11.80","0",NULL,"0.00",NULL,"Insufficient Data"
"ed859002ad59dbf8cf3602696a6c3000","LONDRINA","PR","-23.31108343286346","-51.134917056297255","7","6","2421.70","3.71","7","0.29","18.51","0",NULL,"0.00",NULL,"Insufficient Data"
"37ceb404da208418c9032f0674e57804","SAO PAULO","SP","-23.623101897683913","-46.667495364375995","1","0","204.93","1.00","1","1.00",NULL,"0",NULL,NULL,NULL,"Insufficient Data"
"cf654707ed6a99f112c7ec3d6f314b8b","SAO PAULO","SP","-23.623101897683913","-46.667495364375995","3","3","756.00","4.67","3","0.00","5.25","0",NULL,"0.00",NULL,"Insufficient Data"
"0936e1837d0c79253456bbb2ffaaef10","SAO PAULO","SP","-23.51734415478189","-46.612135226939586","1","1","38.90","5.00","1","0.00","18.37","0",NULL,"0.00",NULL,"Insufficient Data"
"bd1d49a326abfa9b1036772e40445430","BAURU","SP","-22.347194498048676","-49.05968914675232","12","12","637.70","4.08","12","0.08","12.41","1","16.51","0.08",NULL,"Insufficient Data"
"7bb8fac2913a6064ec412e583c6d8b4d","BAURU","SP","-22.347194498048676","-49.05968914675232","1","1","109.00","5.00","1","0.00","4.90","0",NULL,"0.00",NULL,"Insufficient Data"
"4d232b78ab7ef10393dc3807d827bc0d","BELO HORIZONTE","MG","-19.91852703015928","-43.939889982987644","5","5","1475.00","4.40","5","0.00","6.17","0",NULL,"0.00",NULL,"Insufficient Data"
"c7dcd301ecfe5ab7f778ac172cf74be7","BELO HORIZONTE","MG","-19.91852703015928","-43.939889982987644","4","3","457.69","2.50","4","0.50","25.35","0",NULL,"0.00",NULL,"Insufficient Data"
"fac35d150712afb921ec59ac5f39bb11","BONFINOPOLIS DE MINAS","MG","-16.562527667206663","-45.9986358674731","5","5","696.00","4.40","5","0.00","10.14","0",NULL,"0.00",NULL,"Insufficient Data"
"299c89a525fee36c567f4fe72f038100","VARZEA ALEGRE","CE","-6.792557339326899","-39.298596402158616","2","1","658.00","2.00","2","0.50","9.32","0",NULL,"0.00",NULL,"Insufficient Data"
"19484c79cef6c062cb177aa4ef2fcc3c","VALINHOS","SP","-22.980311629836336","-46.98526687545999","1","1","201.90","1.00","1","1.00","21.43","1","3.50","1.00",NULL,"Insufficient Data"
"6426d21aca402a131fc0a5d0960a3c90","RIBEIRAO PRETO","SP","-21.190127996903517","-47.787901312705","23","23","1209.64","4.17","23","0.04","10.96","1","0.49","0.04","63.91","Watchlist"
"3bfad056cf05c00dabe2f895925d83b1","OSASCO","SP","-23.560420707901528","-46.77789975633018","1","0","206.65","1.00","1","1.00",NULL,"0",NULL,NULL,NULL,"Insufficient Data"
"9da15f4a4ea758d9eeb49000dbe57e22","OSASCO","SP","-23.520280407395536","-46.77128848275885","1","1","196.90","2.00","1","0.00","22.51","1","6.05","1.00",NULL,"Insufficient Data"
"1961c3e1272bfeceb05d0b78b5bbfdaf","GUARULHOS","SP","-23.446977376078497","-46.42668333499849","3","2","896.00","3.33","3","0.33","6.74","0",NULL,"0.00",NULL,"Insufficient Data"
"bd149ed516d4c5d418d5781f8e18919f","GUARULHOS","SP","-23.446977376078497","-46.42668333499849","8","8","414.00","4.88","8","0.00","8.39","0",NULL,"0.00",NULL,"Insufficient Data"
"b1fecf4da1fa2689bccffa0121953643","CAMPO GRANDE","MS","-20.43232199650956","-54.6721392060079","19","19","3669.64","4.95","19","0.00","10.20","0",NULL,"0.00",NULL,"Insufficient Data"
"a17f621c590ea0fab3d5d883e1630ec6","SOROCABA","SP","-23.497316500688548","-47.50160216407419","65","63","2778.58","4.06","63","0.13","11.56","5","5.84","0.08","38.62","Toxic"
"512d298ac2a96d1931b6bd30aa21f61d","RIO DE JANEIRO","RJ","-22.90742646003482","-43.22111290328188","11","11","7401.94","4.27","11","0.09","10.71","0",NULL,"0.00",NULL,"Insufficient Data"
"594f9aaa48e5bf431f011ddc5669b0d5","CONTAGEM","MG","-19.847573166848647","-44.02943024506621","37","37","3248.80","4.59","37","0.00","7.79","1","3.07","0.03","86.31","Excellent"
"36890be00bbfc1cdb9a4a38a6af05a69","OSASCO","SP","-23.569298792364656","-46.783108126628264","13","13","1361.30","4.23","13","0.08","9.42","3","3.54","0.23",NULL,"Insufficient Data"
"f19516b9ff26bfeb091b30108db4ddbd","ARTUR NOGUEIRA","SP","-22.57120786162835","-47.1657687687331","5","3","727.60","2.60","5","0.60","10.65","0",NULL,"0.00",NULL,"Insufficient Data"
"c794dab4928dd97beb41d05514441e86","ARTUR NOGUEIRA","SP","-22.57120786162835","-47.1657687687331","16","16","1312.40","4.38","16","0.06","13.80","2","19.40","0.13",NULL,"Insufficient Data"
"d65f31d2413268e671989503f6cf9993","ARTUR NOGUEIRA","SP","-22.57120786162835","-47.1657687687331","2","0","488.80","1.00","2","1.00",NULL,"0",NULL,NULL,NULL,"Insufficient Data"
"9e94fa26a70ede4d26226e918e8706a2","SAO CARLOS","SP","-22.03032264278144","-47.87949202618185","1","1","62.80","5.00","1","0.00","5.64","0",NULL,"0.00",NULL,"Insufficient Data"
"88cf19ec1fc2c58f161aee259d57142c","SAO CARLOS","SP","-22.03032264278144","-47.87949202618185","14","14","1372.97","4.50","14","0.00","6.44","0",NULL,"0.00",NULL,"Insufficient Data"
"41b86b552e54e3a7009596125aa8b167","SAO PAULO","SP","-23.484968674235567","-46.649150689517754","10","10","1595.30","4.30","10","0.10","13.91","0",NULL,"0.00",NULL,"Insufficient Data"
"113e3a788b935f48aad63e1c41dac1bd","APARECIDA","SP","-22.85123122560904","-45.246646909953256","39","39","847.35","4.32","38","0.03","13.20","2","8.83","0.05","65.54","Good"
"2e1a7d075abe038c1b2743005fe42ff1","SAO PAULO","SP","-23.56988247931966","-46.52553595691695","19","18","1396.70","4.05","19","0.16","12.49","3","2.94","0.17",NULL,"Insufficient Data"
"53336f97ddbe53e2a617d07b17447b95","SAO PAULO","SP","-23.56988247931966","-46.52553595691695","1","1","599.50","5.00","1","0.00","19.43","0",NULL,"0.00",NULL,"Insufficient Data"
"eb1bf309f4f6af9a97e9ddac3fdbeabe","DIADEMA","SP","-23.702465412990733","-46.596051578023875","1","1","22.30","5.00","1","0.00","8.49","0",NULL,"0.00",NULL,"Insufficient Data"
"7963e546f34e098b578f9ad102494601","SAO PAULO","SP","-23.595284852664307","-46.728198536058464","1","1","60.99","5.00","1","0.00","18.15","0",NULL,"0.00",NULL,"Insufficient Data"
"9e6229250fedbe05838fef417b74e7fb","MIRANDOPOLIS","SP","-21.13250367769361","-51.10318656308274","74","73","13132.20","3.89","74","0.11","11.83","3","2.91","0.04","49.63","Toxic"
"4b90495391ac0bd181a80a459df1e718","BAGE","RS","-31.327267622414176","-54.106450230952454","1","1","248.00","4.00","1","0.00","11.88","0",NULL,"0.00",NULL,"Insufficient Data"
"3c487ae8f8d7542beff5788e2e0aea83","BRASILIA","DF","-16.02294658397918","-48.05071815778448","30","30","9385.70","4.20","30","0.10","13.74","1","15.87","0.03","61.01","Watchlist"
"6c7d50c24b3ccd2fd83b44d8bb34e073","PRESIDENTE PRUDENTE","SP","-22.100315101836674","-51.407356337833235","114","112","8699.34","4.39","113","0.06","12.27","2","6.32","0.02","77.09","Good"
"2ee0a0689f2f6a72f35a7cb6033f6e7e","PRESIDENTE PRUDENTE","SP","-22.100315101836674","-51.407356337833235","4","4","272.00","4.00","4","0.00","9.68","0",NULL,"0.00",NULL,"Insufficient Data"
"6f835fd4be26989b1b064399da346143","CURITIBA","PR","-25.43984910480201","-49.35266254383025","2","2","197.80","5.00","2","0.00","6.96","0",NULL,"0.00",NULL,"Insufficient Data"
"13d95f0f6f73943d4ceffad0fc2cd32c","GOIANIA","GO","-16.62049778325646","-49.31927701031582","1","1","249.99","3.00","1","0.00","22.34","1","2.86","1.00",NULL,"Insufficient Data"
"d93b8458c6fe139d85cfa5eadbf55bd2","SAO PAULO","SP","-23.471205040999262","-46.57158333882553","1","1","19.90","5.00","1","0.00","5.98","0",NULL,"0.00",NULL,"Insufficient Data"
"312ba1d77e9c332ef21f9598b7f64cd7","GUARULHOS","SP","-23.40404595977175","-46.41877432373763","9","7","756.00","2.78","9","0.22","25.70","4","15.89","0.57",NULL,"Insufficient Data"
"e5a38146df062edaf55c38afa99e42dc","SAO PAULO","SP","-23.53624654014997","-46.66166521796584","121","120","15360.07","3.96","120","0.13","12.19","11","13.18","0.09","39.78","Toxic"
"6601ee6383e7f452be71929f8de48bbb","RIBEIRAO PRETO","SP","-21.223533543713227","-47.83104529239533","2","2","153.60","4.00","2","0.00","14.83","0",NULL,"0.00",NULL,"Insufficient Data"
"61b893c57e33626afb104d4112b1be76","DIVISA NOVA","MG","-21.50998063259399","-46.195791142464834","1","0","74.99","1.00","1","1.00",NULL,"0",NULL,NULL,NULL,"Insufficient Data"
"e067ad2c1c0b48758eb1b5228bcf7a68","SANTOS","SP","-23.969746244887773","-46.32193882675137","54","54","5042.55","4.15","54","0.09","14.98","5","8.18","0.09","45.26","Toxic"
"bac44fa8e13424950488659b5f765c41","SAO PAULO","SP","-23.58422109515565","-46.674052829159486","1","1","19.90","5.00","1","0.00","8.71","0",NULL,"0.00",NULL,"Insufficient Data"
"5b35136197710e16ac5e7b7c2bd4ea85","RIO DE JANEIRO","RJ","-23.001267617010644","-43.33559883706716","7","7","3104.20","2.57","7","0.43","18.39","2","11.28","0.29",NULL,"Insufficient Data"
"e58a5b390e28abc0b216cfb0e07d27d7","RIO DE JANEIRO","RJ","-23.001267617010644","-43.33559883706716","7","7","1022.60","4.86","7","0.00","7.60","0",NULL,"0.00",NULL,"Insufficient Data"
"1ca4bdb0cd7fc48e949bac066188ed26","CATAGUASES","MG","-21.38265511641797","-42.70358535785256","4","3","1520.00","4.50","4","0.00","14.30","1","1.73","0.33",NULL,"Insufficient Data"
"b0398568231ba5e6734af1881671a317","COLATINA","ES","-19.52664430508559","-40.66243185634447","4","4","656.77","4.00","4","0.25","13.21","0",NULL,"0.00",NULL,"Insufficient Data"
"6bd69102ab48df500790a8cecfc285c2","SAO PAULO","SP","-23.621390480559313","-46.61597395073291","5","5","8070.00","3.00","5","0.20","16.25","1","23.98","0.20",NULL,"Insufficient Data"
"3afc536624bc2e65bddfb5db33cc01f3","BELO HORIZONTE","MG","-19.925953136630508","-43.92700122120827","6","6","312.00","3.50","6","0.33","9.89","1","0.68","0.17",NULL,"Insufficient Data"
"d26aa40b90272d4843d63be7c1462c8d","SAO PAULO","SP","-23.53737143220104","-46.57894829231521","2","2","152.90","4.50","2","0.00","4.59","0",NULL,"0.00",NULL,"Insufficient Data"
"9523fb39dd240aa958e040f8183d64f3","SAO PAULO","SP","-23.56925274057871","-46.6186169730581","1","1","146.99","1.00","1","1.00","21.88","0",NULL,"0.00",NULL,"Insufficient Data"
"777a0c55737f34ffeb78010f7542ab41","SAO PAULO","SP","-23.56925274057871","-46.6186169730581","6","6","452.50","4.33","6","0.00","4.23","0",NULL,"0.00",NULL,"Insufficient Data"
"e250d617a0ad591ba9bd663e584a895d","GUARULHOS","SP","-23.42946359631356","-46.5495901080212","8","8","904.12","3.50","8","0.25","8.82","0",NULL,"0.00",NULL,"Insufficient Data"
"33a6f4b1e7cdc205511e76ba1b6e0186","GUARULHOS","SP","-23.42946359631356","-46.5495901080212","105","105","10295.01","4.41","105","0.06","8.50","2","11.17","0.02","82.48","Excellent"
"1b4b28463457a256e9a784ebe2a8f630","PIRACICABA","SP","-22.725079692431564","-47.630333420285545","1","1","699.42","1.00","1","1.00","14.14","1","7.85","1.00",NULL,"Insufficient Data"
"be8e909810184b9b19e886129149d8e5","PIRACICABA","SP","-22.725079692431564","-47.630333420285545","15","15","629.85","3.73","15","0.13","15.36","3","6.93","0.20",NULL,"Insufficient Data"
"537eb890efff034a88679788b647c564","RIO DE JANEIRO","RJ","-22.916244564738715","-43.2179503352653","160","158","4679.70","4.22","160","0.08","9.14","9","6.20","0.06","61.91","Watchlist"
"c53bcd3be457a342a97e39e5a9f0be22","NEOPOLIS","SE","-10.32593083501133","-36.57752881665697","5","5","509.50","3.20","5","0.40","12.38","0",NULL,"0.00",NULL,"Insufficient Data"
"939e6227d6964a11a70aa91243e418f2","CONSELHEIRO LAFAIETE","MG","-20.653420745756147","-43.797692453243","4","4","425.00","4.25","4","0.00","5.34","0",NULL,"0.00",NULL,"Insufficient Data"
"278b6e0b20c4f61fefaa0577943d7a35","ITAJAI","SC","-26.94374934078652","-48.72163589675504","1","0","1078.00","1.00","1","1.00",NULL,"0",NULL,NULL,NULL,"Insufficient Data"
"0e982cff76cc0579f632cea8a0e38c9d","ITAJAI","SC","-26.94374934078652","-48.72163589675504","7","6","1307.34","4.00","7","0.00","8.63","0",NULL,"0.00",NULL,"Insufficient Data"
"eec3469d83e142f9a104886655338c37","BAURU","SP","-22.322001161380253","-49.04575130270953","4","4","185.70","4.50","4","0.00","9.98","0",NULL,"0.00",NULL,"Insufficient Data"
"f09b760d23495ac9a7e00d29b769007c","CATANDUVA","SP","-21.14338895195698","-48.995313956819665","1","1","21.90","4.00","1","0.00","24.06","0",NULL,"0.00",NULL,"Insufficient Data"
"a61cc04793308395a840807104365121","JARINU","SP","-23.096492254601635","-46.71792466026417","1","1","14.63","5.00","1","0.00","8.37","0",NULL,"0.00",NULL,"Insufficient Data"
"7b3447b497e55af8c15fc7bd89d7b81a","SAO PAULO","SP","-23.529819075625575","-46.461783039724004","1","1","49.90","5.00","1","0.00","13.09","0",NULL,"0.00",NULL,"Insufficient Data"
"669ae81880e08f269a64487cfb287169","RIO DO SUL","SC","-27.214586575753966","-49.63772541794044","162","161","13248.87","4.24","161","0.10","12.19","7","13.76","0.04","63.35","Watchlist"
"1b65c144b17e607c0f37f10bb7dfec8d","RIO DO SUL","SC","-27.214586575753966","-49.63772541794044","5","5","1109.50","2.00","5","0.60","8.77","0",NULL,"0.00",NULL,"Insufficient Data"
"7210cd29727d674c00741e5e387b3ccd","SAO PAULO","SP","-23.584873378842612","-46.541400424516354","9","9","729.09","4.44","9","0.11","3.78","1","1.83","0.11",NULL,"Insufficient Data"
"34d1ca11b242c0fee2c834ae8d788566","CONGONHAS","MG","-20.509894537367913","-43.86168754730869","40","40","13422.24","4.33","39","0.00","13.18","0",NULL,"0.00","83.09","Excellent"
"a1bea7061f61f6fdd9a85a6325ba1033","CARAPICUIBA","SP","-23.52089232181079","-46.84578284021308","9","9","810.95","4.44","9","0.00","4.49","1","3.84","0.11",NULL,"Insufficient Data"
"28fb0829fd777877cdc350d25cb5bd5b","SAO JOSE DO RIO PRETO","SP","-20.79087679753519","-49.37011631689223","4","2","499.60","3.75","4","0.25","14.09","0",NULL,"0.00",NULL,"Insufficient Data"
"55a5b51f93f2b70ea513f5a047b0262a","SAO JOAO DEL REI","MG","-21.12313862606965","-44.250223857657126","39","39","4002.30","4.46","39","0.03","13.74","3","3.04","0.08","66.73","Good"
"ff4e2d38692ce827b1a4f4b8196e680d","SAO PAULO","SP","-23.544817298680808","-46.5621002441957","11","11","518.90","4.27","11","0.00","9.21","0",NULL,"0.00",NULL,"Insufficient Data"
"7b07b3c7487f0ea825fc6df75abd658b","SAO PAULO","SP","-23.503984838767177","-46.6256721599388","93","91","9731.85","4.35","93","0.06","9.59","4","18.14","0.04","76.12","Good"
"4d6fb82c629c7a5028bfd973c07b05e0","BELO HORIZONTE","MG","-19.82592413119809","-43.97241066320181","2","0","278.00","2.00","2","0.50",NULL,"0",NULL,NULL,NULL,"Insufficient Data"
"05ff92fedb5be47920fea08e501238b9","SANTO ANGELO","RS","-28.290552519798354","-54.26251143307891","59","57","21992.78","4.24","59","0.07","12.34","3","10.11","0.05","67.09","Good"
"48efc9d94a9834137efd9ea76b065a38","CURITIBA","PR","-25.504914633007544","-49.30003383657741","33","33","345.60","5.00","33","0.00","10.79","0",NULL,"0.00","86.57","Excellent"
"02f623a8eb246f3c5f7c2f96462654e6","BOTUCATU","SP","-22.874881658404483","-48.435753385632296","44","44","6378.00","4.56","43","0.05","8.48","4","9.21","0.09","72.99","Good"
"bd43e172d599bed47a85da877172ca8c","SAO BENTO DO SUL","SC","-26.249611365425213","-49.38023607551117","1","1","23.92","5.00","1","0.00","12.47","0",NULL,"0.00",NULL,"Insufficient Data"
"835f0f7810c76831d6c7d24c7a646d4d","SAO PAULO","SP","-23.503205760149903","-46.42228420833628","44","42","5130.00","3.34","44","0.30","18.10","13","4.69","0.31","6.14","Toxic"
"c747d5b92c7648417faea95d36d763e8","PACATUBA","CE","-3.953841226097661","-38.615167640864634","1","1","139.00","5.00","1","0.00","12.95","0",NULL,"0.00",NULL,"Insufficient Data"
"05f51e13da97139648b8125c31e5f51b","BELO HORIZONTE","MG","-19.869927909222348","-43.919706450313775","60","57","13769.01","4.07","60","0.18","12.51","9","9.39","0.16","29.49","Toxic"
"f435898e493ba0356019a0b1cb8b55b1","CURITIBA","PR","-25.51367322597389","-49.25560607832762","10","10","649.76","4.40","10","0.10","10.87","0",NULL,"0.00",NULL,"Insufficient Data"
"e70053bf73d1b5863932e53a9fa47496","SAO PAULO","SP","-23.533493438448822","-46.711300979148106","7","7","4025.00","4.29","7","0.00","13.45","0",NULL,"0.00",NULL,"Insufficient Data"
"6562efe88ce0826a4ca4f189f03b4b84","MARINGA","PR","-23.441740759137385","-51.9274915819165","9","8","1135.90","3.89","9","0.11","17.81","1","4.71","0.13",NULL,"Insufficient Data"
"4e326052e5dbba8adcd512f3450a307e","SAO PAULO","SP","-23.50473849635927","-46.441511987068395","3","3","570.00","2.33","3","0.67","17.97","0",NULL,"0.00",NULL,"Insufficient Data"
"c1dde11f12d05c478f5de2d7319ad3b2","SAO PAULO","SP","-23.539657127270956","-46.63188421270581","1","1","12.50","1.00","1","1.00","3.23","0",NULL,"0.00",NULL,"Insufficient Data"
"14a08204d03bb6b6bde8029f801ae0eb","SAO PAULO","SP","-23.539657127270956","-46.63188421270581","28","28","2185.40","3.89","28","0.14","8.84","0",NULL,"0.00","48.66","Toxic"
"6902157ee16728322d61a1321fa79e58","SAO PAULO","SP","-23.539657127270956","-46.63188421270581","2","2","159.80","3.00","2","0.50","10.46","0",NULL,"0.00",NULL,"Insufficient Data"
"c84592044b180dec206770c38603814b","SAO PAULO","SP","-23.539657127270956","-46.63188421270581","15","14","511.94","4.20","15","0.07","12.92","0",NULL,"0.00",NULL,"Insufficient Data"
"6da1992f915d77be95d7fa48b36904af","SAO PAULO","SP","-23.539657127270956","-46.63188421270581","7","7","261.00","4.00","7","0.14","9.04","0",NULL,"0.00",NULL,"Insufficient Data"
"5d378b73ab7dd6f0418d743e5dcb0bd1","SAO PAULO","SP","-23.539657127270956","-46.63188421270581","7","6","13243.00","3.86","7","0.14","30.49","1","100.01","0.17",NULL,"Insufficient Data"
"7040e82f899a04d1b434b795a43b4617","SAO PAULO","SP","-23.539657127270956","-46.63188421270581","212","208","9738.20","3.60","210","0.18","10.51","20","7.00","0.10","26.93","Toxic"
"630008e0f062605a415d694489f6f82e","SAO PAULO","SP","-23.539657127270956","-46.63188421270581","2","1","105.15","3.50","2","0.00","17.06","0",NULL,"0.00",NULL,"Insufficient Data"
"70b52a4cfc823994561b00bad161b4ed","SAO PAULO","SP","-23.49682861999247","-46.685783448823294","8","8","585.00","4.38","8","0.00","12.89","0",NULL,"0.00",NULL,"Insufficient Data"
"3f995f07c49d0d55a99d5c54957f7d81","ITAPECERICA DA SERRA","SP","-23.690827005152517","-46.85549014198164","43","43","3955.70","4.21","43","0.07","9.59","1","8.82","0.02","69.36","Good"
"2059c39f76271d4ca3f15b5ffaccc8b8","CURITIBA","PR","-25.561713581369546","-49.28081711442021","12","12","604.90","4.50","12","0.00","9.58","0",NULL,"0.00",NULL,"Insufficient Data"
"a2e874074c877c5a05abae80ad6e488f","SAO JOSE DO RIO PRETO","SP","-20.818007214067112","-49.36232011848671","44","40","8071.98","3.95","44","0.16","19.24","2","7.67","0.05","35.76","Toxic"
"4bf658053d453036c70976bccb2c31b2","SAO JOSE DO RIO PRETO","SP","-20.818007214067112","-49.36232011848671","2","2","1742.99","4.50","2","0.00","24.68","0",NULL,"0.00",NULL,"Insufficient Data"
"e5a3438891c0bfdb9394643f95273d8e","LIMEIRA","SP","-22.560755022881636","-47.44649444065284","224","216","7738.35","3.93","222","0.16","15.66","40","11.10","0.19","19.99","Toxic"
"a3b0df0065e264a91b7bbf5f844af5cd","SAO BERNARDO DO CAMPO","SP","-23.71964586603908","-46.54752546385538","2","2","186.69","5.00","2","0.00","13.62","0",NULL,"0.00",NULL,"Insufficient Data"
"0ddefe3c7a032b91f4e25b9c3a08fca1","SAO BERNARDO DO CAMPO","SP","-23.71964586603908","-46.54752546385538","9","9","402.90","4.56","9","0.00","7.81","0",NULL,"0.00",NULL,"Insufficient Data"
"06579cb253ecd5a3a12a9e6eb6bf8f47","SAO PAULO","SP","-23.579236019595633","-46.65382977275744","62","61","4727.20","4.08","62","0.11","9.94","8","6.37","0.13","39.50","Toxic"
"ea846a0e7ad98a741783e886d89dfa44","ARACATUBA","SP","-21.20178666844952","-50.458066746293945","2","2","137.00","5.00","2","0.00","10.28","0",NULL,"0.00",NULL,"Insufficient Data"
"c8660dcf9ba70575f45d80fe28c27713","SAO PAULO","SP","-23.48965996001443","-46.622571665092934","4","4","335.00","4.50","4","0.00","14.99","1","1.74","0.25",NULL,"Insufficient Data"
"4e8dacf3d38f281ae26c3e0321d92d88","SAO PAULO","SP","-23.54493260145607","-46.428857743416565","10","8","2644.95","2.80","10","0.40","12.03","1","2.70","0.13",NULL,"Insufficient Data"
"714b9a1332840f257b49f476bea4e341","MONTE ALTO","SP","-21.263459220114285","-48.49549672750633","6","6","1499.94","3.33","6","0.17","32.30","2","32.61","0.33",NULL,"Insufficient Data"
"fa1c13f2614d7b5c4749cbc52fecda94","SUMARE","SP","-22.8221365108088","-47.27033542521256","585","578","194042.03","4.34","581","0.09","13.35","59","10.40","0.10","59.02","Watchlist"
"cac63f48c38cd7d002a7e846dcd99a23","SUMARE","SP","-22.8221365108088","-47.27033542521256","10","10","874.00","4.80","10","0.00","7.23","0",NULL,"0.00",NULL,"Insufficient Data"
"98e164d549402270247f3c96a1a158ef","SAO PAULO","SP","-23.532956160041532","-46.716796816499084","2","2","162.70","2.50","2","0.50","8.83","0",NULL,"0.00",NULL,"Insufficient Data"
"3a1a1fec38dd360f15fc912e821e169d","SAO PAULO","SP","-23.499162903885033","-46.64211200009376","15","15","2007.38","3.87","15","0.13","14.43","4","8.30","0.27",NULL,"Insufficient Data"
"38102b031c2a15e54623d711bfc753d3","MUCAMBO","CE","-3.9057269964787786","-40.74612755881526","9","8","457.00","3.67","9","0.11","21.18","0",NULL,"0.00",NULL,"Insufficient Data"
"5d0363b33554b373851fc1622e4d5f3c","ATIBAIA","SP","-23.089925245856186","-46.61165422508775","94","93","6610.79","4.04","94","0.11","12.49","8","11.70","0.09","41.58","Toxic"
"751e274377499a8503fd6243ad9c56f6","CAMPINAS","SP","-22.846425889636095","-47.02476795983292","1","1","218.00","5.00","1","0.00","2.00","0",NULL,"0.00",NULL,"Insufficient Data"
"72c73be2b085b9d57650dd53eb2004c9","SAO PAULO","SP","-23.520110678826004","-46.58524004305731","1","1","29.40","5.00","1","0.00","17.34","0",NULL,"0.00",NULL,"Insufficient Data"
"4eeb99008a0f59d2c7759c59f9a346eb","EMBU DAS ARTES","SP","-23.627004949037193","-46.82318450408936","2","2","1282.00","4.50","2","0.00","7.67","0",NULL,"0.00",NULL,"Insufficient Data"
"94d76e96eedd976258cd3278ce56d5f2","SAO ROQUE","SP","-23.51785667889076","-47.140000622420544","1","1","385.61","5.00","1","0.00","7.03","0",NULL,"0.00",NULL,"Insufficient Data"
"5194c22ed1f616ec0c0f33c571542879","SANTA RITA DO SAPUCAI","MG","-22.247210939506807","-45.70752067761213","4","4","245.60","4.25","4","0.00","12.32","0",NULL,"0.00",NULL,"Insufficient Data"
"cb8bcce248bb1fb274ba762d8b971456","SANTA RITA DO SAPUCAI","MG","-22.247210939506807","-45.70752067761213","68","66","9402.20","4.25","68","0.06","12.63","1","4.05","0.02","72.25","Good"
"2a167ca73899c85001a837d8fb4962f6","SANTA RITA DO SAPUCAI","MG","-22.247210939506807","-45.70752067761213","2","2","4097.00","4.50","2","0.00","6.51","0",NULL,"0.00",NULL,"Insufficient Data"
"9dda5bbacd45e18d6485fee649205d09","SANTA RITA DO SAPUCAI","MG","-22.247210939506807","-45.70752067761213","19","19","1912.60","4.11","19","0.05","15.13","2","8.81","0.11",NULL,"Insufficient Data"
"10cdd491d1dbea8fb4ead97b19c334ce","SANTA RITA DO SAPUCAI","MG","-22.247210939506807","-45.70752067761213","3","3","208.90","5.00","3","0.00","7.09","0",NULL,"0.00",NULL,"Insufficient Data"
"57df9869a600bd6b7c405f2a862eccfb","SANTA RITA DO SAPUCAI","MG","-22.247210939506807","-45.70752067761213","5","5","125.00","4.40","5","0.00","7.29","0",NULL,"0.00",NULL,"Insufficient Data"
"20d53aad4fe5ee93a64f8839609d3586","SANTA RITA DO SAPUCAI","MG","-22.247210939506807","-45.70752067761213","2","1","51.90","2.50","2","0.50","39.28","1","17.71","1.00",NULL,"Insufficient Data"
"9bcdfa7b615b3abb9461d9e3ad9886ae","BLUMENAU","SC","-26.877298283986782","-49.081445858810056","14","14","2126.07","4.43","14","0.00","12.68","1","7.80","0.07",NULL,"Insufficient Data"
"17ca9b9e9b9ef8fdb529001b49ebb50f","BETIM","MG","-19.94300350459581","-44.113624011052295","116","115","9754.83","4.04","116","0.09","8.24","3","3.88","0.03","62.70","Watchlist"
"6a0cbc8af2e8abd1bdfb777943d174c6","BATATAIS","SP","-20.916468353698388","-47.574216767527176","35","34","3894.05","4.06","34","0.09","15.51","3","17.48","0.09","40.52","Toxic"
"4391ea5c5990502176a1dcda44a2373d","PORTO ALEGRE","RS","-30.10311434016288","-51.24261099293992","3","3","2349.00","4.67","3","0.00","12.01","0",NULL,"0.00",NULL,"Insufficient Data"
"066a6914e1ebf3ea95a216c73a986b91","FOZ DO IGUACU","PR","-25.524179417641456","-54.56954811777931","68","66","9410.38","4.09","67","0.07","13.31","2","38.28","0.03","61.52","Watchlist"
"d93919c944be9cff128f6c9cb899eacb","MOMBUCA","SP","-20.569366475414434","-46.02311914850127","33","33","2666.70","4.00","33","0.15","22.92","6","20.06","0.18","17.97","Toxic"
"0ee4fb99ac55ffbbc98795aa01b7f8fa","SANTANA DE PARNAIBA","SP","-23.46503945141154","-46.88499666372505","1","1","59.90","5.00","1","0.00","6.88","0",NULL,"0.00",NULL,"Insufficient Data"
"f1ce5fdecd64935c28b9ff932751d0dc","SANTANA DE PARNAIBA","SP","-23.46503945141154","-46.88499666372505","2","2","158.00","4.50","2","0.00","10.24","0",NULL,"0.00",NULL,"Insufficient Data"
"b410bdd36d5db7a65dcd42b7ead933b8","GOIANIA","GO","-16.664457060457906","-49.244692822032036","44","42","7726.90","4.66","44","0.02","9.20","1","0.65","0.02","89.94","Excellent"
"8185694b58b2ba6de20fd41ae608bbea","TABOAO DA SERRA","SP","-23.61583017773524","-46.7685328252839","8","8","1372.30","4.50","8","0.00","11.06","0",NULL,"0.00",NULL,"Insufficient Data"
"a56e351445e5863fc8960640ba9190c7","ITAJAI","SC","-26.939351585462536","-48.63936784351655","3","3","760.92","4.33","3","0.00","11.72","1","0.12","0.33",NULL,"Insufficient Data"
"df0f42bc4c2142eacf0eaf2cffd0cfbb","ITAJAI","SC","-26.939351585462536","-48.63936784351655","14","14","1654.00","4.14","14","0.14","14.02","0",NULL,"0.00",NULL,"Insufficient Data"
"7aa538dd6e114e503a2e6154ea352253","CATANDUVA","SP","-21.123848514798276","-48.95129208439433","5","5","1016.68","4.40","5","0.00","8.88","0",NULL,"0.00",NULL,"Insufficient Data"
"c85d7b477a709c85a1e8b8f25aa1b270","SAO BERNARDO DO CAMPO","SP","-23.6566288374043","-46.57486862673153","1","0","75.00","1.00","1","1.00",NULL,"0",NULL,NULL,NULL,"Insufficient Data"
"1bb2bdb95f4841f1bba2c0d2cd83d3c9","SAO PAULO","SP","-23.54360983905433","-46.68783857511076","81","79","5002.71","4.64","80","0.04","12.41","6","6.74","0.08","71.81","Good"
"eaf6d55068dea77334e8477d3878d89e","SAO PAULO","SP","-23.665058711138006","-46.67951914303716","3","3","51.00","5.00","3","0.00","6.13","0",NULL,"0.00",NULL,"Insufficient Data"
"099095b050cfe8eb1ddff5317587e96e","SAO PAULO","SP","-23.54868915651897","-46.56553813802192","17","16","5193.83","3.24","17","0.35","11.33","3","15.70","0.19",NULL,"Insufficient Data"
"92c8bc6e8f925792247656fed09aad65","SAO PAULO","SP","-23.578057372798682","-46.52272883054041","3","2","259.70","2.33","3","0.67","13.44","1","1.80","0.50",NULL,"Insufficient Data"
"31ae0774c17fabd06ff707cc5bde005f","AMERICANA","SP","-22.743646919862492","-47.31203571315087","11","11","6719.85","4.00","11","0.18","11.77","1","9.80","0.09",NULL,"Insufficient Data"
"19e0f40a907ec568c34bfac15de4f4a1","AMERICANA","SP","-22.743646919862492","-47.31203571315087","4","4","178.00","5.00","4","0.00","5.84","0",NULL,"0.00",NULL,"Insufficient Data"
"d263fa444c1504a75cbca5cc465f592a","AMERICANA","SP","-22.743646919862492","-47.31203571315087","1","1","399.00","5.00","1","0.00","9.54","0",NULL,"0.00",NULL,"Insufficient Data"
"d4d99b60c4c94cd35acd502cec65dc8d","SAO PAULO","SP","-23.673794085154586","-46.737425375843905","1","1","72.90","3.00","1","0.00","19.08","0",NULL,"0.00",NULL,"Insufficient Data"
"cfd7ddab722b902f7ac5b5f3ba6d723d","CONTAGEM","MG","-19.920569470900055","-44.02640958503362","12","12","3385.03","4.75","12","0.00","5.45","0",NULL,"0.00",NULL,"Insufficient Data"
"3c88ed2e76a2247933a15daa7161eb1c","COSMOPOLIS","SP","-22.633474164982115","-47.177514945107625","1","1","155.00","5.00","1","0.00","19.91","0",NULL,"0.00",NULL,"Insufficient Data"
"1cbd50a8c52e6cf8e315c5709fab386f","FAZENDA RIO GRANDE","PR","-25.673176669302602","-49.32801201663355","9","9","785.97","3.78","9","0.11","19.03","1","5.02","0.11",NULL,"Insufficient Data"
"9add47bf45ce8e8c7db6b9cf670b1e09","FAZENDA RIO GRANDE","PR","-25.673176669302602","-49.32801201663355","43","41","4829.24","4.17","42","0.10","12.25","1","7.79","0.02","60.35","Watchlist"
"ba6b4a237f92479743cf0ca06b67a9ac","RIO DE JANEIRO","RJ","-22.930711174851968","-43.68946380025855","8","8","801.89","4.25","8","0.13","12.60","1","14.90","0.13",NULL,"Insufficient Data"
"7957cac1a02f45d0a4a7e45626382ec2","CURITIBA","PR","-25.460581186381443","-49.294363866810095","1","1","343.00","4.00","1","0.00","26.32","0",NULL,"0.00",NULL,"Insufficient Data"
"5e105f5c9f63f5f1fd75d6cb942e55b1","SAO JOSE DO RIO PRETO","SP","-20.832044636563637","-49.35334480373748","8","8","1471.90","4.50","8","0.00","9.29","1","0.88","0.13",NULL,"Insufficient Data"
"3ade81dab5a172b88e1871c28ae05260","SAO JOSE DO RIO PRETO","SP","-20.832044636563637","-49.35334480373748","30","28","5751.60","4.00","29","0.17","14.18","4","9.06","0.14","23.86","Toxic"
"8581055ce74af1daba164fdbd55a40de","GUARULHOS","SP","-23.46870426001278","-46.51614189492682","387","379","64925.30","4.26","386","0.08","13.10","38","10.16","0.10","58.02","Watchlist"
"3bfba5a77604f6dfae7e6dd7aaf65821","LONDRINA","PR","-23.347856068970952","-51.14841421334773","4","4","2095.50","5.00","4","0.00","9.36","0",NULL,"0.00",NULL,"Insufficient Data"
"b56828a9f9027f3c918c04ca720d9e3c","PRAIA GRANDE","SP","-24.05456065295481","-46.542091190596324","3","3","360.00","2.67","3","0.33","16.97","1","9.68","0.33",NULL,"Insufficient Data"
"59cd88080b93f3c18508673122d26169","PRAIA GRANDE","SP","-24.05456065295481","-46.542091190596324","10","10","392.33","4.70","10","0.00","13.02","2","1.26","0.20",NULL,"Insufficient Data"
"f4c4daa86e30c7e5a553a8d518ac03a5","CASCAVEL","PR","-24.959184284292274","-53.462644000056976","20","18","6301.91","3.70","20","0.20","16.64","1","7.94","0.06","25.10","Toxic"
"522620dcb18a6b31cd7bdf73665113a9","CASCAVEL","PR","-24.959184284292274","-53.462644000056976","174","172","57168.49","3.89","170","0.18","15.40","18","7.81","0.10","29.16","Toxic"
"51f108f62cb87d61918159902c8f8583","CASCAVEL","PR","-24.959184284292274","-53.462644000056976","3","3","303.73","4.33","3","0.00","5.97","0",NULL,"0.00",NULL,"Insufficient Data"
"3f84fefc07dc159b268d4a77d3e8c425","FAZENDA RIO GRANDE","PR","-25.644117085766585","-49.32255004688336","3","3","200.60","5.00","3","0.00","8.07","0",NULL,"0.00",NULL,"Insufficient Data"
"42fb44130ac3134cde8e35cf8ec7df25","PINHALZINHO","SP","-22.780736129682907","-46.5888671096183","3","2","62.70","3.67","3","0.33","5.91","0",NULL,"0.00",NULL,"Insufficient Data"
"e819bcfade7b5d88a27325eb6cfd62c5","GUARULHOS","SP","-23.438736681339233","-46.422618677390574","5","5","202.90","4.20","5","0.20","9.98","1","2.61","0.20",NULL,"Insufficient Data"
"999f6d9a1c7c81f43be44c6b7d076210","SAO PAULO","SP","-23.433500783647116","-46.78917946328691","2","2","28.00","4.50","2","0.00","4.69","0",NULL,"0.00",NULL,"Insufficient Data"
"68f86ba270525243e68ae74044f992b9","RIO DE JANEIRO","RJ","-22.833834004293305","-43.24885668973882","11","10","876.50","4.36","11","0.00","10.09","1","0.64","0.10",NULL,"Insufficient Data"
"657969cca82e884d272385ec0ef06edd","ESTANCIA VELHA","RS","-28.771317519978446","-50.46414800112313","3","3","139.70","4.67","3","0.00","8.11","0",NULL,"0.00",NULL,"Insufficient Data"
"b16d3dadc47d4eb18be3d88bad0775ce","ESTANCIA VELHA","RS","-28.771317519978446","-50.46414800112313","10","10","722.10","4.30","10","0.10","6.43","1","0.84","0.10",NULL,"Insufficient Data"
"aeb36d67f1414f234d42a29e27cf1f17","SANTO ANDRE","SP","-23.665535515458668","-46.54911497019458","4","4","3263.80","4.50","4","0.00","19.47","1","5.75","0.25",NULL,"Insufficient Data"
"b43d8b707f887a30f4675391098354a0","IPIRA","BA","-12.154533930203858","-39.74046054005801","3","3","1342.00","3.00","3","0.33","24.61","1","32.04","0.33",NULL,"Insufficient Data"
"651530bf5c607240ccdd89a30c9c9712","IPIRA","BA","-12.154533930203858","-39.74046054005801","1","1","199.90","4.00","1","0.00","11.77","0",NULL,"0.00",NULL,"Insufficient Data"
"808d4348b916efa08e766ebad39f61eb","SAO PAULO","SP","-23.481297618595416","-46.61693997878472","21","20","731.10","4.43","21","0.10","7.96","1","4.98","0.05","65.06","Watchlist"
"e5899683388855d3dabe8913bbe365de","SAO CARLOS","SP","-22.033506163362237","-47.90892483428428","3","3","452.88","4.00","3","0.00","7.72","0",NULL,"0.00",NULL,"Insufficient Data"
"1c56ffe0e9dea2657fc6e95b53f40b13","SAO CARLOS","SP","-22.033506163362237","-47.90892483428428","3","3","183.00","4.33","3","0.00","6.68","0",NULL,"0.00",NULL,"Insufficient Data"
"b5abf4f36adc043117b4fca82c22984c","CEILANDIA","DF","-15.78892983320835","-48.12481467459101","11","8","1247.80","2.55","11","0.45","19.70","2","12.54","0.25",NULL,"Insufficient Data"
"8bd0e3abda539b9479c4b44a691be1ec","TRES DE MAIO","RS","-27.776575904388316","-54.235518408436796","7","6","596.55","2.29","7","0.57","23.69","2","15.81","0.33",NULL,"Insufficient Data"
"762ed976527cddf02787edba70fffa2a","LONDRINA","PR","-23.311278572671075","-51.15708411065321","3","3","179.80","2.33","3","0.33","7.85","0",NULL,"0.00",NULL,"Insufficient Data"
"80ceebb4ee9b31afb6c6a916a574a1e2","LONDRINA","PR","-23.311278572671075","-51.15708411065321","1","1","6729.00",NULL,"0",NULL,"20.87","1","5.62","1.00",NULL,"Insufficient Data"
"f6122bc84774df1b372bdb3bb88ddb9f","BARUERI","SP","-23.53770033773889","-46.88888392458419","3","3","4799.87","3.67","3","0.33","15.62","1","6.66","0.33",NULL,"Insufficient Data"
"baa49d93c8c8841e27400a300f5d74b2","SAO JOSE","SC","-27.55802381286752","-48.63172484576854","6","6","246.40","4.50","6","0.00","12.28","1","0.64","0.17",NULL,"Insufficient Data"
"034b9387752bfa309f350a70cd45ffa3","BLUMENAU","SC","-26.918216834656093","-49.09395375152909","8","8","96.00","4.50","8","0.00","8.51","0",NULL,"0.00",NULL,"Insufficient Data"
"a478c7961d6a992065b24e63b366f90b","BLUMENAU","SC","-26.918216834656093","-49.09395375152909","8","8","1281.50","4.88","8","0.00","9.86","0",NULL,"0.00",NULL,"Insufficient Data"
"0ebd97a106433a45a4aebe57c1799778","CONTAGEM","MG","-19.956086026625705","-44.05212106582629","31","31","3046.80","4.48","31","0.06","9.44","0",NULL,"0.00","81.87","Excellent"
"a6bd7d1ccdac48c6b33b28596b7eb122","MAMANGUAPE","PB","-6.837168594957801","-35.126887193067326","16","15","14368.61","3.33","15","0.40","15.62","2","1.71","0.13",NULL,"Insufficient Data"
"76623fde66e6b63b59440fd34160512d","GUARULHOS","SP","-23.43363735781087","-46.53377282479947","3","3","65.40","4.00","3","0.00","3.39","0",NULL,"0.00",NULL,"Insufficient Data"
"7c4618c82226628831613e95e9c22f44","SAO ROQUE","SP","-23.54858318028307","-47.13724512698744","13","13","333.93","4.08","13","0.08","11.06","2","1.46","0.15",NULL,"Insufficient Data"
"d58d521f3789def2e7a22715e0badd93","SAO PAULO","SP","-23.52785838457847","-46.534243026514595","2","2","65.98","3.50","2","0.00","4.86","0",NULL,"0.00",NULL,"Insufficient Data"
"d9b00a97818674c7f8d8b1ef0e689679","PONTA GROSSA","PR","-25.10727190687242","-50.15243746995066","1","1","69.90","3.00","1","0.00","2.20","0",NULL,"0.00",NULL,"Insufficient Data"
"be67f78487e2cecb0d55bc769709e4f5","IBIRITE","MG","-20.013645630860008","-44.07010945653083","1","1","102.00","5.00","1","0.00","10.03","0",NULL,"0.00",NULL,"Insufficient Data"
"3969863bb8af7f72580b3b1ffd3a17b3","SAO PAULO","SP","-23.531234542419792","-46.50691508220303","12","12","623.15","4.08","12","0.08","10.24","0",NULL,"0.00",NULL,"Insufficient Data"
"d9442042130b7fe579d1295f9f4a248f","SAO PAULO","SP","-23.531234542419792","-46.50691508220303","19","19","772.16","4.37","19","0.11","10.68","1","7.74","0.05",NULL,"Insufficient Data"
"43a5d4a57af536fddc96d08be3afdfcb","VARGINHA","MG","-21.565443377985368","-45.4382450985375","1","1","75.00","1.00","1","1.00","11.81","0",NULL,"0.00",NULL,"Insufficient Data"
"062ce95fa2ad4dfaedfc79260130565f","LAJEADO","RS","-29.44657988996659","-51.961201913641","55","54","7521.00","4.04","55","0.11","13.50","2","14.93","0.04","49.64","Toxic"
"9dc79dd988ac42f4d56c340d7048420a","SAO PAULO","SP","-23.543150156894836","-46.49010130952278","4","4","749.60","4.75","4","0.00","6.52","0",NULL,"0.00",NULL,"Insufficient Data"
"ef506c96320abeedfb894c34db06f478","SAO PAULO","SP","-23.543150156894836","-46.49010130952278","324","316","9771.43","3.93","321","0.12","13.46","27","11.89","0.09","37.07","Toxic"
"41da412d33e8da4f22baf55cb1bde82c","DOMINGOS MARTINS","ES","-20.35420704341062","-40.70328526895599","15","15","862.90","4.67","15","0.00","10.25","0",NULL,"0.00",NULL,"Insufficient Data"
"6c77cd583b36a13aacccf2b3ee23e233","MARILIA","SP","-22.201858399386726","-49.96832318210503","1","1","18.90","5.00","1","0.00","6.03","0",NULL,"0.00",NULL,"Insufficient Data"
"d91fb3b7d041e83b64a00a3edfb37e4f","PRAIA GRANDE","SP","-24.02652566788821","-46.47823694263501","535","524","40889.74","4.09","531","0.12","11.28","33","3.78","0.06","52.36","Watchlist"
"271b8923c6a549e02d3c9fd1f8c0422b","PRAIA GRANDE","SP","-24.02652566788821","-46.47823694263501","1","1","105.19","4.00","1","0.00","14.18","1","4.99","1.00",NULL,"Insufficient Data"
"876182d1918783bbe15233febfbd4926","SAO PAULO","SP","-23.592775547444546","-46.601190643558255","3","3","120.27","4.00","3","0.00","9.28","0",NULL,"0.00",NULL,"Insufficient Data"
"fd386aa7bed2af3c7035c65506c9b4a3","SAO PAULO","SP","-23.592775547444546","-46.601190643558255","69","69","2304.15","4.35","69","0.07","8.56","7","9.22","0.10","59.48","Watchlist"
"491a5ada3aa1678414e990262c4bbdc1","SAO PAULO","SP","-23.592775547444546","-46.601190643558255","2","1","2840.00","3.00","2","0.50","6.89","0",NULL,"0.00",NULL,"Insufficient Data"
"e333046ce6517bd8bb510291d44f0130","IPAUSSU","SP","-23.055151680595838","-49.62719098425694","68","68","7268.00","4.34","68","0.07","10.16","4","6.79","0.06","67.98","Good"
"080199a181c46c657dc5aa235411be3b","OSASCO","SP","-23.528549092116897","-46.779788326644095","79","79","14504.20","4.62","78","0.01","8.09","2","17.82","0.03","91.06","Excellent"
"f12d3c2a14729ae461b920c11fe20fdc","SANTO ANDRE","SP","-23.640443596560736","-46.541742273007706","9","9","364.45","4.44","9","0.00","5.31","0",NULL,"0.00",NULL,"Insufficient Data"
"0015a82c2db000af6aaaf3ae2ecb0532","SANTO ANDRE","SP","-23.640443596560736","-46.541742273007706","3","3","2685.00","3.67","3","0.33","10.79","0",NULL,"0.00",NULL,"Insufficient Data"
"a2e85714b56b1cb6bb24a9a6e6cad36f","MIGUELOPOLIS","SP","-20.182732189905014","-48.027801720573294","2","0","339.70","1.00","2","1.00",NULL,"0",NULL,NULL,NULL,"Insufficient Data"
"2ec6e37d992a95eaddb3369dcbcc76d9","PORTO ALEGRE","RS","-30.041919232419254","-51.15143702712152","2","2","159.80","1.50","2","0.50","9.66","0",NULL,"0.00",NULL,"Insufficient Data"
"c7c7b2682c648339a0e9846bb1023a39","BRAGANCA PAULISTA","SP","-22.981754447933262","-46.5340308924579","2","2","168.00","4.50","2","0.00","10.28","0",NULL,"0.00",NULL,"Insufficient Data"
"9c0e69c7bf2619675bbadf47b43f655a","SAO JOSE DOS CAMPOS","SP","-23.22450334584871","-45.887842850213325","157","151","33702.78","4.08","156","0.12","14.62","16","20.48","0.11","39.49","Toxic"
"6973a06f484aacf400ece213dbf3d946","SAO JOSE DOS CAMPOS","SP","-23.22450334584871","-45.887842850213325","95","89","11011.05","3.60","94","0.19","14.90","15","5.90","0.17","14.64","Toxic"
"2eeb6531ee027a48d401e72bebdd87d3","SAO JOSE DOS CAMPOS","SP","-23.22450334584871","-45.887842850213325","3","3","38.70","4.33","3","0.00","12.21","0",NULL,"0.00",NULL,"Insufficient Data"
"4a82168aaef173cbb6e46ae88728f919","IRATI","PR","-25.474093335032038","-50.65035940195515","4","4","512.00","4.00","4","0.00","6.72","0",NULL,"0.00",NULL,"Insufficient Data"
"d101c6da914ae3d53f7bee42283f2fe2","SAO PAULO","SP","-23.51151156248394","-46.4842937005647","13","13","1297.40","3.62","13","0.23","13.33","1","7.56","0.08",NULL,"Insufficient Data"
"b2c97074649f92197d9387d9033dda5f","BOTUCATU","SP","-22.875814933627183","-48.42760074514811","10","10","684.71","4.70","10","0.00","12.24","1","2.06","0.10",NULL,"Insufficient Data"
"b0f2a6122a90a93eb03e68653dd960e3","CURITIBA","PR","-25.428323460810233","-49.299817902252705","6","6","1620.30","4.83","6","0.00","7.87","0",NULL,"0.00",NULL,"Insufficient Data"
"297d5eccd19fa9a83b2630071ff105e4","CURITIBA","PR","-25.428323460810233","-49.299817902252705","8","8","834.97","5.00","8","0.00","6.88","0",NULL,"0.00",NULL,"Insufficient Data"
"b5f49fe968dff6b112861e6cd8e192ef","CURITIBA","PR","-25.428323460810233","-49.299817902252705","1","1","194.70","5.00","1","0.00","14.00","0",NULL,"0.00",NULL,"Insufficient Data"
"28872dc528e978a639754bc8c2ce5a4c","CAXIAS DO SUL","RS","-29.16744881112399","-51.15483116731139","1","1","1009.90","5.00","1","0.00","4.04","0",NULL,"0.00",NULL,"Insufficient Data"
"a89e143d5211473ae18db9577ee34b64","LIMEIRA","SP","-22.565964761592504","-47.38380603235934","2","1","140.00","3.00","2","0.50","9.21","0",NULL,"0.00",NULL,"Insufficient Data"
"2646baaf662d4d92ac48f047e35db92d","SAO PAULO","SP","-23.545203383248218","-46.587698164961175","15","15","1263.05","4.47","15","0.07","5.73","2","1.83","0.13",NULL,"Insufficient Data"
"26b482dccfa29bd2e40703ba45523702","SANTA BARBARA D'OESTE","SP","-22.75788292012537","-47.41705497247528","3","3","344.78","5.00","3","0.00","3.59","0",NULL,"0.00",NULL,"Insufficient Data"
"5dceca129747e92ff8ef7a997dc4f8ca","SANTA BARBARA D'OESTE","SP","-22.75788292012537","-47.41705497247528","325","322","112155.53","3.98","321","0.14","11.57","20","8.29","0.06","46.22","Toxic"
"bd4ff04377f974574f7f0bf9d6ce7dde","SANTA MARIA DA SERRA","SP","-22.569639672881543","-48.15539870681134","4","4","164.96","3.50","4","0.25","21.99","1","4.73","0.25",NULL,"Insufficient Data"
"da20530872245d6cd9d2f5725613c430","IGREJINHA","RS","-29.571977530057968","-50.79472976396335","2","2","314.96","4.50","2","0.00","10.27","0",NULL,"0.00",NULL,"Insufficient Data"
"693660429f9dc4ff704eb3d88dad54d7","SANTO ANDRE","SP","-23.708544965481252","-46.50888811031749","2","2","124.00","4.00","2","0.00","3.58","0",NULL,"0.00",NULL,"Insufficient Data"
"6524b847b982cd56bb5d4b02b776ee42","CAMPINAS","SP","-22.94626727954731","-47.05049823985392","1","1","779.80","4.00","1","0.00","42.33","1","16.82","1.00",NULL,"Insufficient Data"
"0509040ea3fe50071181bbc359eb7738","BELO HORIZONTE","MG","-19.840041680680123","-43.959339238475245","89","87","3737.95","4.48","87","0.01","11.61","6","3.02","0.07","71.87","Good"
"817245bcc3badd82bbd222e0366951a6","BAURU","SP","-22.353827052221806","-49.1014713601243","29","28","5580.50","4.00","28","0.11","12.42","1","14.78","0.04","48.83","Toxic"
"3968920b9aa752ab98f7d5888c9252f2","BAURU","SP","-22.353827052221806","-49.1014713601243","8","8","523.30","3.88","8","0.25","9.64","1","2.68","0.13",NULL,"Insufficient Data"
"2c54051840f19eca309a5423cf22df36","CURITIBA","PR","-25.517200416852468","-49.26443347894969","2","2","23.70","4.50","2","0.00","8.93","0",NULL,"0.00",NULL,"Insufficient Data"
"bf0045791395e66460eb04749c68672a","SAO PAULO","SP","-23.629571420528872","-46.59150671724374","2","2","119.80","4.00","2","0.00","14.25","0",NULL,"0.00",NULL,"Insufficient Data"
"0bebbb2cea103a4a020c95d43fd7d754","SAO PAULO","SP","-23.510207653445484","-46.65788988269822","9","9","1367.20","4.89","9","0.00","5.92","0",NULL,"0.00",NULL,"Insufficient Data"
"e64d65bc8dbec2accda90c58de5d1246","RIO CLARO","SP","-22.40895214371238","-47.563680414821135","12","12","1678.80","3.08","12","0.42","13.49","4","4.24","0.33",NULL,"Insufficient Data"
"730937bf88cb151eb2eb849f642fc213","RIO CLARO","SP","-22.40895214371238","-47.563680414821135","22","22","2821.20","4.41","22","0.09","6.47","1","2.68","0.05","68.11","Good"
"6b333a05bf188ef3e1f1662a86bd9855","SAMAMBAIA","DF","-15.867324605965779","-48.05886812552991","12","12","3990.91","4.33","12","0.00","10.71","1","1.90","0.08",NULL,"Insufficient Data"
"a1043bafd471dff536d0c462352beb48","ILICINEA","MG","-20.940577532886604","-45.82723735222764","718","702","101901.16","4.22","715","0.09","13.65","40","8.44","0.06","60.47","Watchlist"
"f4db9b37944bcb8873e6b456ee190bbf","ITAQUAQUECETUBA","SP","-23.46535113147831","-46.33959705106874","21","21","3409.78","4.57","21","0.00","13.15","2","3.88","0.10","67.38","Good"
"7c462184585ae80bd6e5774c62ce50f2","CAMPINAS","SP","-22.820556839802265","-47.05109826059328","1","1","60.00","3.00","1","0.00","16.04","1","8.57","1.00",NULL,"Insufficient Data"
"f25e239052084705e17a982bc600ab2a","SAO PAULO","SP","-23.5291645437106","-46.63658239267475","8","8","7380.00","4.25","8","0.13","12.40","0",NULL,"0.00",NULL,"Insufficient Data"
"218f991754f360af9c2daa5e0b8e990c","SAO PAULO","SP","-23.5291645437106","-46.63658239267475","14","14","3554.32","3.64","14","0.21","13.86","2","18.96","0.14",NULL,"Insufficient Data"
"6b803197e03abd5056b4313306b4f29d","SAO PAULO","SP","-23.5291645437106","-46.63658239267475","7","7","407.00","4.71","7","0.00","5.33","0",NULL,"0.00",NULL,"Insufficient Data"
"9d681c7e12db302cb261e721040dde65","CURITIBA","PR","-25.469973555313807","-49.30737230197128","13","13","785.60","4.92","13","0.00","9.30","0",NULL,"0.00",NULL,"Insufficient Data"
"0241d4d5d36f10f80c644447315af0bd","CURITIBA","PR","-25.469973555313807","-49.30737230197128","238","238","31397.70","4.35","237","0.07","11.00","14","7.66","0.06","70.67","Good"
"fe9d9cf8631285d5982c6e2cf27fb114","BARBACENA","MG","-21.22735510037092","-43.77268466098553","1","1","69.90","4.00","1","0.00","4.90","0",NULL,"0.00",NULL,"Insufficient Data"
"b45d7ebfb7378630f1bcd74b6ff86ff7","BELO HORIZONTE","MG","-19.916749422160827","-43.90182965852817","5","3","1007.50","3.80","5","0.20","29.70","0",NULL,"0.00",NULL,"Insufficient Data"
"c8417879a15366a17c30af34c798c332","SAO PAULO","SP","-23.6831997048296","-46.685265924218754","26","25","1767.90","4.28","25","0.08","9.31","3","0.90","0.12","51.40","Toxic"
"709e16e2b25c7474d980076c6bfc4806","BIRIGUI","SP","-21.294953796324286","-50.343267355732806","60","60","5151.90","4.52","60","0.02","10.64","2","6.99","0.03","83.31","Excellent"
"69b5eaa096c3f9d1e5c398c597f567d6","BIRIGUI","SP","-21.294953796324286","-50.343267355732806","2","2","938.00","5.00","2","0.00","6.58","0",NULL,"0.00",NULL,"Insufficient Data"
"bc503e244f187939d10c92a5c8e378ce","BIRIGUI","SP","-21.294953796324286","-50.343267355732806","7","6","637.67","3.29","7","0.29","11.93","1","0.69","0.17",NULL,"Insufficient Data"
"76833248bbc0e65a0293ec62023e4396","BIRIGUI","SP","-21.294953796324286","-50.343267355732806","2","2","2399.98","5.00","2","0.00","18.68","0",NULL,"0.00",NULL,"Insufficient Data"
"bdf0d02d36a1d839d0c39c4a887cdd49","BIRIGUI","SP","-21.294953796324286","-50.343267355732806","5","5","120.00","5.00","5","0.00","8.35","0",NULL,"0.00",NULL,"Insufficient Data"
"b05b432bf68945d4d9783f9e3ca29ee8","BIRIGUI","SP","-21.294953796324286","-50.343267355732806","2","2","224.80","4.50","2","0.00","5.42","0",NULL,"0.00",NULL,"Insufficient Data"
"1dcfa3835714681d4ba4a93bc1e0fd41","BIRIGUI","SP","-21.294953796324286","-50.343267355732806","13","12","1278.50","4.00","12","0.17","15.08","0",NULL,"0.00",NULL,"Insufficient Data"
"5d505d2298ad549e4e4e835562fa0c1e","BIRIGUI","SP","-21.294953796324286","-50.343267355732806","2","2","249.80","5.00","2","0.00","5.90","0",NULL,"0.00",NULL,"Insufficient Data"
"9cad4b68bb993ee401a3c5aaa2bc26dd","BIRIGUI","SP","-21.294953796324286","-50.343267355732806","5","5","649.30","2.80","5","0.20","18.70","1","15.82","0.20",NULL,"Insufficient Data"
"9bf11dfc0bec77e5a23028043c3c5a8f","CONTAGEM","MG","-19.894029624407654","-44.0422440467639","1","1","115.00","1.00","1","1.00","31.54","1","12.49","1.00",NULL,"Insufficient Data"
"1b1ae47a313a825a7ccceb8e2e30fa9d","BOCAIUVA DO SUL","PR","-25.21080605480616","-49.11175726359096","11","10","2243.90","3.90","10","0.20","10.65","0",NULL,"0.00",NULL,"Insufficient Data"
"ace601496e211a664100321f038f50af","SAO PAULO","SP","-23.460094538606647","-46.62462503200484","1","0","165.00","2.00","1","0.00",NULL,"0",NULL,NULL,NULL,"Insufficient Data"
"d3f39f05462b79a4562d35893a28f159","MOCOCA","SP","-21.46666010500379","-47.005307296128414","34","33","2411.30","3.65","34","0.21","11.97","4","14.64","0.12","15.85","Toxic"
"3e8bd881d92466e63ba9e3e809cd3c50","RIO DE JANEIRO","RJ","-22.88389467843656","-43.30538425605098","9","8","2242.28","4.13","8","0.13","13.98","3","2.71","0.38",NULL,"Insufficient Data"
"698f5fa55a5f73d0740e9d9a773e8093","RIO DE JANEIRO","RJ","-22.88389467843656","-43.30538425605098","4","4","120.00","4.75","4","0.00","6.04","0",NULL,"0.00",NULL,"Insufficient Data"
"38e6dada03429a47197d5d584d793b41","SAO PAULO","SP","-23.66958508329504","-46.71857329234198","7","7","596.14","4.43","7","0.14","10.11","1","0.57","0.14",NULL,"Insufficient Data"
"2f74af7a0ee5636f12c2336f9fffed47","SAO PAULO","SP","-23.457618907473133","-46.62810512762747","13","13","560.70","4.31","13","0.08","9.70","0",NULL,"0.00",NULL,"Insufficient Data"
"ead2bab70821ea148476ae9bc08548ac","BELO HORIZONTE","MG","-19.85461537734019","-43.914739731934134","9","9","412.10","4.50","9","0.00","7.32","0",NULL,"0.00",NULL,"Insufficient Data"
"84c945f15571830c1a91a33978e94009","SAO PAULO","SP","-23.459566190038178","-46.69137675746327","2","2","51.98","4.50","2","0.00","9.44","0",NULL,"0.00",NULL,"Insufficient Data"
"a0a14e50070f3225b3eabba5b85da517","CURITIBA","PR","-25.539419304830492","-49.27812341924668","4","4","176.20","4.50","4","0.00","6.05","0",NULL,"0.00",NULL,"Insufficient Data"
"141440cad9341e553f8401c574a2aa38","PITANGA","PR","-24.757846414857603","-51.765958181617265","11","11","1288.20","4.45","11","0.09","6.66","0",NULL,"0.00",NULL,"Insufficient Data"
"9b1ab052f5fca308ba743ac789ebb2e1","PITANGA","PR","-24.757846414857603","-51.765958181617265","2","2","294.09","4.00","2","0.00","10.22","0",NULL,"0.00",NULL,"Insufficient Data"
"9d489893ff6af05029671b785f54b998","LEME","SP","-22.181647599313436","-47.40426671226549","5","5","298.70","4.00","5","0.20","7.29","1","0.64","0.20",NULL,"Insufficient Data"
"8b8cfc8305aa441e4239358c9f6f2485","LONDRINA","PR","-23.312601073046366","-51.16717974601788","15","15","11892.00","4.20","15","0.07","12.54","2","3.21","0.13",NULL,"Insufficient Data"
"f90f77ef2799a27f80d90c425ca944f7","LONDRINA","PR","-23.312601073046366","-51.16717974601788","1","1","70.00","5.00","1","0.00","7.39","0",NULL,"0.00",NULL,"Insufficient Data"
"ac137bac82ffa8548e62bd9d01d2a14f","SAO PAULO","SP","-23.530492115549656","-46.55100936501725","1","0","49.60","1.00","1","1.00",NULL,"0",NULL,NULL,NULL,"Insufficient Data"
"8b2d4ab22f42c5cfc338b846decfda60","FAZENDA RIO GRANDE","PR","-25.64449513561673","-49.30091769165863","6","6","458.00","4.83","6","0.00","15.66","0",NULL,"0.00",NULL,"Insufficient Data"
"47648caee88ccfe951fbb27fbf7b4cbe","DIADEMA","SP","-23.666661956738842","-46.62273946952798","3","3","1564.99","3.67","3","0.33","13.72","1","1.79","0.33",NULL,"Insufficient Data"
"11305281b50fff20ae8bb473f8e11876","UBA","MG","-21.117760548690033","-42.942870863703924","35","35","6528.70","4.31","35","0.06","13.58","4","4.77","0.11","55.54","Watchlist"
"1da366cade6d8276e7d8beea7af5d4bf","UBA","MG","-21.117760548690033","-42.942870863703924","43","42","6917.59","3.93","42","0.12","17.47","5","4.37","0.12","28.72","Toxic"
"cfa5ab0e4d3fc212fd0b3410e7081c62","UBA","MG","-21.117760548690033","-42.942870863703924","16","15","6180.80","3.69","16","0.25","11.97","0",NULL,"0.00",NULL,"Insufficient Data"
"31344c16881c08a8a72c6d2eb29918c1","UBA","MG","-21.117760548690033","-42.942870863703924","43","42","9615.70","4.35","43","0.12","15.70","2","22.77","0.05","57.39","Watchlist"
"2e0dba2da448400b1c11d7b4b22f32a4","SANTO ANDRE","SP","-23.643655369204698","-46.54636839196643","7","7","235.87","3.14","7","0.29","8.87","0",NULL,"0.00",NULL,"Insufficient Data"
"41b14765bd56c8ad10971074380f9c0c","SANTO ANDRE","SP","-23.643655369204698","-46.54636839196643","8","8","395.50","4.63","8","0.00","7.05","0",NULL,"0.00",NULL,"Insufficient Data"
"c1849d4d32d7a6cecd5aa471809d3135","SANTO ANDRE","SP","-23.643655369204698","-46.54636839196643","3","3","388.98","4.33","3","0.00","5.42","0",NULL,"0.00",NULL,"Insufficient Data"
"813348c996469b40f2e028d5429d3495","JUNDIAI","SP","-23.211336157869347","-46.880302938807716","179","172","11205.83","4.06","175","0.11","10.17","9","8.79","0.05","54.21","Watchlist"
"b64d51f0435e884e8de603b1655155ae","GUARULHOS","SP","-23.436153784043963","-46.55233201188836","17","17","416.18","4.29","17","0.06","7.40","3","3.76","0.18",NULL,"Insufficient Data"
"72c5da29406b4234927b81855e7b64f6","GUARULHOS","SP","-23.436153784043963","-46.55233201188836","31","31","11798.69","4.13","31","0.10","10.80","1","14.20","0.03","61.91","Watchlist"
"e0a366315b1b726b6c7832d664c0f530","SAO PAULO","SP","-23.475983214969734","-46.58190463603528","43","43","7400.09","4.30","43","0.07","7.98","2","4.07","0.05","70.72","Good"
"c3f5668699a1b04c0fa61ecea1e2bff6","APUCARANA","PR","-23.554826632350057","-51.45069562281261","3","3","407.81","5.00","3","0.00","12.13","0",NULL,"0.00",NULL,"Insufficient Data"
"0c7533c71df861ec58ad7ff999ed0e8d","VALINHOS","SP","-22.975458140722317","-47.00268239234955","61","61","2989.30","4.15","61","0.11","10.81","3","11.71","0.05","51.59","Toxic"
"cb9fb4ca75d7ba8437480e8dde64fe98","SAO PAULO","SP","-23.533203550140833","-46.50341967916688","10","10","532.14","4.00","10","0.10","9.25","0",NULL,"0.00",NULL,"Insufficient Data"
"d25aa0aaacb370e912f8cf6efeba38b3","MASSARANDUBA","SC","-26.610216926670343","-49.00253404801827","17","17","2658.45","4.47","17","0.06","8.84","1","4.70","0.06",NULL,"Insufficient Data"
"5670f4db5b62c43d542e1b2d56b0cf7c","SAO PAULO","SP","-23.532071320207496","-46.47633256338808","22","22","6630.09","4.41","22","0.09","8.53","1","2.88","0.05","70.56","Good"
"beadbee30901a7f61d031b6b686095ad","GUARULHOS","SP","-23.445655382252607","-46.54152485277398","64","64","4373.98","3.91","64","0.14","14.10","16","7.43","0.25","20.60","Toxic"
"db6a4d4b5f1f5f98820ce6ce2619e2de","SAO PAULO","SP","-23.47932357125712","-46.7076747161463","1","1","135.99","5.00","1","0.00","3.11","0",NULL,"0.00",NULL,"Insufficient Data"
"dd39ad39b5d3df33037e141c72497ba6","SAO PAULO","SP","-23.60757558518243","-46.61104029757758","2","2","135.80","5.00","2","0.00","8.67","0",NULL,"0.00",NULL,"Insufficient Data"
"debe6615cd90cc0c2eac2b8988e1f628","SAO PAULO","SP","-23.60757558518243","-46.61104029757758","5","5","278.50","4.60","5","0.00","11.60","0",NULL,"0.00",NULL,"Insufficient Data"
"533d46c1b06970e99f09523a61df4972","ITAPETININGA","SP","-23.587565723331032","-48.044869013829846","2","2","159.98","4.50","2","0.00","16.61","0",NULL,"0.00",NULL,"Insufficient Data"
"d36b07fd3c5088e477a72d1fccfe29d4","ITAPETININGA","SP","-23.587565723331032","-48.044869013829846","1","1","328.90","5.00","1","0.00","13.24","0",NULL,"0.00",NULL,"Insufficient Data"
"955fee9216a65b617aa5c0531780ce60","SAO PAULO","SP","-23.691013046281814","-46.70381010620762","1287","1261","135171.70","4.16","1277","0.08","10.77","98","7.38","0.08","59.86","Watchlist"
"62c50c1af4dfdc4149d25c5222043d39","SAO PAULO","SP","-23.691013046281814","-46.70381010620762","14","12","2785.72","3.71","14","0.14","12.14","0",NULL,"0.00",NULL,"Insufficient Data"
"a7d0f8dd44f57ef6de7f7f02e3d82630","SAO PAULO","SP","-23.584994977556416","-46.55588386129491","2","2","73.79","4.50","2","0.00","6.13","0",NULL,"0.00",NULL,"Insufficient Data"
"94165aea8a35c3c21499cbcae239b16c","UBERLANDIA","MG","-18.950237259905315","-48.30947065944331","1","1","180.00","2.00","1","0.00","6.16","0",NULL,"0.00",NULL,"Insufficient Data"
"850f4f8af5ea87287ac68de36e29107f","SAO PAULO","SP","-23.651458409656644","-46.667264990007716","187","186","45355.36","4.29","184","0.07","10.13","12","6.06","0.06","70.15","Good"
"c7b7db6c8f3c64a7cc1afa634db21d50","SAO PAULO","SP","-23.651458409656644","-46.667264990007716","1","1","1489.00","1.00","1","1.00","33.21","1","16.65","1.00",NULL,"Insufficient Data"
"e4253cef933647000a82ff39c67b7bde","SAO PAULO","SP","-23.651663543777676","-46.784286989894156","2","0","68.00","2.00","2","0.50",NULL,"0",NULL,NULL,NULL,"Insufficient Data"
"c3867b4666c7d76867627c2f7fb22e21","GUARA","SP","-20.432176899165214","-47.82416381617847","245","228","37153.40","3.91","243","0.15","15.40","27","12.57","0.12","28.48","Toxic"
"a53f60f05f822b5c621a50ff6a5cb362","UBERLANDIA","MG","-18.87399822143102","-48.27413981278631","4","4","415.40","3.67","3","0.33","11.47","0",NULL,"0.00",NULL,"Insufficient Data"
"db46ca7bce82b11f7e247539271fc390","RIO DE JANEIRO","RJ","-22.898539335408454","-43.56542140516348","16","16","933.97","4.56","16","0.06","8.15","0",NULL,"0.00",NULL,"Insufficient Data"
"270297ead4c65a6cd2593960d2af6b21","SAO PAULO","SP","-23.66941385951911","-46.70246251262524","18","17","9422.40","3.82","17","0.06","14.34","0",NULL,"0.00",NULL,"Insufficient Data"
"e8f6dc8e6a1dcde89d20e3995c8d90b3","SAO PAULO","SP","-23.572079387384726","-46.511487864700634","36","35","2256.34","3.92","36","0.11","12.94","3","8.25","0.09","33.90","Toxic"
"7c4adcc13272c0e26fa23aac642adb7b","SAO GONCALO","RJ","-22.811456217228336","-42.97220863173352","2","2","135.00","3.00","2","0.50","17.03","1","4.12","0.50",NULL,"Insufficient Data"
"aded58c8142dedc5494a81f948431fab","RIO DE JANEIRO","RJ","-22.972873846317352","-43.19052130370873","4","4","289.50","3.75","4","0.25","8.74","0",NULL,"0.00",NULL,"Insufficient Data"
"f12ff17ad8bbf01ec5c33b17e506649b","SAO PAULO","SP","-23.565561714195844","-46.58163873599627","29","28","6241.00","3.83","29","0.14","13.79","3","10.74","0.11","25.74","Toxic"
"e3e290b38963293022cdcd6db8328103","SAO PAULO","SP","-23.56875503877107","-46.65340944414582","3","3","135.70","3.33","3","0.33","9.77","0",NULL,"0.00",NULL,"Insufficient Data"
"1992f8fb6b19fcccd97ca819811e7267","SAO PAULO","SP","-23.56875503877107","-46.65340944414582","1","0","28.80","1.00","1","1.00",NULL,"0",NULL,NULL,NULL,"Insufficient Data"
"40db9e9aa57f7bb151bcda6b0f9bdbb7","RECIFE","PE","-8.05886714139907","-34.90021057469489","12","12","23168.00","2.36","11","0.55","14.78","1","2.82","0.08",NULL,"Insufficient Data"
"b8d890108a7a80e4f5d59eea9f362438","CURITIBA","PR","-25.50251900304164","-49.29085375296362","2","2","89.70","3.50","2","0.00","13.94","1","0.97","0.50",NULL,"Insufficient Data"
"24c1de8d9551c0b4fbc53317d53efda8","SERRA REDONDA","PB","-7.185330489314501","-35.68043589181518","1","1","355.00","5.00","1","0.00","12.78","0",NULL,"0.00",NULL,"Insufficient Data"
"08633c14ef2db992c11f840f04fad4cd","RIBEIRAO PIRES","SP","-23.73885547032336","-46.4471409713536","74","74","7644.30","4.36","74","0.04","9.96","5","7.09","0.07","71.79","Good"
"6c9875b2f94ba781186f0c1aed8d1687","BROTAS","SP","-22.28215496803833","-48.12510155957026","2","2","25.00","5.00","2","0.00","4.06","0",NULL,"0.00",NULL,"Insufficient Data"
"17a053fcb14bd219540cbde0df490be0","MOGI GUACU","SP","-22.383407730307617","-46.93598735087052","125","124","40703.14","4.23","123","0.10","12.28","10","9.09","0.08","57.17","Watchlist"
"8d79c8a04e42d722a75097ce5cbcf2ef","CAUCAIA","CE","-3.766765995603741","-38.65536409195578","27","26","2777.72","4.44","27","0.11","19.17","4","28.19","0.15","41.79","Toxic"
"579891617139df7d8671d373f0669622","RIO DE JANEIRO","RJ","-22.905811724167148","-43.18562902375168","8","8","280.30","4.50","8","0.13","18.42","2","5.71","0.25",NULL,"Insufficient Data"
"b74d1c09cb380e1d03a6f859c6f4224b","RIO DE JANEIRO","RJ","-22.905811724167148","-43.18562902375168","31","30","2221.60","4.26","31","0.06","10.78","4","2.93","0.13","51.65","Toxic"
"3a3c180dd702a725bd0ba4117689239e","UNIAO DA VITORIA","PR","-26.230550326532903","-51.08592558853442","1","1","41.90","4.00","1","0.00","13.82","0",NULL,"0.00",NULL,"Insufficient Data"
"b18dc380845b24038cfc48006478f099","DIADEMA","SP","-23.68900621837341","-46.59093312082872","44","43","8353.30","4.14","43","0.12","12.82","7","6.27","0.16","36.55","Toxic"
"655220df33262c7e0c4949a147366f94","DIADEMA","SP","-23.68900621837341","-46.59093312082872","13","13","2245.00","4.08","13","0.15","13.79","2","14.86","0.15",NULL,"Insufficient Data"
"2156f2671501a81034d7d07f217609d0","SAO PAULO","SP","-23.6870075950792","-46.70240296312428","22","21","2981.50","3.86","22","0.14","15.28","3","7.64","0.14","19.87","Toxic"
"f3055483058c84d75ca2a3314fb4deef","SALVADOR","BA","-12.947852572416254","-38.49234455713731","1","0","67.50","1.00","1","1.00",NULL,"0",NULL,NULL,NULL,"Insufficient Data"
"dbdd0ec73a4817971d962698f2fea022","FORTALEZA","CE","-3.7866266682213263","-38.567945481184445","16","16","6384.00","4.38","16","0.13","12.65","1","5.91","0.06",NULL,"Insufficient Data"
"c611f4ce9ce875bcc063fa97fd4d7d12","ATIBAIA","SP","-23.10933890064396","-46.554352207676565","1","1","319.00","4.00","1","0.00","4.07","1","1.69","1.00",NULL,"Insufficient Data"
"d558ebe531605a1285ab2b1bc3256dfb","DIVINOPOLIS","MG","-20.162109146386353","-44.9019160236289","3","3","709.00","4.67","3","0.00","9.42","0",NULL,"0.00",NULL,"Insufficient Data"
"a06c8ff043abea0528ee44171e2140a2","DIVINOPOLIS","MG","-20.162109146386353","-44.9019160236289","8","8","514.50","4.75","8","0.00","3.88","0",NULL,"0.00",NULL,"Insufficient Data"
"b19f3ca2ea475913750f25a5c37c8d8f","DIVINOPOLIS","MG","-20.162109146386353","-44.9019160236289","24","19","6202.91","2.79","24","0.46","18.39","6","10.95","0.32","5.48","Toxic"
"cc5a78bbad32776dc4e3af205218368c","DIVINOPOLIS","MG","-20.162109146386353","-44.9019160236289","33","33","4269.18","4.45","33","0.06","8.18","1","5.75","0.03","79.51","Excellent"
"37515688008a7a40ac93e3b2e4ab203f","DRACENA","SP","-21.48639335970809","-51.533744143993815","228","227","5986.60","4.09","226","0.06","15.23","23","9.13","0.10","46.83","Toxic"
"3ab971ce71839580d2ae5b4e40fe8044","SAO PAULO","SP","-23.60062679626443","-46.54953091064054","36","35","5002.90","3.91","34","0.15","6.88","3","2.53","0.09","36.27","Toxic"
"2bdb95a56a36ebbc6640337ac5eac174","SAO PAULO","SP","-23.616299909517164","-46.642176264134555","1","1","89.90","5.00","1","0.00","5.85","0",NULL,"0.00",NULL,"Insufficient Data"
"70c0fda4c313d87115644d39e62eec60","CARUARU","PE","-8.285133447365824","-35.97077216910167","1","1","25.99","5.00","1","0.00","9.88","0",NULL,"0.00",NULL,"Insufficient Data"
"e908c0f3646e8b60375734a350d95d71","SAO PAULO","SP","-23.538010108905674","-46.65271926812754","1","1","2951.00","4.00","1","0.00","27.11","0",NULL,"0.00",NULL,"Insufficient Data"
"c37b2059d4f90d4feead554e5246565e","SAO PAULO","SP","-23.483583375571712","-46.748070542970176","12","12","839.30","3.33","12","0.33","17.34","3","7.54","0.25",NULL,"Insufficient Data"
"1ce3ae5a399804d1a87e706f8a813c3e","JAGUARUNA","SC","-28.63392098735775","-49.024157474362944","40","40","2563.00","3.75","40","0.15","14.51","4","5.73","0.10","20.51","Toxic"
"e21a1e8be4715b0fcfd5385643bc49c4","JAGUARUNA","SC","-28.63392098735775","-49.024157474362944","21","20","703.60","3.67","21","0.10","16.62","0",NULL,"0.00","41.56","Toxic"
"9d5a9018aee56acb367ba9c3f05d1d6a","APARECIDA DE GOIANIA","GO","-16.766552159923314","-49.339374408608116","67","66","10292.31","4.42","67","0.07","15.02","1","4.86","0.02","73.59","Good"
"080102cd0a76b09e0dcf55fcacc60e05","BELO HORIZONTE","MG","-19.89457420752633","-43.93123458184846","124","122","5716.78","4.48","124","0.05","9.91","5","6.81","0.04","79.11","Good"
"97e4a63591ca439a2b8b7efd20e6e19e","RIO DE JANEIRO","RJ","-22.926258825257275","-43.23184642460919","5","5","349.95","4.40","5","0.00","6.43","0",NULL,"0.00",NULL,"Insufficient Data"
"4003520d80d0bad1d5623f7aa3c63cda","RIO DE JANEIRO","RJ","-22.926258825257275","-43.23184642460919","1","1","70.00","1.00","1","1.00","17.08","0",NULL,"0.00",NULL,"Insufficient Data"
"87d73636a3acf123e842bb890a4db036","NHANDEARA","SP","-20.69353743059978","-50.04249909268568","1","1","269.90","5.00","1","0.00","13.00","0",NULL,"0.00",NULL,"Insufficient Data"
"a20d8058c866dbaeca014d2cd20ac62e","SAO JOSE DOS CAMPOS","SP","-23.17800047517619","-45.88381771655037","2","2","1194.00","5.00","2","0.00","23.56","1","0.93","0.50",NULL,"Insufficient Data"
"e99e927c81e3f51739c94fcdfca9f10f","UBERLANDIA","MG","-18.913247873843897","-48.27821224449975","22","21","2702.83","3.64","22","0.18","14.58","4","3.97","0.19","10.07","Toxic"
"0afccdb8a34ee5c79f7c06faf2b4d56e","UBERLANDIA","MG","-18.913247873843897","-48.27821224449975","25","24","1225.50","4.04","24","0.08","13.47","2","8.82","0.08","42.21","Toxic"
"c9d2ba8dde44a275ae06475ed1d2fafc","UBERLANDIA","MG","-18.913247873843897","-48.27821224449975","1","1","28.79","5.00","1","0.00","8.42","0",NULL,"0.00",NULL,"Insufficient Data"
"6c99c983ce3b6ba0ab813e6790e81691","UBERLANDIA","MG","-18.913247873843897","-48.27821224449975","9","9","546.75","3.78","9","0.22","6.13","0",NULL,"0.00",NULL,"Insufficient Data"
"51e4e89242cbb846c2deff3dc015650e","RIO GRANDE","RS","-32.079231334862214","-52.156032771961506","16","16","822.58","4.63","16","0.00","9.21","0",NULL,"0.00",NULL,"Insufficient Data"
"dace965ca58120f92f8d742a9fa1864b","RIBEIRAO PRETO","SP","-21.18121857521474","-47.80747857476067","8","8","1442.00","4.63","8","0.00","8.05","0",NULL,"0.00",NULL,"Insufficient Data"
"0ade5cc4a305ed7093a23f68ca47519c","CURITIBA","PR","-25.48387869768018","-49.27240870751424","2","2","158.88","5.00","2","0.00","6.88","0",NULL,"0.00",NULL,"Insufficient Data"
"7b8e8ec35bad4b0ef7e3963650b0a87b","TUBARAO","SC","-28.478878471630875","-48.99587861083375","5","5","2244.28","4.80","5","0.00","21.90","1","58.62","0.20",NULL,"Insufficient Data"
"8f119a0aee85c0c8fc534629734e94fd","BARUERI","SP","-23.510921698357695","-46.85992348533071","77","75","3733.68","4.25","77","0.09","10.05","4","5.18","0.05","61.62","Watchlist"
"ccada0ef508e698917a6eab263375905","PATO BRAGADO","PR","-24.625809140863748","-54.22673085775215","3","3","172.80","3.67","3","0.00","9.91","0",NULL,"0.00",NULL,"Insufficient Data"
"042573af89b6d931f672efaf789d8358","SOROCABA","SP","-23.50275462656319","-47.430450592561066","3","3","413.48","3.67","3","0.33","20.02","1","26.90","0.33",NULL,"Insufficient Data"
"3d4824f20035949c710eaf111f869d39","SOROCABA","SP","-23.50275462656319","-47.430450592561066","9","8","1041.04","4.11","9","0.11","8.63","1","5.57","0.13",NULL,"Insufficient Data"
"76d336555bb25f3165d2f0d6da719c40","SOROCABA","SP","-23.50275462656319","-47.430450592561066","2","1","330.00","2.00","2","0.50","11.50","0",NULL,"0.00",NULL,"Insufficient Data"
"45d33f715e24d15a6ccf5c17b3a23e3c","SOROCABA","SP","-23.50275462656319","-47.430450592561066","59","56","4838.23","4.02","59","0.14","11.55","4","9.37","0.07","40.07","Toxic"
"94c49f20a123aeb9360dbf80ff912bf6","SOROCABA","SP","-23.50275462656319","-47.430450592561066","3","3","277.75","3.67","3","0.33","14.15","0",NULL,"0.00",NULL,"Insufficient Data"
"81783131d2a97c8d44d406a4be81b5d9","SOROCABA","SP","-23.50275462656319","-47.430450592561066","13","8","1782.54","3.50","12","0.33","7.25","1","0.85","0.13",NULL,"Insufficient Data"
"c714262700f93defc16bf17a51a4cb23","SAO PAULO","SP","-23.490900340040657","-46.68212772492563","4","4","421.80","3.75","4","0.25","10.21","0",NULL,"0.00",NULL,"Insufficient Data"
"750303a20e9c56b2a6bc45cdce0b897d","GOIANIA","GO","-16.711462089537843","-49.305727850499046","54","53","8085.00","4.24","54","0.11","14.10","2","30.15","0.04","57.27","Watchlist"
"c5e60e39c0f42b8e827daa13cff74afa","SAO PAULO","SP","-23.556051532494394","-46.52261721063351","6","6","134.00","4.50","6","0.00","3.77","1","0.95","0.17",NULL,"Insufficient Data"
"9df5750209b83567ec144eb299d7d634","SAO LEOPOLDO","RS","-29.77653386683951","-51.13068516330073","11","11","4917.00","4.00","11","0.18","14.07","1","4.59","0.09",NULL,"Insufficient Data"
"d1aa1ec0839dcab73a6161130eb1f94a","CURITIBA","PR","-25.45634962561848","-49.265006923843565","1","1","119.90","4.00","1","0.00","35.02","1","2.45","1.00",NULL,"Insufficient Data"
"8dfbc5ff27df12f6cef751d3b9554222","CURITIBA","PR","-25.45634962561848","-49.265006923843565","4","4","226.00","4.50","4","0.00","10.07","0",NULL,"0.00",NULL,"Insufficient Data"
"b2ac621f0d0322434d04a12b078b9369","CURITIBA","PR","-25.45634962561848","-49.265006923843565","30","30","9575.50","4.40","30","0.07","14.67","3","5.99","0.10","58.81","Watchlist"
"888faa8bfb0b159c37de6d898b961c31","BRACO DO NORTE","SC","-28.274304945434455","-49.165211726860214","19","19","2418.30","4.21","19","0.05","8.45","0",NULL,"0.00",NULL,"Insufficient Data"
"6614814a00d344b846ae209f95ee7e3f","MACATUBA","SP","-22.514093447641567","-48.716942122204955","1","1","13.00","1.00","1","1.00","4.79","0",NULL,"0.00",NULL,"Insufficient Data"
"f76a3b1349b6df1ee875d1f3fa4340f0","SAO PAULO","SP","-23.583987138697708","-46.54139703340975","24","24","4160.79","3.46","24","0.17","17.02","9","7.71","0.38","9.36","Toxic"
"65febd49fd28ec955651299159b1f527","SAO PAULO","SP","-23.583987138697708","-46.54139703340975","35","33","4319.70","4.31","35","0.06","6.68","2","0.21","0.06","69.09","Good"
"abbf6046bbdf1028606a5bc7f00c99e7","XANXERE","SC","-26.876415100422566","-52.40399465779401","7","6","2217.15","4.14","7","0.14","11.79","0",NULL,"0.00",NULL,"Insufficient Data"
"ca5832c6960267b71041f74bb39e8b12","XANXERE","SC","-26.876415100422566","-52.40399465779401","1","1","79.90","1.00","1","1.00","45.16","1","14.88","1.00",NULL,"Insufficient Data"
"1dd33b8119b3cb1056ed5dc88cd0aaf4","SAO PAULO","SP","-23.627754263109214","-46.695719848906464","8","8","1513.00","3.75","8","0.13","10.91","1","1.75","0.13",NULL,"Insufficient Data"
"9e7c5f4d7770eab65738cca38f9efccf","SAO PAULO","SP","-23.48686598302112","-46.67379824356863","2","2","184.80","3.50","2","0.00","7.44","0",NULL,"0.00",NULL,"Insufficient Data"
"fb503a924a0b9db19d83dd0ac6dbef8c","PELOTAS","RS","-31.755496519621715","-52.34127190287296","1","1","13.90","5.00","1","0.00","6.55","0",NULL,"0.00",NULL,"Insufficient Data"
"e0b162a693bc7f9eab00f783a31d60ea","PELOTAS","RS","-31.755496519621715","-52.34127190287296","1","1","20.00","5.00","1","0.00","11.09","0",NULL,"0.00",NULL,"Insufficient Data"
"cb6c9f5888a7a090c75beaf615925792","VILA VELHA","ES","-20.339596041885862","-40.295493495869756","11","11","779.89","3.82","11","0.18","10.16","1","0.74","0.09",NULL,"Insufficient Data"
"3dbbce181edfaa4a597ec858c382d2ec","CURITIBA","PR","-25.395684474976697","-49.229948642263324","17","17","848.30","4.24","17","0.12","14.00","2","4.29","0.12",NULL,"Insufficient Data"
"6d1b9c9579132c87d2703ec38c30f2c5","CURITIBA","PR","-25.395684474976697","-49.229948642263324","4","4","299.69","4.50","4","0.00","9.31","0",NULL,"0.00",NULL,"Insufficient Data"
"6d04126aba80df143fd038e711b8fd96","RIO DE JANEIRO","RJ","-22.900151286264816","-43.17827587439507","1","1","89.99","1.00","1","1.00","37.08","1","16.70","1.00",NULL,"Insufficient Data"
"f114dca2828bf718548db175ebe2cfcd","CAMBE","PR","-23.28594398187703","-51.273639723710424","1","1","139.00","1.00","1","1.00","10.48","0",NULL,"0.00",NULL,"Insufficient Data"
"499ec63c58e51296c9cf57edcfe1c8a8","SAO PAULO","SP","-23.495854832279324","-46.716851663819746","5","5","365.00","4.80","5","0.00","5.23","0",NULL,"0.00",NULL,"Insufficient Data"
"8d46553a36e68f95350a200c12f8f2e2","CAMPINAS","SP","-22.975100456164608","-47.142925230302296","13","9","746.60","3.23","13","0.31","17.57","0",NULL,"0.00",NULL,"Insufficient Data"
"8f0fbe2cd4d472157dc1cdef6edecaa9","SAO PAULO","SP","-23.488002878231445","-46.67972964801389","2","2","71.88","3.00","2","0.50","7.67","0",NULL,"0.00",NULL,"Insufficient Data"
"dde698c6d0bd24834c586e5111c2bba7","PETROPOLIS","RJ","-22.332412531990567","-43.1680211348093","1","1","155.90","5.00","1","0.00","7.69","0",NULL,"0.00",NULL,"Insufficient Data"
"10076e5788b8ee532724bcd460baf762","BATATAIS","SP","-20.897753508287284","-47.59026582347454","23","23","821.48","4.57","23","0.04","10.03","1","14.66","0.04","77.16","Good"
"700f03c207639c22d933381ff60b35c2","BARRETOS","SP","-20.57822759538431","-48.557940763421726","4","4","1189.86","4.00","4","0.25","29.77","2","11.28","0.50",NULL,"Insufficient Data"
"d6b664fa0667064c6d76394e7848d790","ARARAQUARA","SP","-21.790782716262672","-48.185502465188435","6","6","6080.00","4.83","6","0.00","17.55","1","0.69","0.17",NULL,"Insufficient Data"
"ef30892870c278497523264be1be2241","ARARAQUARA","SP","-21.790782716262672","-48.185502465188435","9","9","783.20","4.56","9","0.11","8.08","0",NULL,"0.00",NULL,"Insufficient Data"
"7816cd9c5b1238e320545f5bf7eb80e8","ARARAQUARA","SP","-21.790782716262672","-48.185502465188435","1","1","489.00","4.00","1","0.00","10.90","0",NULL,"0.00",NULL,"Insufficient Data"
"d5ba419e26d246a0719437cf37d9b46d","SAO PAULO","SP","-23.55849530893288","-46.52911922454967","34","33","4061.40","3.91","33","0.18","9.78","4","10.17","0.12","26.77","Toxic"
"1acde099eb406aa220b1169b188b42da","SAO PAULO","SP","-23.4997640181805","-46.655470843566654","9","9","311.10","4.22","9","0.11","12.08","0",NULL,"0.00",NULL,"Insufficient Data"
"186cdd1b2df32caa72cfb410bba768d3","RIO NEGRINHO","SC","-26.256138918645814","-49.521532097090756","6","6","1341.45","5.00","6","0.00","8.90","0",NULL,"0.00",NULL,"Insufficient Data"
"e9511df20ccd82658a30c37b7fb343af","BAURU","SP","-22.29471390499049","-49.04569576676685","22","22","2096.60","4.32","22","0.05","9.76","0",NULL,"0.00","76.76","Good"
"deaadd805612bf94faaa9fa702516e11","SAO PAULO","SP","-23.624438675279382","-46.75501665729357","1","0","50.00","1.00","1","1.00",NULL,"0",NULL,NULL,NULL,"Insufficient Data"
"8a43128d7f9a3db592b866e6861a6cce","SAO PAULO","SP","-23.48742211547328","-46.43002785592729","3","3","990.60","2.33","3","0.67","6.24","0",NULL,"0.00",NULL,"Insufficient Data"
"05a48cc8859962767935ab9087417fbb","SAO PAULO","SP","-23.57983030302489","-46.757513526960196","1","1","42.90","5.00","1","0.00","11.28","0",NULL,"0.00",NULL,"Insufficient Data"
"93bef6edaa84956e8e575016449b6351","SAO PAULO","SP","-23.542000785392425","-46.48484332598026","1","1","115.00","5.00","1","0.00","9.93","0",NULL,"0.00",NULL,"Insufficient Data"
"c1f12f926d0ba950578b4fa41115cbb6","SAO PAULO","SP","-23.641746702107135","-46.63282615001185","2","2","479.60","4.00","2","0.00","36.75","1","39.87","0.50",NULL,"Insufficient Data"
"d4f117125b59ce73c3302f88ee40c458","SAO PAULO","SP","-23.610279226711643","-46.648223332198725","17","17","783.29","4.82","17","0.00","7.73","0",NULL,"0.00",NULL,"Insufficient Data"
"4fe2f67634d00c021aa01f96b6f2d68e","MARINGA","PR","-23.387797682667","-51.90893073812971","2","2","86.80","5.00","2","0.00","10.99","0",NULL,"0.00",NULL,"Insufficient Data"
"6c6e3d67f969468f3bfd33f827a31222","MARINGA","PR","-23.387797682667","-51.90893073812971","5","5","224.00","4.80","5","0.00","8.50","0",NULL,"0.00",NULL,"Insufficient Data"
"4f0d637c1197fd65405ebd755ac9f86b","TABOAO DA SERRA","SP","-23.607689842105273","-46.75281481578948","2","2","199.80","5.00","2","0.00","7.36","0",NULL,"0.00",NULL,"Insufficient Data"
"d598f929fc44e1e38678e7f47250ec04","FORMOSA","GO","-15.54095046484551","-47.33733368967048","1","1","69.90","5.00","1","0.00","11.24","0",NULL,"0.00",NULL,"Insufficient Data"
"ed4311e67debd72b8610a5347a743087","GUARULHOS","SP","-23.431867474054968","-46.43492308830103","25","25","3636.00","4.63","24","0.04","7.81","2","2.83","0.08","74.90","Good"
"b1204cfda1d4948679db3cfc0d3cb95c","GUARULHOS","SP","-23.431867474054968","-46.43492308830103","7","6","2903.70","4.00","7","0.14","9.83","0",NULL,"0.00",NULL,"Insufficient Data"
"440dd6ab244315c632130ecfb63827b1","VOTUPORANGA","SP","-20.4163637553309","-49.98500395424029","94","91","13696.90","3.85","93","0.14","16.62","12","12.40","0.13","25.36","Toxic"
"94e93ce877be27a515118dbfd2c2be41","VOTUPORANGA","SP","-20.4163637553309","-49.98500395424029","30","29","5674.57","3.93","29","0.14","13.61","0",NULL,"0.00","47.15","Toxic"
"bd0389da23d89b726abf911cccc54596","BRASILIA","DF","-15.880162327315896","-47.816959428036945","87","87","7472.16","4.17","87","0.07","13.63","7","18.14","0.08","53.67","Watchlist"
"ab3e0c171fe84a7ba7de130f19cfb485","COLORADO","PR","-22.837653869064955","-51.9734220454062","7","6","863.42","3.57","7","0.29","20.71","2","4.93","0.33",NULL,"Insufficient Data"
"d180e07dc1e58c31c3f0cd599dc4d945","BELO HORIZONTE","MG","-19.98331916932687","-44.00137386328221","1","1","58.80","3.00","1","0.00","8.00","0",NULL,"0.00",NULL,"Insufficient Data"
"2e3be8a987a30d7544dbbda6861cc14e","BELO HORIZONTE","MG","-19.98331916932687","-44.00137386328221","18","14","4430.84","3.17","18","0.33","14.50","1","54.77","0.07",NULL,"Insufficient Data"
"34aefe746cd81b7f3b23253ea28bef39","CURITIBA","PR","-25.444532403869694","-49.329172989634834","1","0","8.00","1.00","1","1.00",NULL,"0",NULL,NULL,NULL,"Insufficient Data"
"8a2d12a90e92f012ce5226fc6592b653","CURITIBA","PR","-25.444532403869694","-49.329172989634834","18","18","1594.65","4.59","17","0.06","9.36","0",NULL,"0.00",NULL,"Insufficient Data"
"7ff588a03c2aeae4fbd23f9ae64b760d","GUARULHOS","SP","-23.440533988290785","-46.46281463364433","14","14","1182.20","4.64","14","0.00","4.79","0",NULL,"0.00",NULL,"Insufficient Data"
"e9779976487b77c6d4ac45f75ec7afe9","PRAIA GRANDE","SP","-24.0089231492089","-46.41912533835564","657","645","43162.95","4.22","653","0.09","9.86","47","10.88","0.07","63.19","Watchlist"
"3289d8c3eef4873f91ce0b1343c0dd58","PRAIA GRANDE","SP","-24.0089231492089","-46.41912533835564","1","1","199.99","5.00","1","0.00","13.83","0",NULL,"0.00",NULL,"Insufficient Data"
"8c351ed7c326c62123318f4f3246e906","PRAIA GRANDE","SP","-24.0089231492089","-46.41912533835564","2","2","114.90","5.00","2","0.00","10.11","0",NULL,"0.00",NULL,"Insufficient Data"
"c8b0e2b0a7095e5d8219575d5e7e1181","ITAQUAQUECETUBA","SP","-23.466988487507596","-46.32528745224139","84","84","12170.21","4.08","83","0.13","10.16","6","6.50","0.07","48.16","Toxic"
"a3dd39f583bc80bd8c5901c95878921e","SALVADOR","BA","-12.901987911198416","-38.40540238991363","34","34","4607.81","4.59","34","0.03","12.46","1","2.02","0.03","81.20","Excellent"
"67e43d802fde8cfd3f9580124f8167d1","GUARULHOS","SP","-23.459959958003186","-46.5524358538771","2","0","36.00","1.00","2","1.00",NULL,"0",NULL,NULL,NULL,"Insufficient Data"
"8fbd63429be6d3e5e6d1a709b6464802","SANTO ANDRE","SP","-23.68944462791478","-46.505010348764124","6","6","1061.40","4.83","6","0.00","8.41","0",NULL,"0.00",NULL,"Insufficient Data"
"56f413900b5166ab4d730e9ac0b12cb0","SOROCABA","SP","-23.4642047077766","-47.471456660102106","3","3","151.79","4.67","3","0.00","10.19","0",NULL,"0.00",NULL,"Insufficient Data"
"2c538755f1ca9540af144f266e70df6c","TEOFILO OTONI","MG","-17.85806530487875","-41.49527921433999","1","1","334.99","5.00","1","0.00","6.56","0",NULL,"0.00",NULL,"Insufficient Data"
"9b522ba7eae9e1d04082f267144583cc","SAO PAULO","SP","-23.74287739678983","-46.69441745015668","4","3","1507.60","4.25","4","0.00","40.17","1","80.58","0.33",NULL,"Insufficient Data"
"aafe36600ce604f205b86b5084d3d767","SAO JOSE","SC","-27.542879711388693","-48.6334261451738","129","129","9251.40","4.40","129","0.07","12.50","6","10.41","0.05","70.01","Good"
"6cd68b3ed6d59aaa9fece558ad360c0a","BELO HORIZONTE","MG","-19.86949505446246","-43.95094395435071","149","149","11188.57","4.46","149","0.01","10.53","3","6.87","0.02","86.43","Excellent"
"dd2bdf855a9172734fbc3744021ae9b9","BELO HORIZONTE","MG","-19.86949505446246","-43.95094395435071","108","105","10816.70","3.85","104","0.13","15.35","6","11.00","0.06","36.68","Toxic"
"880ce4951cf857ab1d9e0b75c1d856f4","BELO HORIZONTE","MG","-19.86949505446246","-43.95094395435071","1","1","178.90","5.00","1","0.00","15.05","0",NULL,"0.00",NULL,"Insufficient Data"
"85d9eb9ddc5d00ca9336a2219c97bb13","BELO HORIZONTE","MG","-19.86949505446246","-43.95094395435071","509","499","15415.24","4.18","506","0.08","14.64","18","5.36","0.04","61.75","Watchlist"
"6d2f2e3b539480db1e0842b3a4e32e6e","GUARULHOS","SP","-23.467922900231414","-46.55076312380964","3","3","305.96","3.67","3","0.33","6.26","0",NULL,"0.00",NULL,"Insufficient Data"
"582d4f8675b945722eda7c0cb61ba4c7","BERTIOGA","SP","-23.81839039682999","-46.080623703430746","59","59","4702.96","4.15","59","0.07","11.10","1","3.60","0.02","65.04","Watchlist"
"ad8ada0ffa993cb1197d102d9ab21a3e","ARAGUARI","MG","-18.642201383387075","-48.17801460034548","1","0","599.80","1.00","1","1.00",NULL,"0",NULL,NULL,NULL,"Insufficient Data"
"d297f1055de2956aedfd3b04113dce3e","NOVA ODESSA","SP","-22.800422818214695","-47.30746366559665","1","1","54.30","4.00","1","0.00","3.81","0",NULL,"0.00",NULL,"Insufficient Data"
"35b96509602ec4b7da831b5cd73ff2c2","SAO LEOPOLDO","RS","-29.76915678922908","-51.1302496283369","2","2","558.90","4.50","2","0.00","9.13","0",NULL,"0.00",NULL,"Insufficient Data"
"43402bdf22aa2310e8f99e2f94f78628","RIBEIRAO PIRES","SP","-23.660041518629356","-46.372941065863955","4","4","649.95","2.50","4","0.50","16.57","0",NULL,"0.00",NULL,"Insufficient Data"
"c6bda72e4dbf5c5866b13cb1810c6d03","SAO PAULO","SP","-23.53039561922024","-46.56597235661919","59","59","14059.38","4.40","59","0.07","10.21","2","22.86","0.03","78.36","Good"
"08ad4ac1388e4420ca531c3edfc46198","ITAPEVI","SP","-23.557647455396495","-46.93978258666854","6","6","221.62","2.83","6","0.33","6.37","0",NULL,"0.00",NULL,"Insufficient Data"
"4221a7df464f1fe2955934e30ff3a5a1","PAULO AFONSO","BA","-9.404467767344052","-38.22233749886183","5","5","849.50","4.80","5","0.00","16.57","0",NULL,"0.00",NULL,"Insufficient Data"
"83b08de96980757220871b31bf6cffca","RIO DE JANEIRO","RJ","-22.881888435047646","-43.46899760400733","5","5","1304.17","4.00","5","0.20","13.86","2","4.43","0.40",NULL,"Insufficient Data"
"0daf5180aa44356f60f8effa533b55a2","GOIANIA","GO","-16.675216754850805","-49.25984422993347","2","2","144.80","5.00","2","0.00","8.03","1","0.07","0.50",NULL,"Insufficient Data"
"dadc51ef321949ec9a3ab25cd902e23d","SAO PAULO","SP","-23.72576682594156","-46.68743068181806","1","0","85.00","1.00","1","1.00",NULL,"0",NULL,NULL,NULL,"Insufficient Data"
"2709af9587499e95e803a6498a5a56e9","SAO PAULO","SP","-23.488234128266235","-46.469989005432005","26","25","1279.56","3.84","25","0.20","11.05","3","7.43","0.12","19.06","Toxic"
"c8665a4dd081a2c436b1cd921079d0d9","PITANGUEIRAS","SP","-21.009874555429974","-48.21925564009413","1","1","79.39","5.00","1","0.00","4.24","0",NULL,"0.00",NULL,"Insufficient Data"
"33dd941c27854f7625b968cc6195a552","VILA VELHA","ES","-20.354058884014453","-40.301288870722175","5","5","6787.50","4.40","5","0.00","11.70","0",NULL,"0.00",NULL,"Insufficient Data"
"c113b8df1fc375bc3d73d29c1b1144d1","SAO PAULO","SP","-23.500142370129407","-46.43458554897362","3","3","333.00","4.33","3","0.00","6.75","0",NULL,"0.00",NULL,"Insufficient Data"
"8a130737016f838139d31878787a39c9","SAO PAULO","SP","-23.5611333137124","-46.57891781335759","56","56","4222.03","4.45","56","0.04","10.19","4","3.78","0.07","71.95","Good"
"8a8835a43bda99fd37310ad76c457510","SAO PAULO","SP","-23.624968420796606","-46.566194355285845","2","2","224.34","4.50","2","0.00","7.46","0",NULL,"0.00",NULL,"Insufficient Data"
"b19c48688808720822399ffa9f2dbe2f","SAO PAULO","SP","-23.71371321894911","-46.69924360772174","1","1","959.99","5.00","1","0.00","6.30","0",NULL,"0.00",NULL,"Insufficient Data"
"92992bec39dde5766f590d3b1f46d465","SAO PAULO","SP","-23.632467814268654","-46.64041103217349","1","0","109.00","1.00","1","1.00",NULL,"0",NULL,NULL,NULL,"Insufficient Data"
"cbd996ad3c1b7dc71fd0e5f5df9087e2","SAO JOSE DO RIO PRETO","SP","-20.844794690892602","-49.362630067187155","165","160","8411.04","4.15","161","0.10","12.85","14","14.17","0.09","47.91","Toxic"
"a369d693961cb93b61ca2cc518872a85","SAO JOSE DO RIO PRETO","SP","-20.844794690892602","-49.362630067187155","11","11","2597.00","3.91","11","0.18","11.03","0",NULL,"0.00",NULL,"Insufficient Data"
"c026ef0d72e9132d9fa112308090c8dc","RIO DE JANEIRO","RJ","-22.865673065092217","-43.28931782004315","1","1","520.00","4.00","1","0.00","11.18","0",NULL,"0.00",NULL,"Insufficient Data"
"1d1bbb8ac1581824986f582583fff01d","INDAIAL","SC","-26.894866389022212","-49.25085522134503","4","4","166.88","3.50","4","0.25","9.16","1","5.72","0.25",NULL,"Insufficient Data"
"515d781150feed28a6ac091bb0e3cb8c","CAMPO GRANDE","MS","-20.477707649463667","-54.649543160399986","6","6","1002.35","4.17","6","0.00","9.78","0",NULL,"0.00",NULL,"Insufficient Data"
"c731d18cea9bf687ffee82a241c25b11","CONCORDIA","SC","-27.21992557329001","-52.02327989668862","24","24","3662.00","4.22","23","0.17","7.91","0",NULL,"0.00","59.11","Watchlist"
"f214d28e8d8e3ef068748498ccc2f813","SAO PAULO","SP","-23.512459731266134","-46.50082148805862","54","52","2212.41","4.15","53","0.11","10.43","4","8.52","0.08","45.62","Toxic"
"891071be6ba827b591264c90c2ae8a63","SAO PAULO","SP","-23.512459731266134","-46.50082148805862","92","85","4177.28","3.77","92","0.21","13.71","15","8.56","0.18","12.60","Toxic"
"6624bc09786f0e41ae48dfc5eeb1a9e2","BELO HORIZONTE","MG","-19.992761502660358","-43.96636006388634","1","1","89.54","5.00","1","0.00","15.80","0",NULL,"0.00",NULL,"Insufficient Data"
"cf6f6bc4df3999b9c6440f124fb2f687","SAO PAULO","SP","-23.68602726400406","-46.76122292477735","1","0","3.50","5.00","1","0.00",NULL,"0",NULL,NULL,NULL,"Insufficient Data"
"cf1313c6e2c01c2f4b014f97db4bcd2b","RIO DE JANEIRO","RJ","-22.972595655601555","-43.187719456337234","5","5","315.70","5.00","5","0.00","8.24","1","0.04","0.20",NULL,"Insufficient Data"
"70c4eedec9cb4a85cda2f3f9673557b4","SAO PAULO","SP","-23.538660495662256","-46.63898204602016","2","1","479.80","5.00","1","0.00","7.00","0",NULL,"0.00",NULL,"Insufficient Data"
"9535a841eecebed61a9fb1ac1cbb5597","SAO PAULO","SP","-23.538660495662256","-46.63898204602016","2","2","784.90","3.00","2","0.50","9.50","0",NULL,"0.00",NULL,"Insufficient Data"
"a150c540f572d0fb53992264bc5c10b5","SOROCABA","SP","-23.50100871876348","-47.462025917264214","1","1","119.90","4.00","1","0.00","10.86","0",NULL,"0.00",NULL,"Insufficient Data"
"b6c6854d4d92a5f6f46be8869da3fa1a","SAO PAULO","SP","-23.544852949531748","-46.640410456031695","1","0","69.90","1.00","1","1.00",NULL,"0",NULL,NULL,NULL,"Insufficient Data"
"77714512e8d4dda9c234da8e3faf16e4","GUARULHOS","SP","-23.46029737967392","-46.56582663696089","4","4","243.40","4.25","4","0.00","12.18","0",NULL,"0.00",NULL,"Insufficient Data"
"698624c6632eeba1774924dbea24c700","SAO PAULO","SP","-23.572898532495433","-46.65924739236763","1","1","19.90","5.00","1","0.00","6.97","0",NULL,"0.00",NULL,"Insufficient Data"
"160e4f13fd3a64b1b86807be88b5ffb0","COLOMBO","PR","-25.376300774349726","-49.182382289020936","4","4","886.00","4.25","4","0.00","14.30","0",NULL,"0.00",NULL,"Insufficient Data"
"b44dbfbf62e52125f3c15d230569ea91","SAO PAULO","SP","-23.625770009445606","-46.59703636643912","4","4","609.37","4.75","4","0.00","5.00","0",NULL,"0.00",NULL,"Insufficient Data"
"d85efbc8eff2b7adf524e2820569adc8","SAO PAULO","SP","-23.440855455436182","-46.783986265332814","1","1","55.00","5.00","1","0.00","2.95","0",NULL,"0.00",NULL,"Insufficient Data"
"c8025364abeecb115431bf95c11a747f","PORTO ALEGRE","RS","-30.043567869555396","-51.195071083947504","2","2","928.00","4.50","2","0.00","7.97","1","0.90","0.50",NULL,"Insufficient Data"
"586a871d4f1221763fddb6ceefdeb95e","PORTO ALEGRE","RS","-30.043567869555396","-51.195071083947504","1","1","198.00","1.00","1","1.00","68.62","1","22.59","1.00",NULL,"Insufficient Data"
"d7f1cfc638473be93baedbfd02208016","BELFORD ROXO","RJ","-22.74889076354041","-43.40218859295183","1","1","30.00","5.00","1","0.00","12.68","0",NULL,"0.00",NULL,"Insufficient Data"
"97e995629983723d11830a829bc2b246","LORENA","SP","-22.731494876815486","-45.10876763793231","5","5","499.50","4.80","5","0.00","17.01","0",NULL,"0.00",NULL,"Insufficient Data"
"dd9661d3cda1e6feb237f0c4d8b26f2e","CAMPOS NOVOS","SC","-27.39905523530044","-51.225564957350336","1","1","174.00","5.00","1","0.00","18.20","0",NULL,"0.00",NULL,"Insufficient Data"
"8bb48dc19fccaa8613b6229bf7f452a2","ASSIS","SP","-22.67568027378032","-50.4375555298538","82","82","4190.72","4.41","82","0.06","11.48","2","3.90","0.02","75.75","Good"
"b3e2faf2c1004d674f16a3aa3197f0e1","RIBEIRAO PRETO","SP","-21.177891257048426","-47.74337493709183","3","3","61.47","5.00","3","0.00","6.79","0",NULL,"0.00",NULL,"Insufficient Data"
"fb89df7f89fd1b8f03fa2acca1ba7364","FOZ DO IGUACU","PR","-25.555693074886484","-54.563631110157715","22","22","2220.00","3.86","22","0.09","16.15","2","7.93","0.09","32.84","Toxic"
"979e9f8b5b39dd243a2550c8b05aecf0","SAO PAULO","SP","-23.625475455621874","-46.61200044104113","3","3","525.00","5.00","3","0.00","9.34","0",NULL,"0.00",NULL,"Insufficient Data"
"ea8482cd71df3c1969d7b9473ff13abc","SAO PAULO","SP","-23.625475455621874","-46.61200044104113","1146","1132","37177.52","4.00","1140","0.11","13.32","118","7.36","0.10","41.73","Toxic"
"b494891378bd8f4560abe576c52deacd","SAO PAULO","SP","-23.625475455621874","-46.61200044104113","20","19","2958.90","4.65","20","0.05","5.48","1","0.53","0.05","79.52","Excellent"
"b5bb2b985208834bd5bd86c7a402bbad","VENANCIO AIRES","RS","-29.61111067145765","-52.19331355503107","2","2","621.06","5.00","2","0.00","11.34","0",NULL,"0.00",NULL,"Insufficient Data"
"b01c2b7b8599b325103ebcddc67413e1","VENANCIO AIRES","RS","-29.61111067145765","-52.19331355503107","4","4","169.45","4.75","4","0.00","8.46","0",NULL,"0.00",NULL,"Insufficient Data"
"1f7fd2a6fcd5a6fa5d8a4dabc72aaae0","VENANCIO AIRES","RS","-29.61111067145765","-52.19331355503107","3","3","531.80","5.00","3","0.00","7.11","0",NULL,"0.00",NULL,"Insufficient Data"
"b9ca8e8baa5d4aa038394a700f63e69f","SAO PAULO","SP","-23.541734532716237","-46.61466029431693","14","14","1289.77","4.21","14","0.07","9.67","1","7.65","0.07",NULL,"Insufficient Data"
"6aa3928696eab49a19a466e665a649fd","NOVA IGUACU","RJ","-22.74926103464564","-43.457434797409576","18","18","2075.00","4.61","18","0.00","8.93","1","1.79","0.06",NULL,"Insufficient Data"
"cd6efc47efaabf134f8bdb654e10b4f1","RIO DE JANEIRO","RJ","-22.906374170614942","-43.566410061329776","31","31","4158.55","4.48","31","0.03","8.59","3","4.47","0.10","70.69","Good"
"b90e891671cffd9557f33a97dc523645","SAO JOSE DOS PINHAIS","PR","-25.542326473535166","-49.18219514723538","34","34","4449.00","4.32","34","0.06","7.64","0",NULL,"0.00","79.54","Excellent"
"dc120d932ddf9d4dfb6fd68beefda622","SAO JOSE DOS PINHAIS","PR","-25.542326473535166","-49.18219514723538","1","1","130.00","1.00","1","1.00","14.64","0",NULL,"0.00",NULL,"Insufficient Data"
"a5cba26a62b8b4d0145b68b841e62e7f","CAMPO MOURAO","PR","-24.034078488679658","-52.37564132582677","54","53","14737.84","4.52","54","0.04","13.18","1","12.76","0.02","83.80","Excellent"
"6338ea67c41078a46ad99cc009654956","FARROUPILHA","RS","-29.405237131199158","-51.325789182588636","37","37","2286.09","4.60","35","0.06","13.19","0",NULL,"0.00","78.23","Good"
"5b33b527da3c5b969cc99dc435cad09a","PARANAVAI","PR","-23.078837903414588","-52.4647318679761","16","16","1872.79","4.13","16","0.13","12.71","1","13.40","0.06",NULL,"Insufficient Data"
"9e25199f6ef7e7c347120ff175652c3b","TAUBATE","SP","-23.01200874342929","-45.585652014090726","1","1","12.50","4.00","1","0.00","8.20","0",NULL,"0.00",NULL,"Insufficient Data"
"809413606dbfe5deefd2db646693ef67","SAO PAULO","SP","-23.622332972865337","-46.681448461259386","3","3","196.68","4.33","3","0.00","7.58","0",NULL,"0.00",NULL,"Insufficient Data"
"6e85dc5ecd97a61094b89b046a509d8e","MARAPOAMA","SP","-21.256794218570786","-49.1302214871592","1","0","169.90","1.00","1","1.00",NULL,"0",NULL,NULL,NULL,"Insufficient Data"
"8759e7aedd644f487315e5860962f162","SANTO ANDRE","SP","-23.630386001373815","-46.50749026337426","3","3","627.00","3.67","3","0.33","32.80","1","40.88","0.33",NULL,"Insufficient Data"
"5b85809efd0d0e4dea1a9544e1280ed9","PRESIDENTE PRUDENTE","SP","-22.113507353635857","-51.38645500353057","12","12","1804.60","4.25","12","0.00","7.96","0",NULL,"0.00",NULL,"Insufficient Data"
"fe1b067411b8c5066e962aa146ccee03","PRESIDENTE PRUDENTE","SP","-22.113507353635857","-51.38645500353057","8","8","847.78","4.63","8","0.00","8.79","0",NULL,"0.00",NULL,"Insufficient Data"
"c52c644cc0dc85121207a27013efc6af","TIRADENTES","MG","-21.109807916044407","-44.17477905963709","1","1","397.80","5.00","1","0.00","7.15","0",NULL,"0.00",NULL,"Insufficient Data"
"8f78f0903005064036736c7173a5c2ed","TIRADENTES","MG","-21.109807916044407","-44.17477905963709","13","13","2113.70","3.77","13","0.23","17.42","1","0.62","0.08",NULL,"Insufficient Data"
"48e5ee06fb2dc74df1c711a9b6dfac2a","OLIVEIRA","MG","-20.698563939792177","-44.82676038665832","1","1","57.00","5.00","1","0.00","11.24","0",NULL,"0.00",NULL,"Insufficient Data"
"2a61c271b1ac763450d846849783e922","SANTO ANDRE","SP","-23.68635904462997","-46.51707802760376","18","18","1516.76","4.06","18","0.11","19.24","4","9.89","0.22",NULL,"Insufficient Data"
"3771c85bac139d2344864ede5d9341e3","SOROCABA","SP","-23.459173046685187","-47.40454580051049","26","26","1433.30","3.85","26","0.12","13.26","4","2.01","0.15","21.90","Toxic"
"bbf9ad41dca6603e614efcdad7aab8c4","FORTALEZA","CE","-3.7174904631035073","-38.599284757573805","14","14","7846.00","4.50","14","0.07","13.93","0",NULL,"0.00",NULL,"Insufficient Data"
"c3fe93ba3085f92855c97e57f38c8c05","CURITIBA","PR","-25.468293006199442","-49.24281926237236","7","6","245.00","5.00","7","0.00","13.22","0",NULL,"0.00",NULL,"Insufficient Data"
"166e8f1381e09651983c38b1f6f91c11","IMBITUBA","SC","-28.23188261767477","-48.679331953881636","2","2","78.80","5.00","2","0.00","14.73","0",NULL,"0.00",NULL,"Insufficient Data"
"b55638ad525e906c698fa2ce742c1742","IMBITUBA","SC","-28.23188261767477","-48.679331953881636","11","11","1094.80","4.18","11","0.00","23.43","2","6.87","0.18",NULL,"Insufficient Data"
"761681a821d8275bc79f552116d06869","TUPA","SP","-21.928465491539185","-50.52568357112497","3","3","354.92","5.00","3","0.00","8.16","0",NULL,"0.00",NULL,"Insufficient Data"
"ae8bfdbf1c2a2a2dee92d799db0a31c6","TOLEDO","PR","-24.728207522483693","-53.73992779190092","8","8","339.92","4.13","8","0.00","8.88","0",NULL,"0.00",NULL,"Insufficient Data"
"be7a093e5b4d147b36b72bb1f9e415e5","TOLEDO","PR","-24.728207522483693","-53.73992779190092","1","1","60.90","5.00","1","0.00","5.33","0",NULL,"0.00",NULL,"Insufficient Data"
"a3a38f4affed601eb87a97788c949667","JOINVILLE","SC","-26.287306620648224","-48.85180158925038","254","251","26533.32","4.39","251","0.06","12.55","12","14.84","0.05","74.05","Good"
"57a834594e1e9e9219603bfec184eadc","SANTA ROSA","RS","-28.05790281340329","-54.392630311173974","1","1","139.00","5.00","1","0.00","6.11","0",NULL,"0.00",NULL,"Insufficient Data"
"44717f64ec2a457979cf83c429077666","SANTA ROSA","RS","-28.05790281340329","-54.392630311173974","2","2","107.00","5.00","2","0.00","5.81","0",NULL,"0.00",NULL,"Insufficient Data"
"720e6cf846ea7572cbb66b743fb91e6c","MOGI DAS CRUZES","SP","-23.53978485023306","-46.19090421090356","1","1","54.00","5.00","1","0.00","16.15","0",NULL,"0.00",NULL,"Insufficient Data"
"528bcf6680c36dddf07620bd35b33a6f","SAO PAULO","SP","-23.55347000551166","-46.58779032038252","2","2","969.98","4.50","2","0.00","21.28","1","4.00","0.50",NULL,"Insufficient Data"
"cfe94489ddd337d1e29e12f2a7205d10","SAO PAULO","SP","-23.55347000551166","-46.58779032038252","20","20","2376.00","4.30","20","0.05","6.92","2","2.90","0.10","61.49","Watchlist"
"fc908879b9ca1bd65419e54e50432d38","SAO PAULO","SP","-23.60219596125753","-46.68634748624158","4","4","119.20","5.00","4","0.00","8.68","0",NULL,"0.00",NULL,"Insufficient Data"
"1967a9e2ad6f51802b093147d861df58","SAO PAULO","SP","-23.540695255566053","-46.641582935722816","2","0","380.00","1.00","2","1.00",NULL,"0",NULL,NULL,NULL,"Insufficient Data"
"5c6d4016c2a288f074fa0848a2b653d2","SAO PAULO","SP","-23.540695255566053","-46.641582935722816","32","31","3159.00","4.06","32","0.09","10.63","3","4.57","0.10","43.75","Toxic"
"ff82e8873fba613f2261a9acc896fd84","ITABIRA","MG","-19.630798716958854","-43.2222536801082","4","4","124.60","3.50","4","0.00","9.54","0",NULL,"0.00",NULL,"Insufficient Data"
"fe19dce63ae80346207c6c55713d1023","UBERABA","MG","-19.748433127247832","-47.936244510811285","1","1","49.90","5.00","1","0.00","7.00","0",NULL,"0.00",NULL,"Insufficient Data"
"7dea6f73af847b42cc3985bd620f994d","CASCAVEL","PR","-24.93683432443724","-53.451615089068994","2","2","324.00","4.00","2","0.00","5.60","0",NULL,"0.00",NULL,"Insufficient Data"
"4a82c4af97ffc0fb2dc26bfdc03b1842","LAGOA DA PRATA","MG","-20.024064772425362","-45.53718981360238","3","3","143.70","5.00","3","0.00","12.74","0",NULL,"0.00",NULL,"Insufficient Data"
"afe0067131b73e40875c9b6c10bd2e21","LAGOA DA PRATA","MG","-20.024064772425362","-45.53718981360238","46","45","5130.40","4.20","45","0.09","15.47","2","5.67","0.04","56.73","Watchlist"
"05feb94f19d094d4b0f9281f0b1d4c99","MOGI DAS CRUZES","SP","-23.543394600163566","-46.262085681846166","6","6","9353.00","4.50","6","0.00","15.37","0",NULL,"0.00",NULL,"Insufficient Data"
"2c9e548be18521d1c43cde1c582c6de8","MOGI DAS CRUZES","SP","-23.543394600163566","-46.262085681846166","126","124","6109.44","4.11","124","0.12","13.68","20","16.18","0.16","33.09","Toxic"
"1c742ac33582852aaf3bcfbf5893abcf","BELO HORIZONTE","MG","-20.000856897018224","-44.02890660317559","1","1","97.90","5.00","1","0.00","6.02","0",NULL,"0.00",NULL,"Insufficient Data"
"4e17c65a516f69d023a2ae78b84f28d6","SUZANO","SP","-23.54053902903791","-46.31794954369797","61","61","7639.26","4.23","61","0.11","13.33","4","8.80","0.07","51.68","Toxic"
"caa9bc43a9fe8cf9c564ddd8a03cc4a6","JACAREI","SP","-23.303916909849306","-45.96265248801373","13","13","803.87","4.67","12","0.00","9.55","1","0.64","0.08",NULL,"Insufficient Data"
"8648b1e89e9b349e32d3741b30ec737e","JACAREI","SP","-23.303916909849306","-45.96265248801373","95","93","7442.55","4.09","95","0.15","9.05","10","6.25","0.11","38.72","Toxic"
"9596c870880d900012f2e8e6e30d06d7","VARGINHA","MG","-21.58952086628982","-45.44863686202702","22","21","8606.25","4.14","22","0.09","13.83","1","9.02","0.05","55.04","Watchlist"
"06e5eefc71ec47ae763c5c6f8db7064f","PORTO ALEGRE","RS","-30.015528344866166","-51.16270825237463","92","90","22188.56","3.92","90","0.11","10.93","2","0.66","0.02","56.20","Watchlist"
"039b29ff3b3473435d0cd59040575de9","RIBEIRAO PIRES","SP","-23.680644946961863","-46.34951520939184","9","9","114.90","4.44","9","0.00","9.11","0",NULL,"0.00",NULL,"Insufficient Data"
"734def04b237117a09321dd6d8f3f2a2","ARARAS","SP","-22.33625019177183","-47.38116671311143","2","2","1252.43","5.00","2","0.00","2.29","0",NULL,"0.00",NULL,"Insufficient Data"
"fa40cc5b934574b62717c68f3d678b6d","SAO PAULO","SP","-23.472814658449078","-46.600729145013894","307","304","16055.87","4.47","305","0.05","11.31","19","12.06","0.06","76.22","Good"
"0692610d8abe24f287e9fae90ea0bbee","SAO PAULO","SP","-23.472814658449078","-46.600729145013894","4","4","173.99","4.00","4","0.00","6.60","1","2.69","0.25",NULL,"Insufficient Data"
"2f4b0d3b9634b647d4edee577d7ebb7e","SAO PAULO","SP","-23.472814658449078","-46.600729145013894","10","10","337.90","4.90","10","0.00","6.15","0",NULL,"0.00",NULL,"Insufficient Data"
"0a82f5fb06a4fe4ac2cf7cb412ec71b8","SAO PAULO","SP","-23.597017937639023","-46.74276541469741","2","2","462.00","5.00","2","0.00","5.28","0",NULL,"0.00",NULL,"Insufficient Data"
"615005a3ef192c00c6f0e977cee3d2bc","ITU","SP","-23.275224884481887","-47.27700912423855","10","10","286.50","3.80","10","0.30","13.93","2","3.20","0.20",NULL,"Insufficient Data"
"e595809a6c31ec4314fd06ef198c244d","NAVEGANTES","SC","-26.890665854149667","-48.65532838709394","1","1","39.00","5.00","1","0.00","15.85","0",NULL,"0.00",NULL,"Insufficient Data"
"8ae520247981aa06bc94abddf5f46d34","NAVEGANTES","SC","-26.890665854149667","-48.65532838709394","65","65","16320.99","4.45","65","0.06","10.98","1","0.86","0.02","82.48","Excellent"
"7c5b05cbdb5542049f38d90d7815b97d","SAO PAULO","SP","-23.413045473409838","-46.72367775577435","22","21","1038.96","4.36","22","0.14","7.55","1","7.75","0.05","57.12","Watchlist"
"282c7480173bb9c01dd41cc739fec010","SAO PAULO","SP","-23.663024455640826","-46.71088404654184","5","5","4274.20","4.00","4","0.25","14.41","1","5.73","0.20",NULL,"Insufficient Data"
"b0b346d3a89f5eb4c2968af3f083cd43","CAMPINAS","SP","-22.888413155714876","-46.98442198157683","11","9","614.00","3.27","11","0.36","23.35","4","20.29","0.44",NULL,"Insufficient Data"
"3b18f9856c6eb2413eafedb58e9eecd9","SANTO ANDRE","SP","-23.64014377633707","-46.516159475210195","1","1","315.00","5.00","1","0.00","9.18","0",NULL,"0.00",NULL,"Insufficient Data"
"28d162ab86bb49d719c32f0ee6186eaa","RIBEIRAO PRETO","SP","-21.134122864665887","-47.745779042280645","1","1","109.99","4.00","1","0.00","16.39","0",NULL,"0.00",NULL,"Insufficient Data"
"01fd077212124329bac32490e8ef80d9","RIBEIRAO PRETO","SP","-21.134122864665887","-47.745779042280645","31","31","1208.00","4.16","31","0.10","8.15","1","9.94","0.03","59.43","Watchlist"
"b335c59ab742f751a85db9c411a86739","ARAGUARI","MG","-18.645099494741665","-48.20499335469829","33","30","2873.34","3.85","33","0.09","16.15","1","8.40","0.03","44.25","Toxic"
"8e6cc767478edae941d9bd9eb778d77a","ARAGUARI","MG","-18.645099494741665","-48.20499335469829","106","100","6830.58","3.93","104","0.13","16.62","8","9.41","0.08","33.49","Toxic"
"3cfa1358a6caa965278721344c8d76f2","SAO BERNARDO DO CAMPO","SP","-23.792495614905764","-46.540337602102205","5","5","3140.28","4.80","5","0.00","6.30","0",NULL,"0.00",NULL,"Insufficient Data"
"768a86e36ad6aae3d03ee3c6433d61df","SAO PAULO","SP","-23.568439156874526","-46.63455549164137","17","17","587.46","4.65","17","0.00","5.08","3","5.03","0.18",NULL,"Insufficient Data"
"2a7c6c0b0d5efde2bf75ec1e1cec2d41","MARINGA","PR","-23.428319760676168","-51.95833421266876","3","3","147.60","3.33","3","0.33","10.61","0",NULL,"0.00",NULL,"Insufficient Data"
"9140ef75cc8211c4035935e80e567204","MARINGA","PR","-23.428319760676168","-51.95833421266876","1","1","49.90","5.00","1","0.00","12.18","0",NULL,"0.00",NULL,"Insufficient Data"
"3361277dc30b7cccdb0c286b24219756","MARINGA","PR","-23.428319760676168","-51.95833421266876","29","29","3905.05","4.34","29","0.07","13.25","2","3.58","0.07","59.81","Watchlist"
"014d9a685fd57276679edd00e07089e5","MARINGA","PR","-23.428319760676168","-51.95833421266876","11","11","729.88","3.73","11","0.18","9.15","0",NULL,"0.00",NULL,"Insufficient Data"
"1b61fb1f0f2185d89e9a126c498e9cc7","MARINGA","PR","-23.428319760676168","-51.95833421266876","1","1","49.70","5.00","1","0.00","11.36","0",NULL,"0.00",NULL,"Insufficient Data"
"165fc07beebdcb6190fba8a06db2a449","MARINGA","PR","-23.428319760676168","-51.95833421266876","50","50","17481.40","3.80","50","0.18","12.98","6","6.01","0.12","24.90","Toxic"
"d6ab728cf30867cf3f1a2e216ae2f9b7","SAO PAULO","SP","-23.563384434881435","-46.58303458980716","12","12","2002.00","4.42","12","0.08","10.84","0",NULL,"0.00",NULL,"Insufficient Data"
"dbec9a0a7efeff029d4d9dce7dc4cc95","BELO HORIZONTE","MG","-19.870855445819217","-43.91255799664469","3","3","1170.00","4.00","3","0.00","11.93","0",NULL,"0.00",NULL,"Insufficient Data"
"9de4643a8dbde634fe55621059d92273","JOINVILLE","SC","-26.249547532553304","-48.80822564526952","72","72","17560.34","4.53","72","0.04","14.64","3","8.39","0.04","79.23","Excellent"
"e6ffc9ac6a7adc9d16a1cfc2286dd546","SAO PAULO","SP","-23.48657414689991","-46.668359968689195","1","0","34.99","1.00","1","1.00",NULL,"0",NULL,NULL,NULL,"Insufficient Data"
"6d7f8d9d594e28796b6b3205b00f459c","CURITIBA","PR","-25.43598802600232","-49.24269232635185","3","3","417.90","3.67","3","0.33","15.29","0",NULL,"0.00",NULL,"Insufficient Data"
"7238f877570096ae403c51898fa64566","SANTANA DE PARNAIBA","SP","-23.491332131125453","-46.963781254503026","3","3","1200.00","5.00","3","0.00","8.92","0",NULL,"0.00",NULL,"Insufficient Data"
"a4b6b9b992b46e9ef863637af96e04bc","FLORIANOPOLIS","SC","-27.59221371184724","-48.59546881743505","7","6","7147.00","3.29","7","0.29","18.31","1","4.45","0.17",NULL,"Insufficient Data"
"65b081a070633e057c462abdd6fb9dd8","MORRINHOS","GO","-17.733896355961832","-49.11590889021752","19","19","1885.09","4.32","19","0.05","12.04","0",NULL,"0.00",NULL,"Insufficient Data"
"557f22c76691849db52d2abccf0015d0","MORRINHOS","GO","-17.733896355961832","-49.11590889021752","13","12","865.86","3.08","12","0.17","14.51","0",NULL,"0.00",NULL,"Insufficient Data"
"6bd503a8230299c9316fb0f726933927","MORRINHOS","GO","-17.733896355961832","-49.11590889021752","4","4","324.29","4.75","4","0.00","9.82","1","1.86","0.25",NULL,"Insufficient Data"
"efcd8d2104f1a05d028af7bad20d974b","ARACATUBA","SP","-21.211705991894554","-50.40363945155295","47","46","2424.78","4.17","47","0.09","10.14","1","6.60","0.02","62.14","Watchlist"
"2d8cfba3fcd3170555941605edaa196a","OSASCO","SP","-23.54353287060003","-46.78492157358007","1","1","45.00","5.00","1","0.00","4.95","0",NULL,"0.00",NULL,"Insufficient Data"
"13d058e4eeac2ce8217660b2f8a05812","OSASCO","SP","-23.54353287060003","-46.78492157358007","23","22","3829.77","4.22","23","0.09","11.40","3","6.89","0.14","45.38","Toxic"
"139157dd4daa45c25b0807ffff348363","SAO PAULO","SP","-23.5333089610381","-46.569758408425685","1","1","29.90","4.00","1","0.00","1.21","0",NULL,"0.00",NULL,"Insufficient Data"
"eb9cd5b35d95206585e2185318cb5c61","SAO PAULO","SP","-23.5333089610381","-46.569758408425685","2","2","550.00","3.00","2","0.50","16.27","1","0.72","0.50",NULL,"Insufficient Data"
"17908cf9b444ee34047cadd5c0f4a516","ANAPOLIS","GO","-16.35853298950075","-48.96652103159388","11","11","1993.99","4.55","11","0.00","18.88","1","26.87","0.09",NULL,"Insufficient Data"
"6b536a23086fba0d58c08d68814397f6","NITEROI","RJ","-22.949230362397245","-43.02805520804325","19","18","2068.80","3.95","19","0.21","12.09","1","21.70","0.06",NULL,"Insufficient Data"
"07017df32dc5f2f1d2801e579548d620","JOAO PESSOA","PB","-7.114710808753136","-34.85561616256579","8","8","946.49","4.00","8","0.13","10.08","0",NULL,"0.00",NULL,"Insufficient Data"
"ef728fa1f17436c91ed1ccd03dcf9631","JAU","SP","-22.294360298173427","-48.55852368838733","3","3","128.70","4.33","3","0.00","4.79","0",NULL,"0.00",NULL,"Insufficient Data"
"b8630e1121437d41cb08e3c749c2c2e2","DUQUE DE CAXIAS","RJ","-22.780162791974313","-43.30430364671711","12","12","6988.00","4.33","12","0.17","11.14","2","1.20","0.17",NULL,"Insufficient Data"
"f1fdf2d13186575751aa25876536d85c","SAO PAULO","SP","-23.530646598944333","-46.73645255291075","1","1","26.30","5.00","1","0.00","6.14","0",NULL,"0.00",NULL,"Insufficient Data"
"5f57db27027655e6c6a391601daa0258","VIANA","ES","-20.37029647362096","-40.41644854158101","1","1","98.00","5.00","1","0.00","14.37","0",NULL,"0.00",NULL,"Insufficient Data"
"bba3293d6f5d5af2f415e004e8b93ae3","SAO PAULO","SP","-23.63602732330383","-46.71300250099038","17","17","11702.10","4.29","17","0.12","12.07","1","9.64","0.06",NULL,"Insufficient Data"
"6e386f64c84e482f0b9abf960797ee1b","SAO PAULO","SP","-23.5711528559151","-46.62043601303771","30","29","12938.30","4.61","28","0.04","10.48","3","4.73","0.10","74.02","Good"
"b8555308bfdb4ca1ed54325a58da9a97","SAO BERNARDO DO CAMPO","SP","-23.6913846262179","-46.54373229668176","26","26","3047.20","4.00","26","0.08","10.22","2","5.10","0.08","46.70","Toxic"
"7c4402417d51474d4d0cda9557340e40","SAO CAETANO DO SUL","SP","-23.621542891813707","-46.57510268453868","1","1","119.90","5.00","1","0.00","7.12","0",NULL,"0.00",NULL,"Insufficient Data"
"8a32e327fe2c1b3511609d81aaf9f042","SAO PAULO","SP","-23.472994531200307","-46.64742941190345","132","126","6429.01","3.83","131","0.15","8.87","4","1.67","0.03","44.95","Toxic"
"c54679b132454625907c773d273d4126","GUARUJA","SP","-23.979090612559915","-46.20543840219501","7","7","1032.00","4.86","7","0.00","6.16","0",NULL,"0.00",NULL,"Insufficient Data"
"a70e9066dbfd10b6b97a3f54a1356762","MANDAGUARI","PR","-23.522116589381856","-51.6776633579356","2","2","1716.00","5.00","2","0.00","18.29","0",NULL,"0.00",NULL,"Insufficient Data"
"5b07547f10dd980738a1a27f685af669","GUARULHOS","SP","-23.471988393375845","-46.52530159347152","13","13","1134.60","4.46","13","0.08","6.26","2","2.77","0.15",NULL,"Insufficient Data"
"f41ce2e25237f9092cd8e6e7516c7a2f","GUARULHOS","SP","-23.471988393375845","-46.52530159347152","27","26","2030.90","4.30","27","0.04","8.77","0",NULL,"0.00","78.17","Good"
"2aa3443d7bf9d9bb11133f420d75e083","RIO DE JANEIRO","RJ","-22.930174584016683","-43.39608391214565","10","10","647.00","3.00","10","0.40","10.57","2","1.82","0.20",NULL,"Insufficient Data"
"e5e33c0d8e7e002f398f5dc4cbbb338f","BAURU","SP","-22.32247412421866","-49.029340872445786","28","26","6698.70","4.32","28","0.11","12.07","3","10.11","0.12","48.58","Toxic"
"404e1ba01358af4cd63f679b2c4d1fa1","JUIZ DE FORA","MG","-21.79966268117173","-43.357711154579576","8","8","373.90","5.00","8","0.00","8.21","0",NULL,"0.00",NULL,"Insufficient Data"
"671585f5a2af58b6e276bc01003c0d2b","CURITIBA","PR","-25.421977539487493","-49.278712188677964","27","27","1244.00","4.70","27","0.00","5.59","0",NULL,"0.00","89.94","Excellent"
"a2b911e9ad40dc7d61c142a4683e2d85","BARRA MANSA","RJ","-22.54554988186208","-44.232612920628135","1","1","85.90","5.00","1","0.00","12.78","0",NULL,"0.00",NULL,"Insufficient Data"
"78744a20ee2f80ba64f6804c25def2b8","RECIFE","PE","-8.065025564806097","-34.917935588241974","6","6","2715.00","4.17","6","0.17","18.96","1","14.92","0.17",NULL,"Insufficient Data"
"57d2ba47f7a3209aa347532ae75c1165","SAO BENTO DO SUL","SC","-26.239824551251576","-49.39522935323786","2","2","318.00","4.00","2","0.00","15.69","0",NULL,"0.00",NULL,"Insufficient Data"
"6a3139c7bf09ece22a4713d956acbe5e","SAO SEBASTIAO DA GRAMA","SP","-21.710870954893338","-46.820835366574855","1","1","61.90","5.00","1","0.00","3.87","0",NULL,"0.00",NULL,"Insufficient Data"
"20a8b0dc55da94fe74d112082427c84f","ITU","SP","-23.25897417592523","-47.34420030660241","7","7","407.40","4.29","7","0.14","8.23","1","3.77","0.14",NULL,"Insufficient Data"
"a3fa18b3f688ec0fca3eb8bfcbd2d5b3","SAO PAULO","SP","-23.60298171671886","-46.683338148844896","1","1","47.80","5.00","1","0.00","14.27","0",NULL,"0.00",NULL,"Insufficient Data"
"5bc55dbe2f12b6af6d83ed46023e0dc8","CORONEL FABRICIANO","MG","-19.506713154390678","-42.6286140396501","17","17","2992.10","2.41","17","0.47","13.93","4","11.80","0.24",NULL,"Insufficient Data"
"4305fe92735c8a43d154ff6dd2b8d927","CORONEL FABRICIANO","MG","-19.506713154390678","-42.6286140396501","19","17","2885.90","3.95","19","0.05","11.48","0",NULL,"0.00",NULL,"Insufficient Data"
"7354220fb240bde543b3c40c060d41e7","BRASILIA","DF","-15.813933452398985","-47.947024928343275","7","7","672.00","4.57","7","0.00","11.10","0",NULL,"0.00",NULL,"Insufficient Data"
"f61c63d13f7cd800549d5acdd390ae72","PILAR DO SUL","SP","-23.81197455444591","-47.72290759681854","26","26","3072.30","4.00","26","0.12","11.75","2","5.64","0.08","38.12","Toxic"
"2a1348e9addc1af5aaa619b1a3679d6b","BELO HORIZONTE","MG","-19.960059611364848","-43.961648486334184","52","48","2843.00","3.12","51","0.35","27.31","13","45.49","0.27","2.88","Toxic"
"8c9348f33ae3dada25c99c99ade2af78","CARAPICUIBA","SP","-23.567386494897935","-46.8242502911643","2","2","312.99","5.00","2","0.00","10.17","0",NULL,"0.00",NULL,"Insufficient Data"
"0af977692321d895349eded183341d28","SANTOS","SP","-23.956747673686262","-46.345271969117505","2","2","257.75","4.50","2","0.00","2.54","0",NULL,"0.00",NULL,"Insufficient Data"
"a7dc4098e4da6e41b426269d12ae7e91","SAO PAULO","SP","-23.663567055703332","-46.655173730691466","2","2","518.00","3.00","2","0.50","6.35","0",NULL,"0.00",NULL,"Insufficient Data"
"26af45f5dfd967225a832838aa4e24a3","CURITIBA","PR","-25.489339408850586","-49.303836794009285","10","10","573.10","4.10","10","0.20","9.77","0",NULL,"0.00",NULL,"Insufficient Data"
"934ed5cd1b9c1c7382d0a94a94b9e639","CURITIBA","PR","-25.489339408850586","-49.303836794009285","1","1","125.85","5.00","1","0.00","13.13","0",NULL,"0.00",NULL,"Insufficient Data"
"ce69a8021d18961dd2a40269b7c2c293","CURITIBA","PR","-25.489339408850586","-49.303836794009285","19","19","4818.00","4.47","19","0.11","10.20","2","6.21","0.11",NULL,"Insufficient Data"
"2cb4700db635baa1c0d4f90ed27b6669","CURITIBA","PR","-25.489339408850586","-49.303836794009285","2","2","199.80","2.00","2","0.50","16.48","0",NULL,"0.00",NULL,"Insufficient Data"
"883dd81e82754ac2c65e9790a7db8c9a","CURITIBA","PR","-25.489339408850586","-49.303836794009285","5","5","319.50","4.40","5","0.00","7.17","0",NULL,"0.00",NULL,"Insufficient Data"
"6dd7dce75cd55c1ce255dc38d9f0cd46","PALHOCA","SC","-27.65642094937441","-48.66583973921815","1","1","75.00","4.00","1","0.00","12.23","0",NULL,"0.00",NULL,"Insufficient Data"
"f8201cab383e484733266d1906e2fdfa","PALHOCA","SC","-27.65642094937441","-48.66583973921815","10","10","889.00","4.10","10","0.10","13.04","2","2.20","0.20",NULL,"Insufficient Data"
"6b3bd31ad8fcda4b2635ec9f3ff2ecdf","RIO DE JANEIRO","RJ","-22.969148201152652","-43.38306523796817","36","35","4198.90","4.00","36","0.19","13.21","3","15.90","0.09","28.81","Toxic"
"d05ae8f7a5bd1d2a690a44cd079e4e27","RIO DE JANEIRO","RJ","-22.969148201152652","-43.38306523796817","78","77","13436.00","3.86","77","0.17","11.33","7","9.87","0.09","33.03","Toxic"
"bfd938b22bc99bce1ae60dc602889f52","RIO DE JANEIRO","RJ","-22.969148201152652","-43.38306523796817","6","4","922.80","3.83","6","0.17","11.56","0",NULL,"0.00",NULL,"Insufficient Data"
"1a932caad4f9d804097d7f8e615baed1","SAO PAULO","SP","-23.47614214729309","-46.715789189519306","20","20","4661.00","3.90","20","0.15","9.54","4","5.34","0.20","25.29","Toxic"
"e628d4a53c109f09ca88098338b3a3f5","BELO HORIZONTE","MG","-19.927104133305765","-43.944963559534806","1","0","285.00","1.00","1","1.00",NULL,"0",NULL,NULL,NULL,"Insufficient Data"
"00d8b143d12632bad99c0ad66ad52825","BELO HORIZONTE","MG","-19.927104133305765","-43.944963559534806","1","1","86.00","5.00","1","0.00","7.23","0",NULL,"0.00",NULL,"Insufficient Data"
"6b1c4d4d9ccf0be3d8544eb0e71e5318","PORTO ALEGRE","RS","-30.004352940251785","-51.131147188619316","1","1","1699.00","5.00","1","0.00","12.22","0",NULL,"0.00",NULL,"Insufficient Data"
"6c177e38df6d3f34182b1f1d427231bf","CURITIBA","PR","-25.43014407428627","-49.28531986744623","55","53","8341.89","4.04","55","0.15","14.41","2","1.25","0.04","43.22","Toxic"
"33a17d60c64393351ebf1ef860f4e0f2","PORTO ALEGRE","RS","-30.07133502892093","-51.17775102637314","43","43","8152.48","4.63","43","0.02","10.61","1","18.97","0.02","87.93","Excellent"
"968ee78631915a63fef426d6733d7422","ERECHIM","RS","-27.63604581650499","-52.27304912233611","2","2","450.00","3.00","2","0.00","15.27","0",NULL,"0.00",NULL,"Insufficient Data"
"5acd070dd3fe441bbb2ec1f1ede515ee","JUNDIAI","SP","-23.215675309327466","-46.860366758535186","7","7","764.17","3.00","7","0.43","26.11","3","22.94","0.43",NULL,"Insufficient Data"
"45213867cefbf2cd4c6177e10216a951","ARARAS","SP","-22.349908077989365","-47.40075340499852","14","14","4955.42","3.86","14","0.14","14.92","2","3.29","0.14",NULL,"Insufficient Data"
"5659d77e8d90378e39b960ad5956f64e","TAUBATE","SP","-23.00303148883768","-45.54693113414873","2","2","182.48","2.50","2","0.50","20.49","1","3.95","0.50",NULL,"Insufficient Data"
"ffad1e7127fb622cb64a900751590acd","AMERICANA","SP","-22.743739077121916","-47.336997388190525","10","10","884.30","4.80","10","0.00","7.68","0",NULL,"0.00",NULL,"Insufficient Data"
"5a6a02f419701fc8c605af71d4fc57a4","AMERICANA","SP","-22.743739077121916","-47.336997388190525","10","10","600.50","4.80","10","0.00","5.59","1","1.72","0.10",NULL,"Insufficient Data"
"b5d034ac251546e25afe9067f05c1539","ITAPECERICA DA SERRA","SP","-23.706489225118325","-46.85894169652643","1","1","69.90","5.00","1","0.00","12.58","0",NULL,"0.00",NULL,"Insufficient Data"
"e94b64dc6979b302a5a5be1662c83bb6","ITAPECERICA DA SERRA","SP","-23.706489225118325","-46.85894169652643","2","2","306.89","5.00","2","0.00","9.01","0",NULL,"0.00",NULL,"Insufficient Data"
"ab9db4cf53b08b828b64dccaafc2d9f0","PARAISO DO SUL","RS","-29.723802873745612","-53.17918716660632","5","4","277.67","4.20","5","0.20","11.72","0",NULL,"0.00",NULL,"Insufficient Data"
"50a7e551a7b3f8d37cd6e32d8bfbe5ea","SAO CAETANO DO SUL","SP","-23.608506343913913","-46.57128157988512","1","1","140.00","5.00","1","0.00","12.59","0",NULL,"0.00",NULL,"Insufficient Data"
"039e6ad9dae79614493083e241147386","SAO PAULO","SP","-23.547610027193876","-46.499776496197256","5","5","12925.00","4.00","5","0.20","14.59","1","11.82","0.20",NULL,"Insufficient Data"
"933446e9a59dece7ae9175103820ca8f","CURITIBA","PR","-25.50862287827932","-49.226688173955225","2","1","381.39","3.00","2","0.50","24.03","0",NULL,"0.00",NULL,"Insufficient Data"
"989becdce12ebc39863c2bceab6f3ca1","CURITIBA","PR","-25.50862287827932","-49.226688173955225","18","15","7840.88","4.56","18","0.06","13.74","2","0.56","0.13",NULL,"Insufficient Data"
"6b15924333bd1a741595fe981ea04822","SAO CAETANO DO SUL","SP","-23.620205690144612","-46.5641446734805","21","21","614.32","4.67","21","0.00","7.78","2","0.46","0.10","72.31","Good"
"b839e41795b7f3ad94cc2014a52f6796","SAO CAETANO DO SUL","SP","-23.620205690144612","-46.5641446734805","33","33","42829.00","4.09","33","0.18","6.67","1","9.07","0.03","56.12","Watchlist"
"7a9c12e235c36247c3c81f50d6ea9cea","SAO CAETANO DO SUL","SP","-23.620205690144612","-46.5641446734805","5","5","983.90","4.60","5","0.00","12.84","0",NULL,"0.00",NULL,"Insufficient Data"
"c5ebe6598748b0aeaa61cfb820478b92","LAJEADO","RS","-29.430823732155336","-51.99377718667392","3","3","297.00","4.67","3","0.00","4.90","0",NULL,"0.00",NULL,"Insufficient Data"
"04ee0ec01589969663ba5967c0e0bdc0","LAJEADO","RS","-29.430823732155336","-51.99377718667392","1","1","289.49","5.00","1","0.00","3.07","0",NULL,"0.00",NULL,"Insufficient Data"
"0791d9fc1e30678ecf03d3e55fa108d3","BELO HORIZONTE","MG","-19.89649067170408","-43.96875730467174","5","5","842.00","4.00","5","0.20","7.81","0",NULL,"0.00",NULL,"Insufficient Data"
"365e4bce19bda0082c3d15d83fdb8bcd","SAO CAETANO DO SUL","SP","-23.632744917274703","-46.56543098226673","6","6","796.40","4.67","6","0.00","10.38","0",NULL,"0.00",NULL,"Insufficient Data"
"d8dd176509baa37f359644d082bf7f7b","SAO CAETANO DO SUL","SP","-23.632744917274703","-46.56543098226673","2","2","198.00","1.50","2","0.50","30.36","2","10.87","1.00",NULL,"Insufficient Data"
"d7485b33791774c36108f8c69602d48d","CURITIBA","PR","-25.489784860457995","-49.28777755263103","10","10","399.82","3.70","10","0.10","8.89","1","12.75","0.10",NULL,"Insufficient Data"
"cce6ab8d1682639fe45ab70234f1665f","CURITIBA","PR","-25.489784860457995","-49.28777755263103","63","61","2522.70","4.41","63","0.06","15.36","3","4.69","0.05","64.09","Watchlist"
"2e1c9f22be269ef4643f826c9e650a52","SAO PAULO","SP","-23.747947364049544","-46.681805886036535","167","161","12687.68","4.16","164","0.12","9.82","11","8.64","0.07","53.33","Watchlist"
"d4910f1cdcfdabd48d6b316e395d4a23","SANTO ANDRE","SP","-23.673915483823507","-46.53815742287349","11","11","1146.88","4.91","11","0.00","6.13","1","0.64","0.09",NULL,"Insufficient Data"
"334cab711dee080b079fa5779b584783","SANTO ANDRE","SP","-23.673915483823507","-46.53815742287349","11","11","1069.70","4.91","11","0.00","8.12","0",NULL,"0.00",NULL,"Insufficient Data"
"ca4b77513ac2040591b0d8fae6958380","SANTO ANDRE","SP","-23.673915483823507","-46.53815742287349","14","14","1772.45","4.50","14","0.07","7.76","3","5.80","0.21",NULL,"Insufficient Data"
"a4bd6e9adf39b63f43dc545d3ca1f53d","RIO DE JANEIRO","RJ","-22.835828487618866","-43.2761437841655","4","4","1848.59","4.50","4","0.00","10.50","0",NULL,"0.00",NULL,"Insufficient Data"
"7cb946b1ad19faebe28c3e86c2794ec3","SETE LAGOAS","MG","-19.46050847036602","-44.23145971975352","1","1","25.00","5.00","1","0.00","18.15","0",NULL,"0.00",NULL,"Insufficient Data"
"aec99834ab5d38ead22766ada8497e87","COLOMBO","PR","-25.330174322304938","-49.14948338931648","1","1","459.00","5.00","1","0.00","7.26","0",NULL,"0.00",NULL,"Insufficient Data"
"fa18c782a4866d313cadab567097f8f1","BELO HORIZONTE","MG","-19.814723724085457","-43.9810227475647","1","0","58.99","1.00","1","1.00",NULL,"0",NULL,NULL,NULL,"Insufficient Data"
"b7d5b4b87af9d42b601865d3f3810bff","FLORIANOPOLIS","SC","-27.593757745225567","-48.54431375731198","2","1","1049.00","2.00","2","0.50","8.63","0",NULL,"0.00",NULL,"Insufficient Data"
"b5e3e38609125694d2ea2417522a60b7","FLORIANOPOLIS","SC","-27.593757745225567","-48.54431375731198","16","16","995.04","4.31","16","0.00","18.20","4","9.70","0.25",NULL,"Insufficient Data"
"9ed65337433adfbedefd23dd76eaa494","SAO PAULO","SP","-23.558964574972258","-46.704450419432995","6","6","1262.60","4.83","6","0.00","7.40","0",NULL,"0.00",NULL,"Insufficient Data"
"5343d0649eca2a983820bfe93fc4d17e","SANTO ANDRE","SP","-23.64056372252822","-46.4944318422104","71","70","10000.64","3.83","70","0.17","11.27","7","7.39","0.10","29.56","Toxic"
"7f40d06aa0b5f1aa4f41af8c0480e2ef","RIO CLARO","SP","-22.391765540585524","-47.5485111257286","6","6","1309.94","4.83","6","0.00","4.13","1","0.08","0.17",NULL,"Insufficient Data"
"cb32766839f443db85c82a43c4a6c19e","RIO CLARO","SP","-22.391765540585524","-47.5485111257286","2","2","234.00","3.00","2","0.50","19.48","0",NULL,"0.00",NULL,"Insufficient Data"
"c04d70d515d15a7e3db3a73320598566","NITEROI","RJ","-22.893701145563103","-43.120417849276684","3","3","158.20","5.00","3","0.00","6.30","0",NULL,"0.00",NULL,"Insufficient Data"
"4c61e37f664c3c88aff092aa5ac779d7","NITEROI","RJ","-22.893701145563103","-43.120417849276684","7","7","788.31","4.00","6","0.17","15.79","2","3.27","0.29",NULL,"Insufficient Data"
"30c7f28fd3a5897b2c82d152bb760c17","NITEROI","RJ","-22.893701145563103","-43.120417849276684","7","6","2178.27","1.67","6","0.67","20.65","3","2.92","0.50",NULL,"Insufficient Data"
"c542f5a8c64d973f30e9df8d06f70b4a","SAO PAULO","SP","-23.5022061742251","-46.63311453979945","1","0","81.00","1.00","1","1.00",NULL,"0",NULL,NULL,NULL,"Insufficient Data"
"b57e8460909fa137df7951b4a3b5ea84","PORTO ALEGRE","RS","-30.052808223119502","-51.20349940909082","1","0","198.00","2.00","1","0.00",NULL,"0",NULL,NULL,NULL,"Insufficient Data"
"38e679b9e0064cd94c6f035707344dae","LONDRINA","PR","-23.318127092647075","-51.15713642282817","28","27","3694.51","4.00","27","0.19","11.23","1","14.64","0.04","39.51","Toxic"
"33c51922b6e3c16b24a8f28e5833c99d","LONDRINA","PR","-23.318127092647075","-51.15713642282817","18","18","6657.87","4.24","17","0.12","14.55","1","1.87","0.06",NULL,"Insufficient Data"
"5a425cc503b39b262a847fd6212bf53b","LONDRINA","PR","-23.318127092647075","-51.15713642282817","15","14","1360.59","4.21","14","0.14","6.82","1","7.60","0.07",NULL,"Insufficient Data"
"0691148aee60ca47977c187804f935ae","LONDRINA","PR","-23.318127092647075","-51.15713642282817","47","47","5868.51","4.18","47","0.11","11.94","1","38.67","0.02","60.03","Watchlist"
"9c068d10aca38e85c50202e17b4a7e88","COXIM","MS","-18.50726515886232","-54.74875310212911","17","17","2658.90","4.13","16","0.19","16.53","3","7.53","0.18",NULL,"Insufficient Data"
"bc39d8938f90a3a2b98193723ed59774","CAJAMAR","SP","-23.406857959687002","-46.8611543371692","2","2","306.80","4.00","1","0.00","4.56","0",NULL,"0.00",NULL,"Insufficient Data"
"dbd66278cbfe1aa1000f90a217ca4695","SAO PAULO","SP","-23.576016577083784","-46.741186366349936","85","85","4928.90","4.51","85","0.02","9.21","5","2.50","0.06","78.41","Good"
"4e7c18b98d84e05cbae3ff0ff03846c2","JABOTICABAL","SP","-21.245649915471816","-48.3179006962564","82","81","9177.90","4.17","81","0.11","12.09","4","5.06","0.05","55.57","Watchlist"
"b1fc4f64df5a0e8b6913ab38803c57a9","SAO GONCALO","RJ","-22.827149190613206","-43.0539481412297","107","107","7994.74","3.86","105","0.13","15.92","13","5.16","0.12","26.60","Toxic"
"ffcfefa19b08742c5d315f2791395ee5","CURITIBA","PR","-25.42573016525757","-49.253916412231646","1","0","69.90","1.00","1","1.00",NULL,"0",NULL,NULL,NULL,"Insufficient Data"
"f3511c85f59f8dec53d140501ee8e7a8","CURITIBA","PR","-25.42573016525757","-49.253916412231646","1","1","69.90","5.00","1","0.00","1.92","0",NULL,"0.00",NULL,"Insufficient Data"
"d624126b9206f595fb3fbb6ba03b28a8","CURITIBA","PR","-25.42573016525757","-49.253916412231646","23","23","7198.80","4.32","22","0.00","11.36","1","12.03","0.04","76.56","Good"
"8b181ee5518df84f18f4e1a43fe07923","GOIOERE","PR","-24.185936255296788","-53.02562860417748","1","1","27.90","5.00","1","0.00","14.56","0",NULL,"0.00",NULL,"Insufficient Data"
"aaed1309374718fdd995ee4c58c9dfcd","TIMBO","SC","-26.827603296905565","-49.27037623408748","105","104","9376.95","4.07","105","0.12","12.24","3","4.30","0.03","54.09","Watchlist"
"6bef34c5be6f2bbd70aa5165f6df94b1","TIMBO","SC","-26.827603296905565","-49.27037623408748","2","2","1198.00","2.00","2","0.50","16.19","0",NULL,"0.00",NULL,"Insufficient Data"
"aba1721a889e04decc910aa13b768ef4","SAO PAULO","SP","-23.63460702614562","-46.73588184447489","83","83","14103.30","4.45","83","0.05","9.33","9","3.86","0.11","69.62","Good"
"119c7f1a00ef43fad0e57604e76a747c","SAO PAULO","SP","-23.472334583682706","-46.656578449510576","2","2","189.80","4.50","2","0.00","5.98","0",NULL,"0.00",NULL,"Insufficient Data"
"d66c305afaec317ebee552073a674429","RIBEIRAO DAS NEVES","MG","-19.805004607696645","-44.013321461967564","41","38","4886.46","4.32","41","0.10","9.69","1","8.25","0.03","68.07","Good"
"503c1de08ae81a2d86f17951b204db55","SAO PAULO","SP","-23.499937905397818","-46.518586861664836","22","22","4906.99","4.41","22","0.05","13.49","2","12.83","0.09","62.54","Watchlist"
"713e3a23ca5e47786eb6f0d99f94cfac","CURITIBA","PR","-25.490559269496057","-49.30202735573883","4","4","1126.00","4.75","4","0.00","10.10","0",NULL,"0.00",NULL,"Insufficient Data"
"cc80e2f693fa6e2408f47ccf62413fc1","CURITIBA","PR","-25.490559269496057","-49.30202735573883","2","2","420.00","4.00","2","0.00","14.15","0",NULL,"0.00",NULL,"Insufficient Data"
"a425f92c199eb576938df686728acd20","CURITIBA","PR","-25.490559269496057","-49.30202735573883","17","16","1165.80","4.29","17","0.18","17.15","0",NULL,"0.00",NULL,"Insufficient Data"
"0b64bcdb0784abc139af04077d49a20e","CANOAS","RS","-29.88532995305923","-51.17823714857107","4","4","137.60","4.75","4","0.00","8.50","0",NULL,"0.00",NULL,"Insufficient Data"
"b67d6c666e8dce1d078c882825e12704","SAO PAULO","SP","-23.523897299105563","-46.5449925177391","7","7","352.84","4.86","7","0.00","7.68","0",NULL,"0.00",NULL,"Insufficient Data"
"3aa3c89ae3cd482385568be76120f63c","GOIANIA","GO","-16.73588063754187","-49.302333067347355","1","1","29.90","4.00","1","0.00","10.83","0",NULL,"0.00",NULL,"Insufficient Data"
"bba8d0c234a52b87b3957037a215d1a4","GOIANIA","GO","-16.73588063754187","-49.302333067347355","1","1","120.00","5.00","1","0.00","23.84","0",NULL,"0.00",NULL,"Insufficient Data"
"262237171f48e85819065498cac80d7b","BRUSQUE","SC","-27.07661686672867","-48.89319473283283","4","4","599.00","4.25","4","0.00","11.07","0",NULL,"0.00",NULL,"Insufficient Data"
"a353b1083c9863d756d9404695016d64","CARIACICA","ES","-20.322476301969925","-40.37762777086689","1","1","120.00","5.00","1","0.00","20.71","0",NULL,"0.00",NULL,"Insufficient Data"
"26d6bbee02420494d471c9f6436929c0","CURITIBA","PR","-25.46101647360314","-49.23106387131832","12","12","434.51","4.67","12","0.00","8.37","0",NULL,"0.00",NULL,"Insufficient Data"
"c840d3fdbba0790404fdae73d253b253","CURITIBA","PR","-25.46101647360314","-49.23106387131832","9","9","4522.28","3.56","9","0.22","12.16","0",NULL,"0.00",NULL,"Insufficient Data"
"740205fedfe4e90ca6857bc77db0f2b4","CAXIAS DO SUL","RS","-29.15106168550321","-51.142925156171486","1","1","229.90","5.00","1","0.00","3.48","0",NULL,"0.00",NULL,"Insufficient Data"
"9dd59e43f0c9f0553244e8f9c2fb247e","FOZ DO IGUACU","PR","-25.541844711589416","-54.58482020405327","10","10","356.30","4.80","10","0.00","13.14","1","2.83","0.10",NULL,"Insufficient Data"
"54965bbe3e4f07ae045b90b0b8541f52","FOZ DO IGUACU","PR","-25.541844711589416","-54.58482020405327","78","73","10961.30","3.00","74","0.41","26.17","22","28.60","0.30","7.52","Toxic"
"3d871de0142ce09b7081e2b9d1733cb1","CAMPO LIMPO PAULISTA","SP","-23.211746332732215","-46.76287513805133","1080","1064","94914.20","4.15","1069","0.09","13.51","63","10.02","0.06","57.14","Watchlist"
"4c03b9dd4c11ee2cb35c96c49efc9420","CAMPO LIMPO PAULISTA","SP","-23.211746332732215","-46.76287513805133","48","48","6458.60","4.11","47","0.15","10.54","1","9.59","0.02","53.12","Watchlist"
"0a85ebe4e328db81ac9109781205e2f7","JUNDIAI","SP","-23.24740332174398","-46.85464065410208","12","12","667.90","4.58","12","0.00","5.25","1","1.77","0.08",NULL,"Insufficient Data"
"5882820ef11c4c068eea0677a7a879b4","CAXIAS DO SUL","RS","-29.17782368522574","-51.17328050719071","14","14","9925.50","4.15","13","0.00","14.97","1","0.45","0.07",NULL,"Insufficient Data"
"101a3a003516bc11253298b2fad3cb65","RIO CLARO","SP","-22.41292693577841","-47.57929587700934","5","5","450.00","4.80","5","0.00","6.49","0",NULL,"0.00",NULL,"Insufficient Data"
"79ed755314cfe6df0daef2c6cd3022cd","RIO CLARO","SP","-22.41292693577841","-47.57929587700934","23","23","3907.50","4.73","22","0.00","9.26","0",NULL,"0.00","91.17","Excellent"
"c963a25b8671419c6ce9eebe8fd03218","ANGRA DOS REIS","RJ","-22.942733002502077","-44.39440102941618","1","1","49.00","5.00","1","0.00","6.85","0",NULL,"0.00",NULL,"Insufficient Data"
"e73bf2cea7fe4b0b4d287a7568ed1099","CHAPECO","SC","-27.11449604227134","-52.60281233605122","4","4","737.70","5.00","4","0.00","5.50","0",NULL,"0.00",NULL,"Insufficient Data"
"5e49e3a44bdeb5aab2684258bbd4f525","CAMBORIU","SC","-26.992704286772554","-48.63215150489715","3","3","507.00","4.67","3","0.00","16.66","1","4.53","0.33",NULL,"Insufficient Data"
"661ad5fcc28cdfb8bcadb12bb2272475","CAMBORIU","SC","-26.992704286772554","-48.63215150489715","4","4","209.93","5.00","4","0.00","12.39","0",NULL,"0.00",NULL,"Insufficient Data"
"29fe9f200d3fa0c668d2aa1ec7e08dfb","CAMBORIU","SC","-26.992704286772554","-48.63215150489715","5","5","400.00","4.00","5","0.20","10.75","0",NULL,"0.00",NULL,"Insufficient Data"
"822bad9bc42b51213ba522fe87b7ab5d","CAMBORIU","SC","-26.992704286772554","-48.63215150489715","18","18","5160.00","4.11","18","0.06","26.66","5","24.87","0.28",NULL,"Insufficient Data"
"8a432f4e5b471f8da497d7dc517666e2","PRESIDENTE PRUDENTE","SP","-22.1362294598616","-51.37245004547977","95","95","7555.00","4.19","94","0.10","7.85","5","3.80","0.05","62.20","Watchlist"
"406740ee611378a662d274c7d8c43c4a","VITORIA","ES","-20.304515729849843","-40.299576074593304","8","8","1790.00","4.38","8","0.13","15.21","1","4.82","0.13",NULL,"Insufficient Data"
"038b75b729c8a9a04b0d07cba7eabe86","SAO JOSE DOS CAMPOS","SP","-23.224372002311345","-45.88205980388527","2","2","467.00","3.50","2","0.00","22.55","1","5.54","0.50",NULL,"Insufficient Data"
"b56906f7fd1696e043f1bcce164c487b","ECHAPORA","SP","-22.429950963641502","-50.20543406742507","40","40","2148.49","4.00","40","0.13","12.87","2","16.82","0.05","40.12","Toxic"
"52f9db5cfb423382a2fa5c9e39303202","ECHAPORA","SP","-22.429950963641502","-50.20543406742507","22","21","1269.77","4.14","22","0.14","10.17","0",NULL,"0.00","54.14","Watchlist"
"15b3b1b81484422eb41df68ac87f1f50","BAURU","SP","-22.33642322037987","-49.04337431544968","2","1","78.35","1.00","2","1.00","14.63","0",NULL,"0.00",NULL,"Insufficient Data"
"afac9f6b0c4e5f0a7ee87e922cd0f873","BAURU","SP","-22.33642322037987","-49.04337431544968","1","0","20.99","1.00","1","1.00",NULL,"0",NULL,NULL,NULL,"Insufficient Data"
"9f505651f4a6abe901a56cdc21508025","SAO PAULO","SP","-23.589847401363595","-46.632613806421325","397","393","26361.82","4.34","394","0.08","8.07","20","9.80","0.05","74.26","Good"
"87b4428a334b8f676fd9a7f3bf544fb5","GUAIMBE","SP","-21.90997953797039","-49.896172250557186","1","1","29.99","5.00","1","0.00","6.93","0",NULL,"0.00",NULL,"Insufficient Data"
"f84a00e60c73a49e7e851c9bdca3a5bb","RIO DE JANEIRO","RJ","-22.889303208418365","-43.30454037225462","90","88","5949.94","3.83","90","0.17","11.80","10","12.93","0.11","25.02","Toxic"
"0ec28cec4046a4a199b6de9b4c891d97","GOIANIA","GO","-16.680677711076537","-49.26949682221062","3","3","296.60","5.00","3","0.00","10.47","0",NULL,"0.00",NULL,"Insufficient Data"
"a416b6a846a11724393025641d4edd5e","SAO PAULO","SP","-23.5159779002381","-46.54737185794936","162","157","25670.72","4.15","162","0.13","12.49","20","5.88","0.13","40.88","Toxic"
"5c243662ce92d84573bfaff24c3e3700","SAO PAULO","SP","-23.5159779002381","-46.54737185794936","98","98","32862.02","4.14","97","0.05","10.91","3","2.58","0.03","72.07","Good"
"6a51fc556dab5f766ced6fbc860bc613","MARILIA","SP","-22.218071537237165","-49.95022135910164","26","24","7577.67","3.77","26","0.15","14.15","2","10.03","0.08","28.12","Toxic"
"09bad886111255c5b5030314fc7f1a4a","SAO PAULO","SP","-23.544921826153427","-46.631931335611945","5","5","487.50","5.00","5","0.00","6.47","0",NULL,"0.00",NULL,"Insufficient Data"
"d93844a9c55ba7ce353388bcf849ea56","CURITIBA","PR","-25.404556648781742","-49.34546729400173","12","12","2708.50","4.25","12","0.00","16.80","1","0.87","0.08",NULL,"Insufficient Data"
"bee36b4f9a2b9fdcaff6ec05df202ed0","SAO PAULO","SP","-23.541547531426893","-46.57190644562641","2","1","33.80","3.00","2","0.50","13.40","0",NULL,"0.00",NULL,"Insufficient Data"
"5733d806668f8712c24b9abaefbfa642","CHAPECO","SC","-27.09543989582476","-52.6320712027546","2","2","243.80","5.00","2","0.00","15.01","0",NULL,"0.00",NULL,"Insufficient Data"
"226b05fe067266c59c15dae208213d06","CURITIBA","PR","-25.461728859390913","-49.23992036516672","10","10","1056.90","4.50","10","0.10","9.98","0",NULL,"0.00",NULL,"Insufficient Data"
"05a940b4ecae36cadfd8e93bd9c43257","GOIANIA","GO","-16.69394476413473","-49.296994337801785","10","9","952.00","3.90","10","0.20","14.26","0",NULL,"0.00",NULL,"Insufficient Data"
"1cbdc7cf130a41fd13a3c2a7d2fcfda7","LAMBARI","MG","-21.974223701500044","-45.34916821705304","2","2","165.80","5.00","2","0.00","8.69","0",NULL,"0.00",NULL,"Insufficient Data"
"ba6ce6de456f6c11d08c17701ba5c26f","SOROCABA","SP","-23.510186495798685","-47.47802969404189","6","6","744.35","4.17","6","0.17","12.42","1","0.72","0.17",NULL,"Insufficient Data"
"df56d7b40d437f88407c5f78b63bc328","CASCAVEL","PR","-24.94935913379544","-53.44792000110516","22","22","2791.28","4.09","22","0.14","12.59","1","47.88","0.05","42.85","Toxic"
"a3b42d266fa8afc874b909422ce88582","ORLANDIA","SP","-20.716823599737282","-47.8795350068089","1","1","839.40","5.00","1","0.00","3.51","0",NULL,"0.00",NULL,"Insufficient Data"
"f44b6f775a2b390380e0e30b5c9d3eee","SAO PAULO","SP","-23.541183796388015","-46.59684404591125","10","10","2930.00","4.90","10","0.00","8.70","0",NULL,"0.00",NULL,"Insufficient Data"
"a7b7354cc588f7566a848bcbb1ce3d96","SAO PAULO","SP","-23.53616739991495","-46.64754185786534","2","2","79.80","4.00","2","0.00","11.88","0",NULL,"0.00",NULL,"Insufficient Data"
"8de8fe3af4449ed695d2434c933ed73e","SAO PAULO","SP","-23.53616739991495","-46.64754185786534","1","1","2090.00","5.00","1","0.00","10.06","0",NULL,"0.00",NULL,"Insufficient Data"
"15ac3c501e2599e4917316fde5c5669a","SAO PAULO","SP","-23.680383297648557","-46.74049642638624","1","0","144.20","1.00","1","1.00",NULL,"0",NULL,NULL,NULL,"Insufficient Data"
"431050a06a317f2b38168dec3dcd2b46","SAO PAULO","SP","-23.479988957379497","-46.644869488829784","12","10","1487.80","4.25","12","0.08","8.92","0",NULL,"0.00",NULL,"Insufficient Data"
"1b0b0f4f95e962d6f32fe90c759d0479","SAO PAULO","SP","-23.487732571152748","-46.690182021399686","2","2","139.80","5.00","2","0.00","9.46","0",NULL,"0.00",NULL,"Insufficient Data"
"f0ec78809fe0bc3edb11c9fe5b97b059","SAO PAULO","SP","-23.617286932860615","-46.61295461602428","2","2","62.60","4.00","2","0.00","9.35","0",NULL,"0.00",NULL,"Insufficient Data"
"b3b17aab11f273023a5f22ca52e1eb70","LONDRINA","PR","-23.303868607363356","-51.20318765551365","7","7","6850.00","4.86","7","0.00","16.55","1","16.82","0.14",NULL,"Insufficient Data"
"929f342384a6607afe143d789ade1316","LONDRINA","PR","-23.303868607363356","-51.20318765551365","4","4","209.40","5.00","4","0.00","4.50","0",NULL,"0.00",NULL,"Insufficient Data"
"001e6ad469a905060d959994f1b41e4f","SAO GONCALO","RJ","-22.872354587681087","-43.02743281283539","1","0","250.00","1.00","1","1.00",NULL,"0",NULL,NULL,NULL,"Insufficient Data"
"e0487761face83d64fcada2408959a36","SAO PAULO","SP","-23.543000459064807","-46.63214323386248","2","2","49.25","4.50","2","0.00","3.54","0",NULL,"0.00",NULL,"Insufficient Data"
"dd55f1bb788714a40e7954c3be6df745","SAO PAULO","SP","-23.543000459064807","-46.63214323386248","35","35","7041.76","3.74","35","0.09","18.30","6","13.93","0.17","25.47","Toxic"
"620c87c171fb2a6dd6e8bb4dec959fc6","PETROPOLIS","RJ","-22.540796511006263","-43.201235071588066","740","724","114774.50","4.25","733","0.10","12.89","72","10.06","0.10","54.74","Watchlist"
"478bfe564db21eeb44386606aa30b650","PEDRO LEOPOLDO","MG","-19.613117562252107","-44.03989226354459","3","3","182.70","4.67","3","0.00","13.97","0",NULL,"0.00",NULL,"Insufficient Data"
"2d20f1cd18725c91147da0791d498022","LONDRINA","PR","-23.33899359949065","-51.136186148711786","1","1","99.80","5.00","1","0.00","9.95","0",NULL,"0.00",NULL,"Insufficient Data"
"7a073a40a9d3f1fee8bc45670ea1e909","LONDRINA","PR","-23.33899359949065","-51.136186148711786","1","0","95.00","1.00","1","1.00",NULL,"0",NULL,NULL,NULL,"Insufficient Data"
"e84ad2127668df3aafc6b73531a0beb8","SAO PAULO","SP","-23.61889600139147","-46.66765351402123","19","19","987.00","4.37","19","0.11","10.57","1","8.53","0.05",NULL,"Insufficient Data"
"eb72802c83dc7547529c9546d1a9b8ef","RIO CLARO","SP","-22.392136581834084","-47.5776812200681","8","8","1063.92","4.63","8","0.00","6.21","0",NULL,"0.00",NULL,"Insufficient Data"
"8ccf3cf69651cc1d8a02c8bfaf3b8568","RIO CLARO","SP","-22.392136581834084","-47.5776812200681","2","2","250.00","3.50","2","0.00","25.71","1","2.38","0.50",NULL,"Insufficient Data"
"58c851d1a3c7cd3da329eb59453fed44","RIO CLARO","SP","-22.392136581834084","-47.5776812200681","2","2","268.99","5.00","2","0.00","4.62","0",NULL,"0.00",NULL,"Insufficient Data"
"ec933281fb017b5020d06df29c3f77e8","SAO PAULO","SP","-23.495863087771465","-46.50308450815667","8","8","1432.00","5.00","8","0.00","9.48","0",NULL,"0.00",NULL,"Insufficient Data"
"1de62b6f2fd96227629786db492433db","ARACATUBA","SP","-21.227537006658547","-50.45588703268647","2","2","208.80","5.00","2","0.00","8.24","0",NULL,"0.00",NULL,"Insufficient Data"
"8e29d051f810eb22959ede205b462b9f","MIRASSOL","SP","-20.811510502211757","-49.52890704878265","2","2","599.80","4.00","2","0.00","31.75","1","27.82","0.50",NULL,"Insufficient Data"
"804287717b9156fb7a787acd9af4fac1","MARINGA","PR","-23.413770021773328","-51.92706989550013","1","1","18.80","5.00","1","0.00","9.16","0",NULL,"0.00",NULL,"Insufficient Data"
"88460e8ebdecbfecb5f9601833981930","MARINGA","PR","-23.413770021773328","-51.92706989550013","248","246","31546.55","3.42","247","0.26","17.80","48","9.07","0.20","12.55","Toxic"
"66fd84ee7528c0c0de85d0f44a73d5ab","CAMPINA DAS MISSOES","RS","-27.986799762328445","-54.84099998542986","11","11","1438.11","3.36","11","0.27","15.41","1","17.99","0.09",NULL,"Insufficient Data"
"44073f8b7e41514de3b7815dd0237f4f","GUARA","DF","-15.83278665781165","-47.94636739374685","144","142","18729.64","3.76","143","0.17","13.15","5","7.41","0.04","38.14","Toxic"
"8602a61d680a10a82cceeeda0d99ea3d","SAO PAULO","SP","-23.550189776551765","-46.634023555904214","17","17","826.99","4.41","17","0.06","7.84","1","0.58","0.06",NULL,"Insufficient Data"
"bacb1f0ed56ad24198f5810d2b3fe9a5","JACAREI","SP","-23.288301572514957","-45.962995346095624","42","38","6940.45","4.08","40","0.13","9.78","1","4.17","0.03","55.02","Watchlist"
"e59e489e2ea74bd409b798b5daf49de3","MARINGA","PR","-23.44903975679646","-51.953423054480666","3","3","495.00","1.67","3","0.67","15.36","0",NULL,"0.00",NULL,"Insufficient Data"
"cb5ff1b9715e99589f3e0c7a6afab9e3","MARINGA","PR","-23.44903975679646","-51.953423054480666","4","4","85.00","4.00","4","0.00","6.08","0",NULL,"0.00",NULL,"Insufficient Data"
"a56a8043ebf66e42119618fb8cf232c6","JOINVILLE","SC","-26.25131621441017","-48.87083438138225","1","1","83.00","5.00","1","0.00","10.83","0",NULL,"0.00",NULL,"Insufficient Data"
"e439f7176d763f92de325271111b2fd5","JOINVILLE","SC","-26.25131621441017","-48.87083438138225","7","6","1348.40","5.00","7","0.00","9.93","0",NULL,"0.00",NULL,"Insufficient Data"
"5b97c06a046398e7005b2b7c0d707a92","JOAO PINHEIRO","MG","-17.73200537036008","-46.165887314234986","4","3","1519.96","3.25","4","0.25","26.18","2","1.37","0.67",NULL,"Insufficient Data"
"a67780aba9dd436e7ac0aa1f889e73ec","PRESIDENTE PRUDENTE","SP","-22.112262423842854","-51.42117966623059","6","6","863.00","3.67","6","0.17","21.63","2","1.26","0.33",NULL,"Insufficient Data"
"70f84699be677ec988d1fa824aef7d90","SETE LAGOAS","MG","-19.457995013388647","-44.24812822762972","5","5","1588.30","4.60","5","0.00","17.53","0",NULL,"0.00",NULL,"Insufficient Data"
"0ea22c1cfbdc755f86b9b54b39c16043","SETE LAGOAS","MG","-19.457995013388647","-44.24812822762972","237","234","10711.70","4.40","234","0.06","11.03","4","5.01","0.02","79.44","Excellent"
"213fafb0ca06fb3d5886579c2565791b","SETE LAGOAS","MG","-19.457995013388647","-44.24812822762972","3","3","189.70","2.33","3","0.33","4.26","0",NULL,"0.00",NULL,"Insufficient Data"
"4bde6149c15cf7e177b36fa060dd6de8","CARAZINHO","RS","-28.291244645937898","-52.79025576343902","2","2","159.80","5.00","2","0.00","10.63","0",NULL,"0.00",NULL,"Insufficient Data"
"447d377bdb757058acb569025ee18a93","CARAZINHO","RS","-28.291244645937898","-52.79025576343902","1","1","64.99","5.00","1","0.00","18.00","0",NULL,"0.00",NULL,"Insufficient Data"
"b1a81260566c1bac3114a6d124413f27","CARAZINHO","RS","-28.291244645937898","-52.79025576343902","51","51","8684.69","4.27","51","0.12","8.57","1","0.69","0.02","67.21","Good"
"674207551483fec113276b67b0d871ff","SOROCABA","SP","-23.505547950176677","-47.46970526393222","1","1","119.90","5.00","1","0.00","1.87","0",NULL,"0.00",NULL,"Insufficient Data"
"916748bc99315c2d202898ae58b1617e","SOROCABA","SP","-23.505547950176677","-47.46970526393222","25","25","369.40","4.28","25","0.08","10.47","0",NULL,"0.00","68.64","Good"
"3e46a38ee171c503c3b4a3f23fe3bf0c","SOROCABA","SP","-23.505547950176677","-47.46970526393222","1","1","59.90","5.00","1","0.00","4.18","0",NULL,"0.00",NULL,"Insufficient Data"
"003554e2dce176b5555353e4f3555ac8","GOIANIA","GO","-16.640574122551232","-49.27648326906269","1","1","120.00","5.00","1","0.00","4.65","0",NULL,"0.00",NULL,"Insufficient Data"
"6219ba2359cfb97f2e38fd4c321eb309","SAO PAULO","SP","-23.519097465042975","-46.595538854316054","6","5","487.50","3.40","5","0.20","23.71","3","11.74","0.60",NULL,"Insufficient Data"
"913fd0ebba70bb919f7254a02239173c","BLUMENAU","SC","-26.87170039425458","-49.103069858381275","1","1","159.90","1.00","1","1.00","13.43","0",NULL,"0.00",NULL,"Insufficient Data"
"e9c2dc0dd4ac38448289be644ac94f42","JOINVILLE","SC","-26.33339381940892","-48.833371004424826","3","3","118.39","5.00","3","0.00","5.39","0",NULL,"0.00",NULL,"Insufficient Data"
"ff314fa6033cc68ec451c47aee2d6ba4","SAO PAULO","SP","-23.568770707245974","-46.69810963523168","2","2","537.90","5.00","2","0.00","10.69","0",NULL,"0.00",NULL,"Insufficient Data"
"5b179e9e8cc7ab6fd113a46ca584da81","SAO PAULO","SP","-23.568770707245974","-46.69810963523168","34","34","5173.50","3.67","33","0.18","13.01","3","2.76","0.09","23.56","Toxic"
"7dc8c42cc750eeafea6c85712ffee9bf","SAO PAULO","SP","-23.568770707245974","-46.69810963523168","41","41","6409.68","4.20","41","0.10","9.15","2","6.85","0.05","61.24","Watchlist"
"a37c340b91cb0169e8b029db6440fba2","SAO PAULO","SP","-23.687366153961623","-46.64044939164154","5","5","345.00","4.80","5","0.00","11.12","0",NULL,"0.00",NULL,"Insufficient Data"
"e6a69c4a27dfdd98ffe5aa757ad744bc","SAO PAULO","SP","-23.687366153961623","-46.64044939164154","24","21","2076.20","3.88","24","0.21","10.74","0",NULL,"0.00","40.73","Toxic"
"cb0b3bcf14e0a709df412a99424a59d7","SAO PAULO","SP","-23.623600984620346","-46.59315292295778","2","2","460.00","4.50","2","0.00","22.22","0",NULL,"0.00",NULL,"Insufficient Data"
"398cb257329ef7af7f1943a8974a3cbc","SALVADOR","BA","-12.988918879886933","-38.48811019919627","1","1","145.90","5.00","1","0.00","7.09","0",NULL,"0.00",NULL,"Insufficient Data"
"7a67c85e85bb2ce8582c35f2203ad736","SAO PAULO","SP","-23.552336441109293","-46.53686856423848","1160","1145","141745.53","4.24","1151","0.07","11.20","68","11.85","0.06","67.37","Good"
"93dc87703c046b603023e75222018b45","BELO HORIZONTE","MG","-19.953802807940573","-43.93090361544774","35","33","8517.35","3.97","33","0.12","20.05","3","48.05","0.09","34.83","Toxic"
"a806a4bb063ea7ca6d374eafa50a6058","SERRA","ES","-20.223980207912057","-40.275818521685444","5","5","294.40","4.00","5","0.00","12.71","0",NULL,"0.00",NULL,"Insufficient Data"
"bac692d6c0ed08467878018e6cc9c26c","BLUMENAU","SC","-26.91446933472803","-49.11226323442036","1","1","477.00","4.00","1","0.00","7.20","0",NULL,"0.00",NULL,"Insufficient Data"
"86ccac0b835037332a596a33b6949ee1","BLUMENAU","SC","-26.91446933472803","-49.11226323442036","180","178","16619.93","4.19","179","0.10","12.06","6","7.63","0.03","64.50","Watchlist"
"91543f9849d68d023e17194926598543","BLUMENAU","SC","-26.91446933472803","-49.11226323442036","4","4","834.00","4.50","4","0.00","12.87","0",NULL,"0.00",NULL,"Insufficient Data"
"7b3f6ce5c6c22e9b96e7581ebf0df6e1","TAMBAU","SP","-21.703495030535546","-47.27635386030105","1","1","29.80","3.00","1","0.00","10.95","0",NULL,"0.00",NULL,"Insufficient Data"
"b2eecf5ea250510da76590ca79d60e5d","SAO PAULO","SP","-23.544376874492144","-46.56537640757621","9","9","1060.00","5.00","9","0.00","6.17","0",NULL,"0.00",NULL,"Insufficient Data"
"e116c7455dd26a4d8c3e92532583905f","SAO PAULO","SP","-23.520438443709033","-46.6692371684404","1","0","36.76","4.00","1","0.00",NULL,"0",NULL,NULL,NULL,"Insufficient Data"
"f7496d659ca9fdaf323c0aae84176632","SAO PAULO","SP","-23.631765715208413","-46.62313404323022","26","25","5087.57","4.58","26","0.04","12.43","2","1.92","0.08","71.02","Good"
"e3e15e2c0b9700561efac21c6be48066","SAO PAULO","SP","-23.533374471737652","-46.73128132257117","3","0","97.24","2.00","3","0.67",NULL,"0",NULL,NULL,NULL,"Insufficient Data"
"0951a6e282947e09cd47969f4ed0b47f","TABOAO DA SERRA","SP","-23.61133714042922","-46.7607487124816","7","7","492.30","4.86","7","0.00","4.72","0",NULL,"0.00",NULL,"Insufficient Data"
"e503f22be6a4f456d9851920a5d9c670","SAO PAULO","SP","-23.58941316805441","-46.669423768205824","2","2","198.90","4.00","2","0.00","5.67","0",NULL,"0.00",NULL,"Insufficient Data"
"28405831a29823802aa22c084cfd0649","SAO PAULO","SP","-23.526008583418218","-46.53344298946832","7","6","245.00","4.29","7","0.00","7.19","0",NULL,"0.00",NULL,"Insufficient Data"
"ccc4bbb5f32a6ab2b7066a4130f114e3","CURITIBA","PR","-25.456933882855154","-49.309454983953664","187","184","74004.62","4.28","186","0.09","15.87","14","15.70","0.08","57.25","Watchlist"
"77530e9772f57a62c906e1c21538ab82","CURITIBA","PR","-25.456933882855154","-49.309454983953664","320","312","46610.40","4.11","318","0.11","15.01","36","9.76","0.12","41.20","Toxic"
"d1a5cc844736958c11b8efab9a2b4c87","CURITIBA","PR","-25.456933882855154","-49.309454983953664","1","1","237.60","1.00","1","1.00","30.29","1","8.84","1.00",NULL,"Insufficient Data"
"120476eb7a04c149d14772edaf5d9bf2","ANGRA DOS REIS","RJ","-23.012719917722826","-44.53711953004649","4","4","2368.80","4.25","4","0.00","7.80","0",NULL,"0.00",NULL,"Insufficient Data"
"77fccaae319668a8ab6cd0fd16aec48c","CAMPOS DOS GOYTACAZES","RJ","-21.756506023881567","-41.33204541278834","11","11","1667.00","4.45","11","0.00","9.41","0",NULL,"0.00",NULL,"Insufficient Data"
"8def3db7f272735afb2ecd03aeca09a7","CAMPOS DOS GOYTACAZES","RJ","-21.756506023881567","-41.33204541278834","2","2","196.00","5.00","2","0.00","2.66","0",NULL,"0.00",NULL,"Insufficient Data"
"1430239a858e7682bbc43b20758af153","SAO PAULO","SP","-23.609430024757703","-46.66050227039208","18","17","660.79","4.11","18","0.11","7.67","0",NULL,"0.00",NULL,"Insufficient Data"
"2b5ed0c9139dae8883a200dfcb272ece","SAO PAULO","SP","-23.609430024757703","-46.66050227039208","4","4","85.41","4.25","4","0.00","16.87","1","26.49","0.25",NULL,"Insufficient Data"
"6fa9202c10491e472dffd59a3e82b2a3","SOROCABA","SP","-23.510538970251265","-47.45966978985546","3","3","7014.24","4.33","3","0.00","8.46","0",NULL,"0.00",NULL,"Insufficient Data"
"9558aa23f77a9e0a0eca83540999f43b","APUCARANA","PR","-23.55735761468632","-51.48681824634586","2","1","125.70","3.00","2","0.50","20.87","0",NULL,"0.00",NULL,"Insufficient Data"
"fe4cd9461203cee790d36792420b310f","CARATINGA","MG","-19.787035607141227","-42.13788581415281","3","3","391.15","4.00","3","0.00","14.35","0",NULL,"0.00",NULL,"Insufficient Data"
"f80edd2c5aaa505cc4b0a3b219abf4b8","SAO PAULO","SP","-23.550472430843705","-46.538845956881254","119","116","9108.20","4.08","118","0.13","12.07","6","5.84","0.05","49.00","Toxic"
"0af2ab31141893d26aca5a404a537dab","SAO PAULO","SP","-23.550472430843705","-46.538845956881254","1","1","59.00","5.00","1","0.00","5.81","0",NULL,"0.00",NULL,"Insufficient Data"
"f5b84683a9bf9e1df748cf40f601b39c","SAO PAULO","SP","-23.525480803366627","-46.64159548852642","1","1","83.90","5.00","1","0.00","6.71","0",NULL,"0.00",NULL,"Insufficient Data"
"c89cf7c468a48af70aada384e722f9e2","PETROPOLIS","RJ","-22.408608081087017","-43.13140914649255","14","14","745.00","4.00","13","0.08","14.19","1","3.89","0.07",NULL,"Insufficient Data"
"e9729944ba65dc3ce425e0c5a22ae7b2","PETROPOLIS","RJ","-22.408608081087017","-43.13140914649255","4","4","916.70","3.75","4","0.00","10.14","1","1.64","0.25",NULL,"Insufficient Data"
"328acb143b4a73aad6bee8e734f5d20d","FOZ DO IGUACU","PR","-25.51124719435153","-54.585741372557344","2","2","699.98","4.00","2","0.00","12.06","0",NULL,"0.00",NULL,"Insufficient Data"
"f5f46307a4d15880ca14fab4ad9dfc9b","RIO DO SUL","SC","-27.231416404052258","-49.65747657617158","9","9","1422.94","4.11","9","0.11","13.35","1","7.79","0.11",NULL,"Insufficient Data"
"f9d010e39375d9c91dce3f40b73a2f84","LORENA","SP","-22.730893075320957","-45.12347279027041","4","4","1212.00","3.50","4","0.25","17.35","1","3.66","0.25",NULL,"Insufficient Data"
"4be2e7f96b4fd749d52dff41f80e39dd","RIO BRANCO","AC","-9.967843044507292","-67.81328446862534","1","0","267.00","1.00","1","1.00",NULL,"0",NULL,NULL,NULL,"Insufficient Data"
"1987cd4be10fe09ee50454f9c354d1c6","OURO FINO","MG","-22.27848530503031","-46.37130155156735","14","14","2877.70","4.36","14","0.07","15.32","1","18.56","0.07",NULL,"Insufficient Data"
"31e60bf8d103ce47932a85f5562deb16","GOIANIA","GO","-16.6125226346468","-49.29609126429586","1","1","181.00","5.00","1","0.00","14.46","0",NULL,"0.00",NULL,"Insufficient Data"
"b586cd24c010a13916af621b0325fbba","RIO DO SUL","SC","-27.22351773868804","-49.65999071139676","6","6","1108.94","3.83","6","0.17","5.27","0",NULL,"0.00",NULL,"Insufficient Data"
"02ecc2a19303f05e59ce133fd923fff7","SANTO ANDRE","SP","-23.68151425230396","-46.50092180775807","21","21","5264.19","4.62","21","0.00","11.09","0",NULL,"0.00","89.17","Excellent"
"a218df5c097b0ca409cfaac1488cc7f6","ARARAQUARA","SP","-21.751257937325867","-48.15881579410837","4","4","130.69","2.75","4","0.25","11.56","0",NULL,"0.00",NULL,"Insufficient Data"
"5b664594895aefb418afaee6d40a9a23","PETROPOLIS","RJ","-22.338529289758174","-43.128998839499985","16","16","1008.80","3.94","16","0.19","10.41","0",NULL,"0.00",NULL,"Insufficient Data"
"72431a818f97fe6ab9c81eee3e297e54","RIO DAS PEDRAS","SP","-22.842321876787757","-47.60705361138727","1","1","229.90","5.00","1","0.00","12.43","0",NULL,"0.00",NULL,"Insufficient Data"
"5e063e85d44b0f5c3e6ec3131103a57e","SAO PAULO","SP","-23.530561572873733","-46.726887072481674","1","1","22.90","5.00","1","0.00","1.29","0",NULL,"0.00",NULL,"Insufficient Data"
"52f0fe436a347ddad7ed5f9aa4e27eaa","SAO PAULO","SP","-23.524051385464382","-46.645073040129965","21","19","1484.37","3.52","21","0.14","14.94","3","8.48","0.16","13.21","Toxic"
"bbe87dce25ba8b38bb61cc7210a3f10b","SAO JOAO DA BOA VISTA","SP","-21.97316768792279","-46.794594747496404","2","2","287.00","5.00","2","0.00","6.26","0",NULL,"0.00",NULL,"Insufficient Data"
"baf15155e37ef5492731459bdc05be8a","SAO PAULO","SP","-23.629112164277856","-46.73207075900506","1","1","47.00","5.00","1","0.00","33.05","0",NULL,"0.00",NULL,"Insufficient Data"
"0747d5bb69f0586cc869d8af4c50f93e","SAQUAREMA","RJ","-22.9237565483556","-42.50447966854644","14","12","346.60","3.36","14","0.29","14.15","1","7.49","0.08",NULL,"Insufficient Data"
"3a52d63a8f9daf5a28f3626d7eb9bd28","BRASILIA","DF","-15.832413589086705","-48.03745525074686","1","1","35.00","1.00","1","1.00","6.34","0",NULL,"0.00",NULL,"Insufficient Data"
"8c3b533c63cca56240f94f1e3a6b18ef","BELO HORIZONTE","MG","-19.898569593157415","-43.895245036379826","5","3","3312.16","1.50","4","0.75","43.63","2","19.14","0.67",NULL,"Insufficient Data"
"66dc1b1632bd6a3e508510c5b3492107","JAU","SP","-22.285564358190705","-48.53505780924214","37","36","3721.39","3.57","37","0.22","10.28","1","5.09","0.03","34.14","Toxic"
"b2ba3715d723d245138f291a6fe42594","SAO PAULO","SP","-23.56911279343243","-46.52228690836456","337","324","51676.88","4.10","334","0.12","14.07","29","7.92","0.09","44.71","Toxic"
"73b8eb4a9a729d4019b24ed1be748cbf","CAMPINAS","SP","-22.89205755456594","-47.08244278411783","8","7","692.41","4.38","8","0.13","4.14","0",NULL,"0.00",NULL,"Insufficient Data"
"562fc2f2c2863ab7e79a9e4388a58a14","CAMPINAS","SP","-22.89205755456594","-47.08244278411783","260","255","8814.20","4.22","258","0.07","11.31","9","9.96","0.04","67.06","Good"
"37303482a42fb700d8d127e70a9cd6c8","CAMPINAS","SP","-22.89205755456594","-47.08244278411783","2","1","148.89","3.00","2","0.50","2.05","0",NULL,"0.00",NULL,"Insufficient Data"
"ffff564a4f9085cd26170f4732393726","CAMPINAS","SP","-22.89205755456594","-47.08244278411783","20","8","1426.30","2.10","20","0.65","12.50","0",NULL,"0.00","30.05","Toxic"
"ff4ea69c2a729e83e63c7579e4ef8170","GUARULHOS","SP","-23.45350533151448","-46.56243077589288","9","8","7017.00","4.50","8","0.13","11.47","0",NULL,"0.00",NULL,"Insufficient Data"
"a0e19590a0923cdd0614ea9427713ced","SAO JOSE DOS PINHAIS","PR","-25.533598155228827","-49.09013596451584","2","0","258.30","1.00","2","1.00",NULL,"0",NULL,NULL,NULL,"Insufficient Data"
"ab75b89cc49c9ab3160d0c91565a442a","TUPA","SP","-21.943091440035154","-50.51676304094404","2","1","37.98","1.50","2","0.50","9.10","0",NULL,"0.00",NULL,"Insufficient Data"
"9aa388272ee334b6ae07bc73706e254a","MURIAE","MG","-21.136388018041888","-42.399282851834","6","6","678.00","4.33","6","0.17","8.42","0",NULL,"0.00",NULL,"Insufficient Data"
"4ba52dfeba874da5b9ee7b17c7494f04","MOGI DAS CRUZES","SP","-23.52892823325502","-46.17165148842831","11","11","1463.00","4.36","11","0.09","10.62","1","6.98","0.09",NULL,"Insufficient Data"
"99a54764c341d5dc80b4a8fac4eba3fb","SAO PAULO","SP","-23.577346895605473","-46.55995457781836","45","44","3708.76","3.61","44","0.16","7.73","9","2.84","0.20","19.58","Toxic"
"6edacfd9f9074789dad6d62ba7950b9c","GUARULHOS","SP","-23.425555705618997","-46.52529155803019","208","205","13147.10","4.36","207","0.08","9.09","12","4.11","0.06","70.58","Good"
"22c32ec35d0116ef02c281798a25bf8b","MARINGA","PR","-23.401267513818837","-51.8943330478445","4","4","119.58","3.75","4","0.00","11.46","0",NULL,"0.00",NULL,"Insufficient Data"
"a213f1bd6458f4a158f3746cb2514559","MARINGA","PR","-23.401267513818837","-51.8943330478445","1","1","41.52","5.00","1","0.00","8.35","0",NULL,"0.00",NULL,"Insufficient Data"
"ea6b12bf9ffe2bac34602ec631d97a47","GUARULHOS","SP","-23.45789626461764","-46.540663389967484","11","9","2625.80","4.09","11","0.09","16.56","0",NULL,"0.00",NULL,"Insufficient Data"
"3da38366e7bd9baf6369071f782ecdf0","FORTALEZA","CE","-3.72380573973658","-38.59027002271371","1","1","59.47","1.00","1","1.00","53.35","1","6.92","1.00",NULL,"Insufficient Data"
"8d899e15a5925f097cca50faa49b15e3","SAO ROQUE","SP","-23.531716378829014","-47.14867075932756","4","4","645.00","3.75","4","0.25","6.07","1","5.64","0.25",NULL,"Insufficient Data"
"0b1ca3ef18a63d7eb0c8897fa0849c08","SAO ROQUE","SP","-23.531716378829014","-47.14867075932756","1","1","55.00","5.00","1","0.00","6.71","0",NULL,"0.00",NULL,"Insufficient Data"
"ffdd9f82b9a447f6f8d4b91554cc7dd3","CURITIBA","PR","-25.41703885144275","-49.260760006375364","18","18","2101.20","4.33","18","0.06","10.54","0",NULL,"0.00",NULL,"Insufficient Data"
"466222e777149751370e7e98fb623b0c","RIO DE JANEIRO","RJ","-22.880476502680096","-43.21772315263865","1","1","87.90","5.00","1","0.00","6.83","0",NULL,"0.00",NULL,"Insufficient Data"
"8ca5b19e0263150d2c57afdde2b3d011","MAUA","SP","-23.6632125634508","-46.41528666488519","3","3","180.60","4.67","3","0.00","4.86","0",NULL,"0.00",NULL,"Insufficient Data"
"dd7ddc04e1b6c2c614352b383efe2d36","SAO PAULO","SP","-23.56509561905049","-46.51856509433426","122","121","9178.51","3.85","121","0.15","15.02","19","6.79","0.16","20.90","Toxic"
"3606774ec64634822d78dc2db6d37045","SAO CAETANO DO SUL","SP","-23.61565575708682","-46.571860078429","2","1","299.80","3.00","2","0.50","15.82","0",NULL,"0.00",NULL,"Insufficient Data"
"1354d51653f645349064725ed204e85e","SAO PAULO","SP","-23.53631040591802","-46.65711200863415","18","18","2410.00","3.89","18","0.11","9.56","1","0.92","0.06",NULL,"Insufficient Data"
"8e8a7ce9f2f970dc00e2acf6f6e199f6","SAO GONCALO","RJ","-22.822624306841348","-43.003093742121564","65","63","9101.00","4.02","64","0.06","12.25","6","5.77","0.10","49.71","Toxic"
"643c01d7c56a724bec0454f4780e8a3e","JOINVILLE","SC","-26.267823839408244","-48.84491848211984","2","2","205.55","4.50","2","0.00","9.72","0",NULL,"0.00",NULL,"Insufficient Data"
"92eb0f42c21942b6552362b9b114707d","SAO PAULO","SP","-23.537555370003886","-46.53822847017661","341","334","6548.63","3.99","338","0.12","13.71","27","4.60","0.08","38.30","Toxic"
"bdae679a9b282249bc23b9b69dae9a99","CEILANDIA","DF","-15.806986072902077","-48.10495885348102","6","6","663.15","3.50","6","0.33","10.40","0",NULL,"0.00",NULL,"Insufficient Data"
"5d76d80a2f5f39c891b996a1bf4c9853","SAO PAULO","SP","-23.62664824502481","-46.73950894543502","6","6","1238.50","4.83","6","0.00","10.23","0",NULL,"0.00",NULL,"Insufficient Data"
"5ca5d579b5857ee8709479b1047cecc3","SAO PAULO","SP","-23.6351441150821","-46.60361073479806","2","1","339.89","1.00","2","1.00","17.78","1","5.73","1.00",NULL,"Insufficient Data"
"2b2fed75b8e5ea3a052fc4c0825da485","JUIZ DE FORA","MG","-21.75734753091001","-43.35406013626351","3","3","510.90","5.00","3","0.00","5.57","0",NULL,"0.00",NULL,"Insufficient Data"
"117cfc326c6d50da67ca858ff5c0c852","SAO JOAO DE MERITI","RJ","-22.805973412779867","-43.390364817385404","5","5","454.60","4.60","5","0.00","6.07","0",NULL,"0.00",NULL,"Insufficient Data"
"6561d6bf844e464b4019442692b40e02","FRANCO DA ROCHA","SP","-23.32912758636168","-46.715937252519275","1","1","41.90","5.00","1","0.00","1.43","0",NULL,"0.00",NULL,"Insufficient Data"
"157c3e4b42f81ac4a44e8b1ca2fe9876","SAO PAULO","SP","-23.601092055866467","-46.55369625087328","23","23","2548.50","3.70","23","0.17","10.98","2","14.26","0.09","24.34","Toxic"
"74871d19219c7d518d0090283e03c137","SAO PAULO","SP","-23.65785084194691","-46.67692508392925","6","6","550.04","5.00","6","0.00","3.87","0",NULL,"0.00",NULL,"Insufficient Data"
"258447aad3f7b01e2643c89f64dc5647","CIANORTE","PR","-23.657923694543378","-52.58993043586271","1","1","51.90","5.00","1","0.00","7.95","0",NULL,"0.00",NULL,"Insufficient Data"
"e45edf75f568ed2f93f78d060e246e25","RIO DE JANEIRO","RJ","-23.01298650422645","-43.46551954103294","6","6","164.30","4.17","6","0.00","12.35","1","0.89","0.17",NULL,"Insufficient Data"
"ceb7b4fb9401cd378de7886317ad1b47","RIO DE JANEIRO","RJ","-23.01298650422645","-43.46551954103294","1","0","399.90","3.00","1","0.00",NULL,"0",NULL,NULL,NULL,"Insufficient Data"
"a13580f0e8f782b7a543885a0ef99f08","RIO DE JANEIRO","RJ","-23.01298650422645","-43.46551954103294","10","10","1304.90","4.40","10","0.00","25.05","2","4.29","0.20",NULL,"Insufficient Data"
"7a425d299613df3e613bcf9d2eaf5c49","RIO DE JANEIRO","RJ","-23.01298650422645","-43.46551954103294","18","18","1218.80","4.11","18","0.06","11.79","1","4.88","0.06",NULL,"Insufficient Data"
"33ab10be054370c254ddfcf0a6253422","RIO DE JANEIRO","RJ","-23.01298650422645","-43.46551954103294","4","4","213.20","5.00","4","0.00","5.82","0",NULL,"0.00",NULL,"Insufficient Data"
"70ee69419916dc13e3aed619061f996c","MOGI DAS CRUZES","SP","-23.52021389428963","-46.17732269163663","1","1","45.00","3.00","1","0.00","14.43","0",NULL,"0.00",NULL,"Insufficient Data"
"4ebdc7e6cd6102a022dadc49156d4ea8","SAO PAULO","SP","-23.54207310181364","-46.691757669424845","29","29","928.70","3.79","29","0.17","9.96","1","5.03","0.03","36.88","Toxic"
"269cff2d3c8d205c11f37a52402ea93b","CATANDUVA","SP","-21.128726159505174","-48.99295367914727","4","4","1281.59","4.50","4","0.00","7.13","0",NULL,"0.00",NULL,"Insufficient Data"
"20a7efa9721046319bdde5d60b6b5365","LAGUNA","SC","-28.47572857600971","-48.784659261030505","3","3","501.20","5.00","3","0.00","19.37","0",NULL,"0.00",NULL,"Insufficient Data"
"a4e634166243bbb3a13fa584463fa468","OSASCO","SP","-23.50655625612319","-46.772058721455856","2","0","155.55","2.00","2","0.00",NULL,"0",NULL,NULL,NULL,"Insufficient Data"
"e00d85ce20ea50c1224c66ca5050527d","OSASCO","SP","-23.50655625612319","-46.772058721455856","1","1","149.00","4.00","1","0.00","2.05","0",NULL,"0.00",NULL,"Insufficient Data"
"c004e5ea15737026cecaee0447e00b75","SAO PAULO","SP","-23.496211310932598","-46.62282500873062","2","1","4700.00","1.00","2","1.00","33.83","1","15.84","1.00",NULL,"Insufficient Data"
"344223b2a90784f64136a8a5da012e7f","GASPAR","SC","-26.85192667968571","-49.02338253393338","1","1","10.90","2.00","1","0.00","32.62","1","0.55","1.00",NULL,"Insufficient Data"
"4be6b962d83299498bae2190f95d6566","SAO CARLOS","SP","-22.01445177696217","-47.908417441670935","11","11","508.80","4.10","10","0.10","7.90","1","1.66","0.09",NULL,"Insufficient Data"
"430315b7bb4b6e4b3c978f9dfa9b0558","SAO PAULO","SP","-23.763973020804805","-46.688081478802104","20","19","3118.40","3.95","19","0.21","13.56","1","8.74","0.05",NULL,"Insufficient Data"
"f08c008c8a8d31417763738a1788a2a8","SANTA TEREZINHA DE ITAIPU","PR","-25.442862117746696","-54.402764727764094","22","20","1291.72","3.19","21","0.29","19.36","3","40.51","0.15","4.67","Toxic"
"83645b1645cdee8953ee54c29ceed564","SANTA TEREZINHA DE ITAIPU","PR","-25.442862117746696","-54.402764727764094","14","14","978.90","4.43","14","0.00","10.40","0",NULL,"0.00",NULL,"Insufficient Data"
"5e106d93b717c2682b9383da480364a1","SANTA TEREZINHA DE ITAIPU","PR","-25.442862117746696","-54.402764727764094","1","1","445.90","5.00","1","0.00","7.26","0",NULL,"0.00",NULL,"Insufficient Data"
"134a288e7de827ec5ec62e3ec9c3a295","SAO PAULO","SP","-23.554397891852155","-46.59568963440545","9","9","877.45","4.78","9","0.00","9.45","0",NULL,"0.00",NULL,"Insufficient Data"
"0b09101900100c0e9d312861fad5a1b9","SAO PAULO","SP","-23.554397891852155","-46.59568963440545","1","1","153.75","4.00","1","0.00","18.54","0",NULL,"0.00",NULL,"Insufficient Data"
"7d948535954aaf8c5d39db007f74372e","GUARUJA","SP","-23.976117914975305","-46.22003843970619","4","4","194.00","3.75","4","0.00","5.60","0",NULL,"0.00",NULL,"Insufficient Data"
"da3fede3469bf49b7293ce3fc45b294d","MOGI DAS CRUZES","SP","-23.555409578770288","-46.218132250650505","1","1","44.90","5.00","1","0.00","11.24","0",NULL,"0.00",NULL,"Insufficient Data"
"25e47381a6c510ddeb36084e33b89f0c","PRAIA GRANDE","SP","-24.008341755064745","-46.45929254716721","16","16","1289.60","4.25","16","0.06","10.00","0",NULL,"0.00",NULL,"Insufficient Data"
"179d859f51292aac5c10806a356f7af9","RIBEIRAO PIRES","SP","-23.71890786544506","-46.39471606155454","18","18","404.47","4.39","18","0.06","8.99","3","1.59","0.17",NULL,"Insufficient Data"
"7ea5bfa6c340f58f8e71fc1f0412b0d6","BELO HORIZONTE","MG","-19.926410099853378","-43.94586443137011","98","96","11002.89","4.12","97","0.10","13.05","7","27.01","0.07","50.45","Toxic"
"f5fea3ffed6c2e889bab72705557c63a","RIO DE JANEIRO","RJ","-22.811121030063198","-43.326212799077666","3","1","1059.90","3.67","3","0.33","28.70","1","1.70","1.00",NULL,"Insufficient Data"
"d2572f31e9023e9850ef986a636ff9bf","BELO HORIZONTE","MG","-19.977377243819184","-44.020640830064714","1","1","279.00","5.00","1","0.00","10.13","0",NULL,"0.00",NULL,"Insufficient Data"
"4c18691b6037662be2df78a765d98ab5","SAO PAULO","SP","-23.555744904272135","-46.594607877507244","63","63","3195.52","3.87","63","0.14","9.24","5","5.61","0.08","35.25","Toxic"
"1c40343cc5d18c2d8248ac2f3366de34","LIMEIRA","SP","-22.579985822110903","-47.42866004567682","21","21","2461.41","4.62","21","0.00","7.48","2","1.10","0.10","73.19","Good"
"63b464dbf392c7b80d12d932fa7cafed","SAO PAULO","SP","-23.504072876495652","-46.62414421625581","37","36","6781.00","3.78","37","0.19","13.08","2","15.78","0.06","29.81","Toxic"
"4b98b0428fc1932cc2514ef9ce2505e6","TABOAO DA SERRA","SP","-23.613029598605625","-46.79742955757189","2","2","327.63","2.00","2","0.50","22.58","1","11.77","0.50",NULL,"Insufficient Data"
"f9a02f1922d1de564392e656d82b3fda","FERRAZ DE VASCONCELOS","SP","-23.539476765497852","-46.35846761483803","1","0","125.90","4.00","1","0.00",NULL,"0",NULL,NULL,NULL,"Insufficient Data"
"39d54ff918774174706fb065d7f9dc07","SAO PAULO","SP","-23.62580726066514","-46.58637622896061","23","22","1593.59","3.91","23","0.22","13.90","3","2.63","0.14","15.28","Toxic"
"2235cf78d3e2073a88146a9cb60f0dd0","SAO PAULO","SP","-23.597787481892404","-46.68397116792927","1","1","178.99","5.00","1","0.00","14.22","0",NULL,"0.00",NULL,"Insufficient Data"
"8fbe2ee446b97e128471be4ce983dc0d","SOROCABA","SP","-23.419167901610297","-47.41672110932448","3","3","148.50","3.00","3","0.00","8.10","1","7.65","0.33",NULL,"Insufficient Data"
"acadd4d36859671cb635527c6c977533","SANTA ROSA DE VITERBO","SP","-21.483488699983003","-47.36865063485141","12","12","2381.00","4.25","12","0.08","17.89","2","28.55","0.17",NULL,"Insufficient Data"
"e48cc16ab70bfa09e1401740dce0b3d7","ARACATUBA","SP","-21.232308702656155","-50.46392319046967","14","14","1084.83","3.57","14","0.21","14.69","1","0.69","0.07",NULL,"Insufficient Data"
"f650a9708fa1bab22bdd8d3a818cc415","ARARANGUA","SC","-28.94404446884375","-49.49918340607663","5","4","507.75","3.40","5","0.40","15.33","0",NULL,"0.00",NULL,"Insufficient Data"
"3df020b72d3d44b3af9d110fa3940b65","JALES","SP","-20.280018460507247","-50.55143504638969","55","55","5039.90","4.05","55","0.13","13.43","7","3.62","0.13","31.45","Toxic"
"6b90f847357d8981edd79a1eb1bf0acb","GUARULHOS","SP","-23.405071357071822","-46.47090013741645","45","45","3322.08","4.36","45","0.07","5.58","2","0.41","0.04","72.25","Good"
"b92e3c8f9738272ff7c59e111e108d7c","UBA","MG","-21.124876951863786","-42.92677954827477","62","62","8231.09","4.16","62","0.13","16.73","2","9.15","0.03","51.74","Toxic"
"5cf13accae3222c70a9cac40818ae839","PATOS DE MINAS","MG","-18.595141030878874","-46.51867937098783","149","148","14383.20","4.45","148","0.07","10.70","5","6.06","0.03","79.52","Excellent"
"88cd3681e0a2ba85e190f7d817629c4c","BRUSQUE","SC","-27.10967259774644","-48.92661183682271","1","1","180.00","4.00","1","0.00","7.02","0",NULL,"0.00",NULL,"Insufficient Data"
"2953ce3a88f5e3c3b696d77fc9e4c8eb","SAO PAULO","SP","-23.591459186919497","-46.61394648682921","14","14","470.00","4.64","14","0.07","8.23","3","1.86","0.21",NULL,"Insufficient Data"
"74a9b9bddf14ece02beb81f52c41a88d","SAO PAULO","SP","-23.52892113830292","-46.66643724514503","2","2","95.00","3.50","2","0.00","12.17","0",NULL,"0.00",NULL,"Insufficient Data"
"aa2640d851ec322526f1295bbeb20092","SAO PAULO","SP","-23.52892113830292","-46.66643724514503","1","1","159.98","3.00","1","0.00","3.96","0",NULL,"0.00",NULL,"Insufficient Data"
"c4d51195486dc781531876a7d00453d8","PRESIDENTE PRUDENTE","SP","-22.110680580939565","-51.399092120481306","17","17","11468.98","3.94","17","0.00","23.73","5","9.70","0.29",NULL,"Insufficient Data"
"fa74b2f3287d296e9fbd2cc80f2d1cf1","PRESIDENTE PRUDENTE","SP","-22.110680580939565","-51.399092120481306","11","5","2459.89","2.36","11","0.64","30.38","2","13.73","0.40",NULL,"Insufficient Data"
"95cca791657aabeff15a07eb152d7841","PALOTINA","PR","-24.28579720485287","-53.83767755670335","1","1","9.99","5.00","1","0.00","3.72","0",NULL,"0.00",NULL,"Insufficient Data"
"6e4a902d1054e4e17aa6eab87fac1c75","SOROCABA","SP","-23.481599635478858","-47.448214832826","7","7","586.57","4.14","7","0.00","6.74","2","2.52","0.29",NULL,"Insufficient Data"
"3faf68a3b0af94b10bac70d86077be49","HOLAMBRA","SP","-22.633046009436132","-47.05260391223774","7","7","1322.93","4.57","7","0.00","16.16","0",NULL,"0.00",NULL,"Insufficient Data"
"373ee4a3a775a733770ca3f790b8b9ac","RIO DE JANEIRO","RJ","-23.000618991095703","-43.40471828456727","13","13","2141.49","3.92","13","0.23","10.01","1","14.41","0.08",NULL,"Insufficient Data"
"bab0a8cd684e41ba6e2637dca0979d3b","RIO DE JANEIRO","RJ","-23.000618991095703","-43.40471828456727","1","1","269.90","5.00","1","0.00","13.32","0",NULL,"0.00",NULL,"Insufficient Data"
"4342d4b2ba6b161468c63a7e7cfce593","RIO DE JANEIRO","RJ","-23.000618991095703","-43.40471828456727","20","2","2867.10","1.26","19","0.89","15.68","1","6.82","0.50",NULL,"Insufficient Data"
"f9eedec3129e8cc6b6429c42d0808c5b","RIO DE JANEIRO","RJ","-23.000618991095703","-43.40471828456727","2","2","789.80","4.50","2","0.00","6.76","0",NULL,"0.00",NULL,"Insufficient Data"
"f26d70155c2b6326fcfa1780c8c684e4","PRESIDENTE GETULIO","SC","-27.050238879786903","-49.62755144977645","1","1","202.89","5.00","1","0.00","8.90","0",NULL,"0.00",NULL,"Insufficient Data"
"6d66611d7c44cc30ce351abc49a68421","SAO PAULO","SP","-23.64963226834314","-46.660664707788754","166","164","13593.40","3.95","164","0.11","12.03","10","6.70","0.06","47.02","Toxic"
"980640c45d7a4635885491d077167e4d","RIO CLARO","SP","-22.425778361057315","-47.56043670032239","14","14","1004.29","4.64","14","0.00","7.61","1","1.05","0.07",NULL,"Insufficient Data"
"d71d863e5ef30d94e440c11be17dcd8f","OSASCO","SP","-23.566932612528717","-46.80093561012175","29","23","11900.90","2.96","26","0.38","19.16","3","11.92","0.13","12.19","Toxic"
"dd533b429f380718b70ad9922c294bae","BARRETOS","SP","-20.53893016309682","-48.55891073056783","41","39","2819.77","3.78","41","0.17","17.28","5","12.69","0.13","14.40","Toxic"
"26e13b6ff5b641b329e5524241ee2c93","FRANCA","SP","-20.52861928433882","-47.38740999652931","4","4","119.70","4.00","4","0.25","6.64","0",NULL,"0.00",NULL,"Insufficient Data"
"a6fe7de3d16f6149ffe280349a8535a0","FRANCA","SP","-20.52861928433882","-47.38740999652931","51","50","2904.80","3.98","50","0.12","14.98","8","6.42","0.16","24.73","Toxic"
"86bb7c4b535e49a541baf3266b1c95b1","FRANCA","SP","-20.52861928433882","-47.38740999652931","16","16","8162.40","3.20","15","0.20","20.14","3","31.17","0.19",NULL,"Insufficient Data"
"a066df7361163e7ddc5d7452dd17448b","FRANCA","SP","-20.52861928433882","-47.38740999652931","15","15","1078.30","4.40","15","0.07","15.74","3","4.90","0.20",NULL,"Insufficient Data"
"7202e2ba20579a9bd1acb29e61fe71f6","FRANCA","SP","-20.52861928433882","-47.38740999652931","53","51","12750.50","3.87","52","0.13","13.34","3","5.72","0.06","39.85","Toxic"
"6750d71153f00fc58829af2a8ef1bcf1","RIO BONITO","RJ","-22.71192787043256","-42.630041139512336","6","6","3514.00","4.17","6","0.17","9.52","0",NULL,"0.00",NULL,"Insufficient Data"
"52a52b9f656520e99716f5bc40f661c8","SAO CARLOS","SP","-22.06005137835411","-47.90246169158985","7","7","783.10","4.00","7","0.14","10.71","0",NULL,"0.00",NULL,"Insufficient Data"
"2cb98e27ce1c18abdb42209b34c382a7","RIBEIRAO PRETO","SP","-21.165898166464302","-47.797969175658075","1","1","62.49","4.00","1","0.00","19.06","0",NULL,"0.00",NULL,"Insufficient Data"
"11bfa66332777660bd0640ee84d47006","RIBEIRAO PRETO","SP","-21.165898166464302","-47.797969175658075","76","76","3925.87","3.89","76","0.14","16.53","12","11.02","0.16","19.94","Toxic"
"ebe3dabc4955c9b0d695e7bda38bf5c3","RIBEIRAO PRETO","SP","-21.165898166464302","-47.797969175658075","1","1","55.00","3.00","1","0.00","23.45","1","4.09","1.00",NULL,"Insufficient Data"
"17e34d8224d27a541263c4c64b11a56b","RIBEIRAO PRETO","SP","-21.165898166464302","-47.797969175658075","255","247","56363.24","4.19","253","0.10","14.27","21","11.58","0.09","51.92","Watchlist"
"a080fc8a850289b27500f6b49cca2553","SAO PAULO","SP","-23.579998075392687","-46.53127968561287","4","4","383.00","4.75","4","0.00","5.42","0",NULL,"0.00",NULL,"Insufficient Data"
"9a84ba99f5367fdbd4598363496f1ea2","LUZIANIA","GO","-16.262499271866016","-47.9564599598078","16","15","2284.98","3.63","16","0.19","10.51","0",NULL,"0.00",NULL,"Insufficient Data"
"dc64d75cc406bb0697be983831430e60","BELO HORIZONTE","MG","-19.838499894736245","-43.97441181935802","4","4","813.00","4.75","4","0.00","10.22","0",NULL,"0.00",NULL,"Insufficient Data"
"c3e2398fcc7e581cda2e546557bf6968","SAO PAULO","SP","-23.686303077405277","-46.70451270808692","1","1","14.90","5.00","1","0.00","11.84","0",NULL,"0.00",NULL,"Insufficient Data"
"bb2afe2061d53c6968aa0cffa233a8ec","SAO PAULO","SP","-23.623679467120166","-46.63685006584126","5","5","549.40","4.80","5","0.00","4.43","0",NULL,"0.00",NULL,"Insufficient Data"
"293dee954235e4e4e43f129313625ebe","TAGUATINGA","DF","-15.813120200273898","-48.06773447506375","8","8","1778.92","5.00","8","0.00","14.44","0",NULL,"0.00",NULL,"Insufficient Data"
"402916f742e5c740cc751493d9cf5053","GUANHAES","MG","-18.775765183946625","-42.931661997204785","9","9","1252.00","4.67","9","0.00","6.39","0",NULL,"0.00",NULL,"Insufficient Data"
"d97df38225e5abadaff1e72cb72b823c","SAO CAETANO DO SUL","SP","-23.632642413705785","-46.55438133370326","29","28","1846.00","3.93","27","0.15","12.15","5","10.06","0.18","20.17","Toxic"
"df91910b6a03bb2e3358fa6a35e32f6f","SAO CAETANO DO SUL","SP","-23.632642413705785","-46.55438133370326","14","13","2312.10","4.36","14","0.07","9.20","0",NULL,"0.00",NULL,"Insufficient Data"
"2a73cba571d90c694b7caca072ccf6ce","SAO CAETANO DO SUL","SP","-23.632642413705785","-46.55438133370326","1","1","342.78","5.00","1","0.00","21.33","1","0.72","1.00",NULL,"Insufficient Data"
"b248792ac0b60ec3f93d80af1b4fae47","SAO CAETANO DO SUL","SP","-23.632642413705785","-46.55438133370326","7","7","454.50","3.86","7","0.14","6.65","1","1.46","0.14",NULL,"Insufficient Data"
"20b54c376b794ed028df09a3cd88e8dc","SAO CAETANO DO SUL","SP","-23.632642413705785","-46.55438133370326","11","7","1342.95","3.00","11","0.36","21.16","2","11.73","0.29",NULL,"Insufficient Data"
"c26ba52cf8d2f34915f2f6b7ffa0a3f3","RIO DE JANEIRO","RJ","-22.84251003329592","-43.35349069066134","4","3","125.96","4.00","4","0.25","7.72","0",NULL,"0.00",NULL,"Insufficient Data"
"961dff0a659b4561334372337dd897d9","RIO DE JANEIRO","RJ","-22.84251003329592","-43.35349069066134","4","3","9946.00","3.75","4","0.25","20.52","2","0.69","0.67",NULL,"Insufficient Data"
"d4828feed4cda2cd9d6b37899a95a71e","JUAZEIRO DO NORTE","CE","-7.214522842391537","-39.30961254620596","1","1","39.90","2.00","1","0.00","13.51","0",NULL,"0.00",NULL,"Insufficient Data"
"b37c4c02bda3161a7546a4e6d222d5b2","SAO PAULO","SP","-23.53130694915166","-46.49479455810049","4","4","24075.00","2.25","4","0.50","18.67","1","0.61","0.25",NULL,"Insufficient Data"
"443d880f15cbd3572885e1d44bf2c478","MARILIA","SP","-22.20342137980158","-49.95906782582629","1","1","94.80","2.00","1","0.00","12.40","0",NULL,"0.00",NULL,"Insufficient Data"
"3ef37b7ca6dd2b80bd8af81a62504996","SAO PAULO","SP","-23.57499644597807","-46.68887938403563","2","2","700.00","4.50","2","0.00","14.35","0",NULL,"0.00",NULL,"Insufficient Data"
"c522be04e020c1e7b79f3acff36513d5","SANTANA DE PARNAIBA","SP","-23.44402867248359","-46.915509131360864","7","6","739.93","3.57","7","0.29","15.65","2","2.11","0.33",NULL,"Insufficient Data"
"1746c1ae87ac63d530c7c943d0ac42e2","SANTANA DE PARNAIBA","SP","-23.44402867248359","-46.915509131360864","1","1","229.90","5.00","1","0.00","23.02","0",NULL,"0.00",NULL,"Insufficient Data"
"b26741d31a563d769b4af0465ab20c56","FLORIPA","SC","-27.58108461718554","-48.43113600826772","2","2","648.00","4.00","2","0.00","12.69","0",NULL,"0.00",NULL,"Insufficient Data"
"f8db351d8c4c4c22c6835c19a46f01b0","SALTO","SP","-23.20947127891648","-47.30922889223852","667","659","50525.60","4.24","663","0.07","9.87","34","6.71","0.05","71.06","Good"
"b1b3948701c5c72445495bd161b83a4c","SAO PAULO","SP","-23.59238680342522","-46.5258195277054","18","14","24699.19","1.72","18","0.78","23.40","9","10.76","0.64",NULL,"Insufficient Data"
"5d043cd5512d4bd2f88e5ccdd5736c38","SAO PAULO","SP","-23.508133433645856","-46.67378854079601","1","1","650.00","2.00","1","0.00","9.57","0",NULL,"0.00",NULL,"Insufficient Data"
"ec2e006556300a79a5a91e4876ab3a56","SAO PAULO","SP","-23.54876817034105","-46.52872608862627","4","2","125.20","1.25","4","0.75","13.51","1","12.65","0.50",NULL,"Insufficient Data"
"d1582f4043306e6b91afa6a8a884f898","SAO PAULO","SP","-23.54876817034105","-46.52872608862627","9","9","990.00","4.11","9","0.11","12.11","1","10.01","0.11",NULL,"Insufficient Data"
"4d600e08ecbe08258c79e536c5a42fee","ENTRE RIOS DO OESTE","PR","-24.702966464945906","-54.237447997437705","8","7","4465.34","4.00","8","0.25","12.93","0",NULL,"0.00",NULL,"Insufficient Data"
"d06d019f72a04e5497a0b64190af170c","COTIA","SP","-23.5967323436023","-46.911993699686796","17","17","2415.93","4.53","17","0.06","8.50","1","0.79","0.06",NULL,"Insufficient Data"
"e24d3429d294b2eb200b064ebb035879","SAO PAULO","SP","-23.5337980107779","-46.51787272388275","19","19","1878.58","4.26","19","0.11","7.71","1","8.80","0.05",NULL,"Insufficient Data"
"39f776d2974049026ff531fc42ef2a3e","GOIANIA","GO","-16.715788940090025","-49.27402612240441","3","3","1084.04","3.67","3","0.33","16.38","0",NULL,"0.00",NULL,"Insufficient Data"
"ed8cb7b190ceb6067227478e48cf8dde","SANTOS","SP","-23.95315331127148","-46.31920772096947","15","15","573.50","3.40","15","0.13","7.31","1","3.42","0.07",NULL,"Insufficient Data"
"13f57c12a00ed4610db646b913a7f5c6","SANTOS","SP","-23.95315331127148","-46.31920772096947","7","7","645.20","4.86","7","0.00","12.38","1","2.53","0.14",NULL,"Insufficient Data"
"b76a1f8356322f12529c37b67d5c96c2","SANTOS","SP","-23.95315331127148","-46.31920772096947","5","5","298.50","4.80","5","0.00","7.47","0",NULL,"0.00",NULL,"Insufficient Data"
"c3acdfac4e3e97ff87529454fbc03642","SAO PAULO","SP","-23.625845549610307","-46.72115930997517","12","12","16788.00","4.25","12","0.08","11.16","1","3.89","0.08",NULL,"Insufficient Data"
"57e632711dec9ec14ca7546769483e7e","NAVEGANTES","SC","-26.843431219270787","-48.63491566536206","62","62","6350.06","4.42","62","0.03","10.93","0",NULL,"0.00","84.31","Excellent"
"282f23a9769b2690c5dda22e316f9941","BELO HORIZONTE","MG","-19.810952280668243","-43.98998650424638","99","98","6505.08","4.33","99","0.04","11.22","5","8.16","0.05","72.58","Good"
"e4f121bf6ef8b9a1d4d3e65dd0473fab","SAO JOSE DO RIO PRETO","SP","-20.836208821802998","-49.388070956996046","2","2","70.00","3.00","2","0.50","21.34","1","13.98","0.50",NULL,"Insufficient Data"
"0307f7565ff85b299b6e5ef162b1b1a9","SAO JOSE DO RIO PRETO","SP","-20.836208821802998","-49.388070956996046","7","6","4728.80","3.14","7","0.29","15.20","0",NULL,"0.00",NULL,"Insufficient Data"
"5c3460cd3e8a984382ae254e7dd20d9f","SAO JOSE DO RIO PRETO","SP","-20.836208821802998","-49.388070956996046","9","9","775.76","4.67","9","0.00","9.91","0",NULL,"0.00",NULL,"Insufficient Data"
"5d3bb11474a06bdc23fb9e89f1164ee0","ASSIS","SP","-22.663902111270875","-50.43581803310741","31","31","3654.60","3.90","31","0.13","9.80","1","8.99","0.03","46.89","Toxic"
"69a43819c758c65a5befb0b471c954d7","APUCARANA","PR","-23.569465190152847","-51.46762547683917","2","2","299.85","4.00","2","0.00","12.99","0",NULL,"0.00",NULL,"Insufficient Data"
"4de6e4ba574aa9dfdc824bc44dc47fdd","COLOMBO","PR","-25.347457401819998","-49.22194220493234","14","14","451.10","4.07","14","0.14","9.37","1","3.55","0.07",NULL,"Insufficient Data"
"58e4b302b54937e55a678c4d15111da4","COLOMBO","PR","-25.347457401819998","-49.22194220493234","3","1","279.79","2.33","3","0.67","7.16","0",NULL,"0.00",NULL,"Insufficient Data"
"dcf3755cefcdc158ad0b7bdde51e871b","CACHOEIRA DO SUL","RS","-30.02314354706517","-52.91233224127847","3","3","269.70","4.00","2","0.00","13.25","0",NULL,"0.00",NULL,"Insufficient Data"
"8e4f041ff58e7845456d3482524014b3","PORTO ALEGRE","RS","-29.981609930830217","-51.18858636594551","2","2","133.80","3.00","2","0.50","24.08","1","5.81","0.50",NULL,"Insufficient Data"
"05ca864204d09595ae591b93ea9cf93d","BARUERI","SP","-23.498520694082114","-46.85053707630062","1","1","179.90","5.00","1","0.00","5.17","1","0.56","1.00",NULL,"Insufficient Data"
"0873d9f8f36123f8d910f4760e788cfb","BARUERI","SP","-23.498520694082114","-46.85053707630062","6","6","7265.59","3.17","6","0.33","13.13","3","3.14","0.50",NULL,"Insufficient Data"
"ad738d3fcf42655ed15c4960b7b6c601","NOVO HAMBURGO","RS","-29.72109743779502","-51.11451402023661","1","0","65.00","1.00","1","1.00",NULL,"0",NULL,NULL,NULL,"Insufficient Data"
"dedcab67899479e4ea5dcc4eba47f587","JARAGUA DO SUL","SC","-26.49158091570477","-49.052080771769766","2","2","84.00","4.50","2","0.00","5.56","0",NULL,"0.00",NULL,"Insufficient Data"
"c240c4061717ac1806ae6ee72be3533b","RIO DE JANEIRO","RJ","-22.895244859672278","-43.231902550437","1","1","59.90","4.00","1","0.00","6.06","0",NULL,"0.00",NULL,"Insufficient Data"
"e64ddbe1cbcf4f2fc3092b7c481f3f9d","SAO PAULO","SP","-23.535836992959126","-46.523108636005084","1","1","20.90","5.00","1","0.00","5.51","0",NULL,"0.00",NULL,"Insufficient Data"
"c003204e1ab016dfa150abc119207b24","CAJAMAR","SP","-23.370879147900865","-46.847968328958586","197","195","25108.09","4.45","196","0.05","9.63","13","9.96","0.07","76.68","Good"
"07e8e8fc5222bb358e6f259da3197074","SAO PAULO","SP","-23.5966919223351","-46.60051741534707","2","2","51.80","4.00","2","0.00","8.64","0",NULL,"0.00",NULL,"Insufficient Data"
"02c988090b766852e088c69d7fb3b551","AMERICANA","SP","-22.720625330101438","-47.307236879847224","13","12","1618.65","4.58","12","0.08","9.48","0",NULL,"0.00",NULL,"Insufficient Data"
"0ed6ce5d87fd9c69eaacaeb778d67235","AMERICANA","SP","-22.720625330101438","-47.307236879847224","43","42","2141.42","4.40","42","0.02","16.00","6","10.06","0.14","53.75","Watchlist"
"2f3d8b4c9e2ee165075331fea3f3095a","SAO JOSE","SC","-27.582219125919796","-48.6665819836296","1","1","130.00","5.00","1","0.00","12.33","0",NULL,"0.00",NULL,"Insufficient Data"
"f8f35af4634605e6693c17cc3ffff5a8","CAMPANHA","MG","-21.834793738633515","-45.40188042460608","1","1","90.00","5.00","1","0.00","10.14","0",NULL,"0.00",NULL,"Insufficient Data"
"e53d5b9b29d1218281f4a907ada18626","TOLEDO","PR","-24.71838580705301","-53.75896263028575","4","4","350.67","4.75","4","0.00","6.51","0",NULL,"0.00",NULL,"Insufficient Data"
"1caf283236cd69af44cbc09a0a1e7d32","NOVA IGUACU","RJ","-22.733077865046628","-43.449613878629094","33","33","917.60","4.61","33","0.06","13.81","3","25.32","0.09","61.32","Watchlist"
"63ffcb71394dd8ea3872ed9ffda17c74","ITABORAI","RJ","-22.754117583287925","-42.88883553024611","17","17","399.00","3.18","17","0.29","13.25","1","27.61","0.06",NULL,"Insufficient Data"
"39c763cca83e654764b7a4a650fb9b7c","GOIANIA","GO","-16.651041561786954","-49.26760960542054","11","11","761.00","3.82","11","0.27","13.49","2","11.85","0.18",NULL,"Insufficient Data"
"7ecd59e5e20407131822c1a68ac59c1f","BRASILIA","DF","-15.786283585240913","-47.88911797837573","24","24","1466.71","4.42","24","0.04","17.21","4","5.53","0.17","50.25","Toxic"
"b86a47b3366e3b5424a7b225781f4908","PASSOS","MG","-20.719638211559772","-46.60484852857177","1","1","86.50","3.00","1","0.00","14.26","0",NULL,"0.00",NULL,"Insufficient Data"
"66922902710d126a0e7d26b0e3805106","BELO HORIZONTE","MG","-19.837681557260552","-43.92405254267353","151","150","14362.30","4.47","150","0.04","11.32","11","6.61","0.07","75.46","Good"
"725c32fa80c2faacc4fc88450d27314e","SAO PAULO","SP","-23.54653037890357","-46.56533761884632","89","89","7838.88","4.52","87","0.01","9.41","1","21.37","0.01","88.04","Excellent"
"28c7d8743fbc8679f484868cc0fcaefb","ITAPORANGA","SP","-23.705464946211737","-49.486363478017985","3","3","201.50","5.00","3","0.00","13.52","0",NULL,"0.00",NULL,"Insufficient Data"
"2eb70248d66e0e3ef83659f71b244378","CAMPINAS","SP","-22.91402000604271","-47.01353540823247","202","187","42628.61","2.69","198","0.40","18.01","26","7.33","0.14","13.65","Toxic"
"8cf21434553b02cbd37c0bbd07e041b0","SAO JOSE","SC","-27.595808214718847","-48.61619711429363","2","1","94.98","2.50","2","0.50","11.21","0",NULL,"0.00",NULL,"Insufficient Data"
"b9a03475e6447e631b6799ec8274800f","FORMOSA DO OESTE","PR","-24.296024477069246","-53.3145970174448","10","10","1349.10","4.20","10","0.10","10.85","0",NULL,"0.00",NULL,"Insufficient Data"
"7d76b645482be4a332374e8223836592","SAO PAULO","SP","-23.561456812728604","-46.63294793571506","176","172","3843.93","3.96","174","0.10","13.63","20","8.36","0.12","33.08","Toxic"
"4bc3d93e4a5f88a598d3d8ce4ae510b3","SAO PAULO","SP","-23.613023583846296","-46.684823146028684","1","0","169.00","1.00","1","1.00",NULL,"0",NULL,NULL,NULL,"Insufficient Data"
"7a241947449cc45dbfda4f9d0798d9d0","JACUTINGA","MG","-22.288146664323694","-46.61190091318774","62","56","8027.63","3.87","61","0.15","13.22","4","5.95","0.07","33.73","Toxic"
"198c7ea11960a9844b544d9bcdca860c","JACUTINGA","MG","-22.288146664323694","-46.61190091318774","25","25","1733.75","3.88","25","0.20","14.51","3","6.94","0.12","16.59","Toxic"
"7ecef8194babfec876ca720714327841","CAMPINAS","SP","-22.91958123617072","-47.05723143749277","7","7","990.50","4.29","7","0.00","10.14","1","0.84","0.14",NULL,"Insufficient Data"
"436bf27f2f18474fc6047702e9f8a866","CAMPINAS","SP","-22.91958123617072","-47.05723143749277","1","1","29.90","5.00","1","0.00","19.17","0",NULL,"0.00",NULL,"Insufficient Data"
"a7ecf689b40a44361e259b28939023e4","VILA VELHA","ES","-20.371280369661125","-40.30721837760812","1","1","389.00","5.00","1","0.00","10.92","0",NULL,"0.00",NULL,"Insufficient Data"
"7681ef142fd2c19048da7430856b5588","GUARULHOS","SP","-23.449907338966874","-46.562949176503835","59","58","31941.81","4.17","58","0.10","10.56","8","9.65","0.14","48.62","Toxic"
"3c03b12bab54d8b37d79d914bfdb1aa0","SAO JOAO DE MERITI","RJ","-22.76860148071074","-43.37689328166565","37","37","4236.34","3.83","36","0.19","13.62","6","10.07","0.16","15.85","Toxic"
"ce33c6211beaa8fef4cae8b52db39862","SUZANO","SP","-23.5938127383662","-46.30568570187292","1","1","49.00","3.00","1","0.00","18.73","0",NULL,"0.00",NULL,"Insufficient Data"
"0ad80de75c811326389cfb1daba7d45e","RIO DE JANEIRO","RJ","-22.92401542829237","-43.213547671608914","6","6","1449.40","5.00","5","0.00","9.00","0",NULL,"0.00",NULL,"Insufficient Data"
"6481e96574816ead57975da2c0f6d80d","SOROCABA","SP","-23.433547523156015","-47.50917936639681","32","32","3324.90","4.19","32","0.06","6.95","1","1.96","0.03","69.88","Good"
"2addf05f476d0637864454e93ba673d5","BRASILIA","DF","-15.761386740900729","-47.87892317594594","12","12","4552.00","5.00","12","0.00","10.40","0",NULL,"0.00",NULL,"Insufficient Data"
"d6cd01c59123df02fc226eadbadb5f89","SAO PAULO","SP","-23.53917556013519","-46.63865415001012","2","1","244.90","3.00","2","0.50","18.50","0",NULL,"0.00",NULL,"Insufficient Data"
"c13ef0cfbe42f190780f621ce81f2234","SAO PAULO","SP","-23.53917556013519","-46.63865415001012","1","1","390.00","3.00","1","0.00","28.06","1","6.63","1.00",NULL,"Insufficient Data"
"11d4c477d09821164bca4f70a2eae031","RIBEIRAO PRETO","SP","-21.14024484395253","-47.79106291848944","3","3","83.04","5.00","3","0.00","6.99","0",NULL,"0.00",NULL,"Insufficient Data"
"9d69ba0a7a626a64dc5db08e529559cf","RIBEIRAO PRETO","SP","-21.14024484395253","-47.79106291848944","1","1","19.30","5.00","1","0.00","13.86","0",NULL,"0.00",NULL,"Insufficient Data"
"76c47a299e4a8fe992316a85865acbe9","RIBEIRAO PRETO","SP","-21.14024484395253","-47.79106291848944","6","6","1024.46","4.67","6","0.00","20.24","2","17.67","0.33",NULL,"Insufficient Data"
"fcdd820084f17e9982427971e4e9d47f","RIBEIRAO PRETO","SP","-21.14024484395253","-47.79106291848944","16","16","4783.99","3.94","16","0.13","12.60","2","7.94","0.13",NULL,"Insufficient Data"
"5ef131ac72773e5b3f6c0d63cf424657","RIBEIRAO PRETO","SP","-21.14024484395253","-47.79106291848944","10","10","575.79","4.10","10","0.20","5.93","0",NULL,"0.00",NULL,"Insufficient Data"
"b4f8921fcc4ff77b66bea6dda43dcd51","CAXIAS DO SUL","RS","-29.160194449589294","-51.18925939305335","18","18","11395.05","4.56","18","0.06","7.79","1","1.82","0.06",NULL,"Insufficient Data"
"79ee721b6f766066a80264402548d359","BAURU","SP","-22.331883449900115","-49.05375155524552","2","0","538.00","1.00","2","1.00",NULL,"0",NULL,NULL,NULL,"Insufficient Data"
"e59aa562b9f8076dd550fcddf0e73491","CURITIBA","PR","-25.43724984091198","-49.21243592752115","70","69","31574.30","4.21","70","0.10","14.03","7","8.78","0.10","50.85","Toxic"
"71593c7413973a1e160057b80d4958f6","SAO PAULO","SP","-23.543388118202344","-46.55095501603786","2","2","299.50","3.00","2","0.50","9.13","0",NULL,"0.00",NULL,"Insufficient Data"
"483ca627d131e18f988349b1655c0acd","MOGI-MIRIM","SP","-22.437244497585272","-46.96545705034646","1","1","264.00","5.00","1","0.00","15.34","0",NULL,"0.00",NULL,"Insufficient Data"
"7f7b8245c336066a1f9933c359f11d77","MOGI-MIRIM","SP","-22.437244497585272","-46.96545705034646","38","38","2094.36","4.55","38","0.05","8.17","1","10.56","0.03","80.52","Excellent"
"6e13dd869aa7185f601c941423abcc8f","SAO PAULO","SP","-23.528383826116404","-46.73995425532672","5","5","522.00","4.80","5","0.00","4.28","0",NULL,"0.00",NULL,"Insufficient Data"
"3d3ccf2b2f8134b10dce9dd446f0e075","IBITINGA","SP","-21.757320637712755","-48.82974353343715","3","3","608.60","3.33","3","0.33","16.77","1","13.65","0.33",NULL,"Insufficient Data"
"422be4cc81a457fdb46f47edeb968ae5","IBITINGA","SP","-21.757320637712755","-48.82974353343715","1","1","239.90","5.00","1","0.00","18.14","0",NULL,"0.00",NULL,"Insufficient Data"
"b2479f944e1b90cf8a5de1bbfde284d6","IBITINGA","SP","-21.757320637712755","-48.82974353343715","103","101","4752.51","3.45","102","0.25","15.40","14","9.91","0.14","11.14","Toxic"
"2d50d6282f8aa2257819a77bfaa0efe0","IBITINGA","SP","-21.757320637712755","-48.82974353343715","44","42","3353.48","3.70","44","0.18","13.65","6","6.76","0.14","14.75","Toxic"
"004c9cd9d87a3c30c522c48c4fc07416","IBITINGA","SP","-21.757320637712755","-48.82974353343715","158","156","19712.71","4.15","155","0.08","14.81","13","8.91","0.08","52.85","Watchlist"
"a3e9a2c700480d9bb01fba070ba80a0e","IBITINGA","SP","-21.757320637712755","-48.82974353343715","130","129","13440.80","4.00","128","0.14","13.22","13","6.89","0.10","36.06","Toxic"
"1dc2de47ee26a0a5b12dc14fd6dc0dea","IBITINGA","SP","-21.757320637712755","-48.82974353343715","25","25","1670.30","4.56","25","0.00","14.61","3","1.13","0.12","60.88","Watchlist"
"0176f73cc1195f367f7b32db1e5b3aa8","IBITINGA","SP","-21.757320637712755","-48.82974353343715","38","37","4733.10","4.08","38","0.11","13.25","4","16.59","0.11","37.37","Toxic"
"0336182e1b3e92f029d5354832045fdf","IBITINGA","SP","-21.757320637712755","-48.82974353343715","1","1","29.80","2.00","1","0.00","13.06","0",NULL,"0.00",NULL,"Insufficient Data"
"391fc6631aebcf3004804e51b40bcf1e","IBITINGA","SP","-21.757320637712755","-48.82974353343715","526","521","39951.95","4.04","523","0.11","14.42","54","8.64","0.10","41.90","Toxic"
"723cd880edaacdb998898b67c8f9da30","IBITINGA","SP","-21.757320637712755","-48.82974353343715","11","11","2136.53","4.09","11","0.18","9.96","1","4.75","0.09",NULL,"Insufficient Data"
"d673a59aac7a70d8b01e6902bf090a11","IBITINGA","SP","-21.757320637712755","-48.82974353343715","79","79","3908.94","3.91","79","0.13","14.12","8","10.57","0.10","29.28","Toxic"
"9d213f303afae4983637247556438ede","IBITINGA","SP","-21.757320637712755","-48.82974353343715","2","2","47.70","5.00","2","0.00","7.04","0",NULL,"0.00",NULL,"Insufficient Data"
"640e21a7d01df7614a3b4923e990d40c","IBITINGA","SP","-21.757320637712755","-48.82974353343715","116","115","7598.88","4.30","116","0.08","10.32","8","16.68","0.07","63.05","Watchlist"
"9ef932e837d8b7f392c0bfee9d359dc2","IBITINGA","SP","-21.757320637712755","-48.82974353343715","1","1","59.90","3.00","1","0.00","36.47","1","9.00","1.00",NULL,"Insufficient Data"
"747c1cdcd1737dcfbd1547f6eb6f2cf3","IBITINGA","SP","-21.757320637712755","-48.82974353343715","2","2","193.10","2.50","2","0.50","15.14","0",NULL,"0.00",NULL,"Insufficient Data"
"951e8cef368f09bb3f3d03c00ca4702c","IBITINGA","SP","-21.757320637712755","-48.82974353343715","64","62","4092.29","4.08","61","0.13","9.41","5","5.58","0.08","43.54","Toxic"
"7ad32824caee82087b3e2e5f33b1bf32","IBITINGA","SP","-21.757320637712755","-48.82974353343715","151","147","22505.10","3.84","148","0.15","12.12","21","7.67","0.14","27.59","Toxic"
"5b0cc932433fa5184b5b94bfe6bcc256","IBITINGA","SP","-21.757320637712755","-48.82974353343715","12","12","1437.80","3.58","12","0.08","11.84","3","5.56","0.25",NULL,"Insufficient Data"
"7d7d2b7a51328016102d4528c411d630","IBITINGA","SP","-21.757320637712755","-48.82974353343715","7","7","918.80","4.14","7","0.14","10.28","1","5.59","0.14",NULL,"Insufficient Data"
"d2374cbcbb3ca4ab1086534108cc3ab7","IBITINGA","SP","-21.757320637712755","-48.82974353343715","524","514","21223.92","3.76","518","0.14","14.61","30","7.01","0.06","35.47","Toxic"
"1dfe5347016252a7884b694d4f10f5c4","IBITINGA","SP","-21.757320637712755","-48.82974353343715","21","20","1693.50","3.40","20","0.30","18.91","5","7.72","0.25","3.14","Toxic"
"602044f2c16190c2c6e45eb35c2e21cb","IBITINGA","SP","-21.757320637712755","-48.82974353343715","50","48","3739.16","3.18","49","0.29","14.81","9","8.39","0.19","6.90","Toxic"
"02b72cdeb9cfcc429f1af6f4e3f3b737","IBITINGA","SP","-21.757320637712755","-48.82974353343715","4","4","522.65","4.75","4","0.00","12.51","0",NULL,"0.00",NULL,"Insufficient Data"
"53d00c40e32aeb924a84ce72b1af869d","IBITINGA","SP","-21.757320637712755","-48.82974353343715","17","17","2165.85","4.35","17","0.06","16.05","4","8.10","0.24",NULL,"Insufficient Data"
"e82de6494d91d3c4c54450f59b227a94","IBITINGA","SP","-21.757320637712755","-48.82974353343715","3","3","118.90","5.00","2","0.00","18.68","1","21.85","0.33",NULL,"Insufficient Data"
"4b0fdb526525f9890eb145bf1534640e","IBITINGA","SP","-21.757320637712755","-48.82974353343715","18","18","2419.00","4.06","18","0.11","9.19","0",NULL,"0.00",NULL,"Insufficient Data"
"f7c31656c19db6275a8acadca289f426","IBITINGA","SP","-21.757320637712755","-48.82974353343715","1","1","61.56","3.00","1","0.00","13.38","0",NULL,"0.00",NULL,"Insufficient Data"
"f7ccf836d21b2fb1de37564105216cc1","IBITINGA","SP","-21.757320637712755","-48.82974353343715","70","69","2787.40","3.81","68","0.21","11.21","7","10.68","0.10","22.09","Toxic"
"dc4a0fc896dc34b0d5bfec8438291c80","IBITINGA","SP","-21.757320637712755","-48.82974353343715","231","225","24180.77","3.78","231","0.15","13.89","15","11.26","0.07","33.35","Toxic"
"d1c281d3ae149232351cd8c8cc885f0d","IBITINGA","SP","-21.757320637712755","-48.82974353343715","215","214","26942.60","3.79","213","0.16","12.69","19","6.95","0.09","31.25","Toxic"
"4c8b8048e33af2bf94f2eb547746a916","IBITINGA","SP","-21.757320637712755","-48.82974353343715","23","19","2020.73","2.96","23","0.35","18.61","2","23.16","0.11","8.27","Toxic"
"8160255418d5aaa7dbdc9f4c64ebda44","IBITINGA","SP","-21.757320637712755","-48.82974353343715","385","380","47017.69","3.93","381","0.14","16.25","63","11.09","0.17","26.78","Toxic"
"d20b021d3efdf267a402c402a48ea64b","IBITINGA","SP","-21.757320637712755","-48.82974353343715","90","86","4140.17","3.69","89","0.18","16.99","15","16.43","0.17","11.49","Toxic"
"b39d7fe263ef469605dbb32608aee0af","IBITINGA","SP","-21.757320637712755","-48.82974353343715","44","43","5193.10","3.88","43","0.09","13.30","2","7.27","0.05","46.00","Toxic"
"cca3071e3e9bb7d12640c9fbe2301306","IBITINGA","SP","-21.757320637712755","-48.82974353343715","712","699","64009.89","3.85","700","0.15","14.16","41","12.62","0.06","37.42","Toxic"
"4a3ca9315b744ce9f8e9374361493884","IBITINGA","SP","-21.757320637712755","-48.82974353343715","1806","1772","200472.92","3.83","1785","0.14","14.49","195","10.62","0.11","30.20","Toxic"
"07de60b03d150fb3ea09eab5da5e4c8b","IBITINGA","SP","-21.757320637712755","-48.82974353343715","9","9","719.10","4.33","9","0.11","13.42","1","7.55","0.11",NULL,"Insufficient Data"
"62de60d81c55c29d76a6bce418b31cef","IBITINGA","SP","-21.757320637712755","-48.82974353343715","1","1","103.00","4.00","1","0.00","16.17","0",NULL,"0.00",NULL,"Insufficient Data"
"bcc9dd23e2a8bd8267cf92b19304a1b9","IBITINGA","SP","-21.757320637712755","-48.82974353343715","3","3","202.79","2.33","3","0.67","22.55","2","8.25","0.67",NULL,"Insufficient Data"
"154bdf805377afea75a3bd158e9eab10","IBITINGA","SP","-21.757320637712755","-48.82974353343715","1","1","89.90","1.00","1","1.00","24.92","1","2.70","1.00",NULL,"Insufficient Data"
"0f519b0d2e5eb2227c93dd25038bfc01","IBITINGA","SP","-21.757320637712755","-48.82974353343715","1","1","79.90","5.00","1","0.00","12.27","0",NULL,"0.00",NULL,"Insufficient Data"
"26e2c91ef821e1ff8985f408788fe35b","IBITINGA","SP","-21.757320637712755","-48.82974353343715","12","12","1649.40","3.00","12","0.25","26.22","5","23.43","0.42",NULL,"Insufficient Data"
"3b15288545f8928d3e65a8f949a28291","IBITINGA","SP","-21.757320637712755","-48.82974353343715","104","101","14061.79","4.01","103","0.12","14.46","7","10.42","0.07","42.96","Toxic"
"1835b56ce799e6a4dc4eddc053f04066","IBITINGA","SP","-21.757320637712755","-48.82974353343715","423","417","33344.21","3.63","420","0.21","13.24","49","9.07","0.12","21.74","Toxic"
"3b872fd4747f01cc56206f2934198618","IBITINGA","SP","-21.757320637712755","-48.82974353343715","25","25","2726.74","3.88","25","0.12","14.49","4","7.27","0.16","22.20","Toxic"
"ea67327e24487bdfac5fbfa37ea124df","IBITINGA","SP","-21.757320637712755","-48.82974353343715","32","32","6250.18","3.53","32","0.22","8.72","1","18.03","0.03","37.87","Toxic"
"1900267e848ceeba8fa32d80c1a5f5a8","IBITINGA","SP","-21.757320637712755","-48.82974353343715","411","406","24982.53","3.84","404","0.15","13.15","42","8.24","0.10","31.22","Toxic"
"b8a0adc91af209270c2c725168eb00fd","IBITINGA","SP","-21.757320637712755","-48.82974353343715","6","6","281.40","4.00","6","0.17","11.11","0",NULL,"0.00",NULL,"Insufficient Data"
"458d868c9642f55f18f04e951a3fdde6","PORTO ALEGRE","RS","-30.048806233363706","-51.188674531939256","2","2","2718.00","5.00","2","0.00","17.61","0",NULL,"0.00",NULL,"Insufficient Data"
"28a26ebce31d5918b181ede016fd693b","BELO HORIZONTE","MG","-19.86754110280799","-43.89948356702756","1","1","29.90","5.00","1","0.00","11.07","0",NULL,"0.00",NULL,"Insufficient Data"
"f419677537694f0462a91990df6ca44f","SAO BERNARDO DO CAMPO","SP","-23.688118958076785","-46.5532217506539","6","6","220.50","4.00","6","0.17","14.25","1","9.85","0.17",NULL,"Insufficient Data"
"6ec1a01e866584bb679eb9b098345919","SANTOS","SP","-23.9723155849279","-46.31441392365002","31","30","4248.91","4.13","30","0.17","13.77","6","8.91","0.20","25.05","Toxic"
"c60b801f2d52c7f7f91de00870882a75","GUARULHOS-SP","SP","-23.4249441083876","-46.422657417397936","41","39","12913.50","3.32","41","0.32","16.10","8","6.54","0.21","10.39","Toxic"
"5bffbafbb22daf6d3bfc216a46db8708","NILOPOLIS","RJ","-22.80570663175383","-43.42307905240665","21","21","5239.70","4.76","21","0.00","8.65","0",NULL,"0.00","92.96","Excellent"
"2078fe5066350e7d220c0ad3a3bbc6c1","ARAPONGAS","PR","-23.424820380972886","-51.433661455899596","1","0","29.90","2.00","1","0.00",NULL,"0",NULL,NULL,NULL,"Insufficient Data"
"5f26c1408a65b42a7224cd463bdf3292","ARAPONGAS","PR","-23.424820380972886","-51.433661455899596","10","10","1139.80","4.80","10","0.00","6.43","0",NULL,"0.00",NULL,"Insufficient Data"
"c88f62b4c386a59281014d677864d016","ARAPONGAS","PR","-23.424820380972886","-51.433661455899596","1","0","1099.00","1.00","1","1.00",NULL,"0",NULL,NULL,NULL,"Insufficient Data"
"160851d3ece7aa1a510f8d1a4bb8a8af","GARCA","SP","-22.211471483564296","-49.65862497197639","2","2","102.05","5.00","2","0.00","5.58","0",NULL,"0.00",NULL,"Insufficient Data"
"7c9130f5f3729edd32aa059141d92484","GARCA","SP","-22.211471483564296","-49.65862497197639","3","3","126.00","3.33","3","0.00","7.45","0",NULL,"0.00",NULL,"Insufficient Data"
"527801b552d0077ffd170872eb49683b","GARCA","SP","-22.211471483564296","-49.65862497197639","90","90","17942.80","4.47","89","0.06","13.12","9","7.62","0.10","66.60","Good"
"c12b92bf1c350f3e6bf88d3596219c86","GARCA","SP","-22.211471483564296","-49.65862497197639","17","17","4808.78","3.88","17","0.24","10.78","1","1.64","0.06",NULL,"Insufficient Data"
"15cd6eefe58588619aaed41dfa6621b1","OURO PRETO","MG","-20.39101146673795","-43.50704716202354","16","16","1622.74","4.25","16","0.13","15.09","1","17.70","0.06",NULL,"Insufficient Data"
"eaaa46e98c9e61f6764dd1d7a2ab8b3e","MESSIAS TARGINO","RN","-6.079137345909716","-37.51443645815574","1","1","98.00","5.00","1","0.00","11.10","0",NULL,"0.00",NULL,"Insufficient Data"
"00720abe85ba0859807595bbf045a33b","GUARULHOS","SP","-23.45197323675552","-46.557171675871174","13","13","1007.50","3.62","13","0.23","11.79","2","10.24","0.15",NULL,"Insufficient Data"
"2493dc3f20131696a0ecdb9948051a8d","GUARA","DF","-15.842610145347997","-47.975782747526154","4","4","504.38","4.75","4","0.00","9.18","0",NULL,"0.00",NULL,"Insufficient Data"
"17adeba047385fb0c67d8e90b4296d21","GUARULHOS","SP","-23.472641308374005","-46.55405162314027","1","0","809.70","1.00","1","1.00",NULL,"0",NULL,NULL,NULL,"Insufficient Data"
"0b0ddbc7b9d9584f442c7ac92b0ff6c9","GUARULHOS","SP","-23.472641308374005","-46.55405162314027","3","3","1416.76","4.67","3","0.00","11.95","0",NULL,"0.00",NULL,"Insufficient Data"
"9906e7aa42a3c067b7c9a564d01c4320","MARINGA","PR","-23.44506862966482","-51.9771308204789","12","12","2619.00","4.50","12","0.00","16.47","2","11.12","0.17",NULL,"Insufficient Data"
"82e0a475a88cc9595229d8029273f045","SAO PAULO","SP","-23.539899237124587","-46.54740652791639","42","41","10930.02","3.57","42","0.24","16.00","4","31.76","0.10","19.07","Toxic"
"0743a0239d764b9a0f959a57d07e36ab","SAO PAULO","SP","-23.587419154500637","-46.5814353327921","4","4","336.96","4.75","4","0.00","5.36","0",NULL,"0.00",NULL,"Insufficient Data"
"72bc2cce903c872fe376a8faaa81d237","SAO PAULO","SP","-23.679657110399774","-46.69141448992612","17","17","2149.20","4.65","17","0.06","8.81","0",NULL,"0.00",NULL,"Insufficient Data"
"0be8ff43f22e456b4e0371b2245e4d01","SAO PAULO","SP","-23.691183009689926","-46.679584294640954","161","156","11805.50","3.95","161","0.14","10.40","10","9.14","0.06","44.15","Toxic"
"b2a6d334e2833acea353624840e25a0e","SAO PAULO","SP","-23.62173806132692","-46.6183837748097","25","25","1650.98","4.48","25","0.08","10.79","0",NULL,"0.00","75.71","Good"
"b87a7ea0c30fad2dd6781b74a0064859","SAO PAULO","SP","-23.62173806132692","-46.6183837748097","9","9","515.40","3.44","9","0.33","15.24","3","10.39","0.33",NULL,"Insufficient Data"
"11fb6f6d341adbe19e81733701704635","SAO PAULO","SP","-23.62173806132692","-46.6183837748097","3","3","1197.00","5.00","3","0.00","5.36","0",NULL,"0.00",NULL,"Insufficient Data"
"d5c530f4884a75ae0dba9c148718d278","PARA DE MINAS","MG","-19.853541121211904","-44.60882226071133","6","5","280.88","3.50","6","0.33","10.28","1","1.01","0.20",NULL,"Insufficient Data"
"dc50afafdfa325eadc890c7fa42a8f4e","MARINGA","PR","-23.431130605372825","-51.91823531933559","4","4","424.20","4.75","4","0.00","6.21","0",NULL,"0.00",NULL,"Insufficient Data"
"52956b80ae65fda598f06f6b9943e7a9","MARINGA","PR","-23.431130605372825","-51.91823531933559","3","3","792.00","4.00","3","0.00","25.61","1","13.76","0.33",NULL,"Insufficient Data"
"6bcb2352a2a0c38b845f598298ab9d26","MARINGA","PR","-23.431130605372825","-51.91823531933559","2","1","31.80","3.00","2","0.50","11.04","0",NULL,"0.00",NULL,"Insufficient Data"
"128639473a139ac0f3e5f5ade55873a5","MARINGA","PR","-23.431130605372825","-51.91823531933559","533","527","11908.85","4.19","527","0.08","14.34","33","7.05","0.06","57.52","Watchlist"
"820cc752a266cdc6c1a1e61dd4583330","MARINGA","PR","-23.431130605372825","-51.91823531933559","15","15","2802.80","4.13","15","0.07","13.96","2","2.05","0.13",NULL,"Insufficient Data"
"59cea8e446d3834393058e7e0666b6fb","MARINGA","PR","-23.431130605372825","-51.91823531933559","10","10","696.60","4.60","10","0.00","7.27","0",NULL,"0.00",NULL,"Insufficient Data"
"1b45169b635ef59425637e9a33eb5fb3","MARINGA","PR","-23.431130605372825","-51.91823531933559","7","7","308.90","4.57","7","0.00","7.97","0",NULL,"0.00",NULL,"Insufficient Data"
"43a1d4bab73b816e44ef4e4facd9f9b5","MARINGA","PR","-23.431130605372825","-51.91823531933559","1","1","189.90","4.00","1","0.00","9.83","0",NULL,"0.00",NULL,"Insufficient Data"
"e8ff5a6ceb895583033fc2a0f314e3c2","BLUMENAU","SC","-26.797518908253725","-49.08142078069451","1","1","139.89","5.00","1","0.00","3.19","0",NULL,"0.00",NULL,"Insufficient Data"
"f3041c2e75ec683697a6a5ea82192210","ITAUNA","MG","-20.077863070164625","-44.576133772160524","1","1","145.00","5.00","1","0.00","4.53","0",NULL,"0.00",NULL,"Insufficient Data"
"25c5c91f63607446a97b143d2d535d31","ITAUNA","MG","-20.077863070164625","-44.576133772160524","158","156","54679.22","3.82","157","0.14","14.47","11","8.07","0.07","36.16","Toxic"
"c9c7905cffc4ef9ff9f113554423e671","ITAPECERICA DA SERRA","SP","-23.724055488204513","-46.85665731168746","127","127","10657.18","4.14","127","0.09","11.09","13","8.72","0.10","50.59","Toxic"
"fc6295add6f51a0936407ead70c1001d","SAO PAULO","SP","-23.58560674998557","-46.633794747480565","1","1","160.00","1.00","1","1.00","13.80","0",NULL,"0.00",NULL,"Insufficient Data"
"6bb66d9870c2e01c05655c7ed0e7ee13","SAO PAULO","SP","-23.58560674998557","-46.633794747480565","3","3","269.00","3.67","3","0.00","8.32","0",NULL,"0.00",NULL,"Insufficient Data"
"04aba03279157f6d4e0fe8ccaf21963c","SANTO ANTONIO DE PADUA","RJ","-21.552859881634546","-42.196188780441375","16","15","2575.90","4.31","16","0.06","11.62","1","22.55","0.07",NULL,"Insufficient Data"
"89a51f50b8095ea78d5768f34c13a76f","BRASILIA","DF","-15.83679338044598","-48.03955332417536","10","10","677.16","4.70","10","0.00","7.43","0",NULL,"0.00",NULL,"Insufficient Data"
"efff9341f3f8f5237b44ff67ed36a7bf","VITORIA","ES","-20.258920613108984","-40.26756763394887","5","5","872.99","4.40","5","0.00","11.93","0",NULL,"0.00",NULL,"Insufficient Data"
"e59e575a175fadcadf8479e191770425","NOVA IGUACU","RJ","-22.755876522336777","-43.450113091196826","1","1","199.90","5.00","1","0.00","5.35","0",NULL,"0.00",NULL,"Insufficient Data"
"985c92cc412091f8529c12d7f23d3fef","SAO JOAO DEL REI","MG","-21.134454549709325","-44.262165019087796","12","12","1368.50","4.75","12","0.00","7.55","1","0.69","0.08",NULL,"Insufficient Data"
"cfb1a033743668a192316f3c6d1d2671","VOTORANTIM","SP","-23.5433196237979","-47.45738003311675","147","143","12803.64","3.98","146","0.14","12.21","17","5.54","0.12","33.86","Toxic"
"f63d8f293af3a6454377546bd9dd19ff","VOTORANTIM","SP","-23.5433196237979","-47.45738003311675","17","17","1751.82","4.47","17","0.12","16.17","2","8.17","0.12",NULL,"Insufficient Data"
"23c38debaffe4a25a30fdbd9b586a13f","VOTORANTIM","SP","-23.5433196237979","-47.45738003311675","41","41","5382.18","4.32","41","0.02","11.48","6","4.51","0.15","58.20","Watchlist"
"3f9be91358837bff69df67edfa3e42e8","LONDRINA","PR","-23.320821130920265","-51.14179623490432","7","7","569.70","4.43","7","0.14","9.84","0",NULL,"0.00",NULL,"Insufficient Data"
"9315e491484b1b0081ca166fc164108d","LONDRINA","PR","-23.320821130920265","-51.14179623490432","1","1","29.99","3.00","1","0.00","7.28","0",NULL,"0.00",NULL,"Insufficient Data"
"ffeee66ac5d5a62fe688b9d26f83f534","MIRASSOL","SP","-20.814771998995397","-49.50692752488177","14","14","1839.86","4.21","14","0.14","18.08","2","13.31","0.14",NULL,"Insufficient Data"
"a45314082d50d578a4721c9787ce09ab","MIRASSOL","SP","-20.814771998995397","-49.50692752488177","2","2","424.90","5.00","2","0.00","5.24","0",NULL,"0.00",NULL,"Insufficient Data"
"64b87978a11c1ea7501a89eabe8c2c1a","PRESIDENTE BERNARDES","SP","-22.008508143870543","-51.55634360153441","7","0","489.93","2.00","7","0.57",NULL,"0",NULL,NULL,NULL,"Insufficient Data"
"3986c0b54f6b748b75e7bd4e092aa3e5","CURITIBA","PR","-25.44361910981016","-49.27685485993966","1","1","24.99","5.00","1","0.00","6.12","0",NULL,"0.00",NULL,"Insufficient Data"
"01266d4c46afa519678d16a8b683d325","CURITIBA","PR","-25.44361910981016","-49.27685485993966","3","3","90.25","5.00","3","0.00","5.92","0",NULL,"0.00",NULL,"Insufficient Data"
"d63f306de130e0391d38a792541723b8","SAO PAULO","SP","-23.592368116490828","-46.553386099109616","1","1","49.00","5.00","1","0.00","3.36","0",NULL,"0.00",NULL,"Insufficient Data"
"41e0fa5761c886a630994a55c12087e7","GUARUJA","SP","-23.943377092119317","-46.19790613152642","5","5","423.60","5.00","5","0.00","10.24","0",NULL,"0.00",NULL,"Insufficient Data"
"fde0cc9ea29c8ccfc0a2c22256a58c71","CURITIBA","PR","-25.49249476953315","-49.23598691501029","35","35","3922.00","4.49","35","0.03","8.71","1","7.94","0.03","83.51","Excellent"
"dd58ee93286b0821565574c570e9e1dc","CURITIBA","PR","-25.49249476953315","-49.23598691501029","2","2","2948.00","5.00","2","0.00","12.04","0",NULL,"0.00",NULL,"Insufficient Data"
"0ff83046c3fa22efee8ecf291888b191","CAXIAS DO SUL","RS","-29.190856266477077","-51.23023949816571","10","10","768.90","4.80","10","0.00","12.54","0",NULL,"0.00",NULL,"Insufficient Data"
"3ded4e2d5f135cb103e5949d7263d2dd","POUSO ALEGRE","MG","-22.235082800726907","-45.93392182723871","1","1","49.90","5.00","1","0.00","5.15","0",NULL,"0.00",NULL,"Insufficient Data"
"392e0502231ae2f8b29994ef6398cd77","CERQUEIRA CESAR","SP","-23.034100418770542","-49.162344558054365","20","17","1871.70","4.16","19","0.11","17.71","2","18.05","0.12",NULL,"Insufficient Data"
"6879c4d287a8dd06b11f54ea8f78e4da","OSASCO","SP","-23.53325761928266","-46.81309221592288","6","6","527.67","4.33","6","0.17","6.82","0",NULL,"0.00",NULL,"Insufficient Data"
"7d13fca15225358621be4086e1eb0964","RIBEIRAO PRETO","SP","-21.17286145275071","-47.823699739561334","565","558","113628.97","4.02","561","0.13","15.73","68","11.45","0.12","35.35","Toxic"
"cd68562d3f44870c08922d380acae552","RIBEIRAO PRETO","SP","-21.17286145275071","-47.823699739561334","125","122","18569.70","3.94","124","0.15","16.26","22","8.87","0.18","24.04","Toxic"
"3d2531eccfbde1d7c8db7a3a12fb267a","BELO HORIZONTE","MG","-19.86477356430017","-43.989621966891924","10","10","1999.54","4.22","9","0.00","10.00","0",NULL,"0.00",NULL,"Insufficient Data"
"f356c348fbc8df6a882823e21f5ce8b7","CANOAS","RS","-29.924146120759733","-51.161634590868964","2","2","195.18","2.50","2","0.50","7.23","0",NULL,"0.00",NULL,"Insufficient Data"
"54c04bdb5ec46762f8f08c7e8f86ed4a","FLORIANOPOLIS","SC","-27.60018256233101","-48.5069162550701","18","18","3281.66","4.33","18","0.06","15.72","2","25.14","0.11",NULL,"Insufficient Data"
"0f94588695d71662beec8d883ffacf09","FLORIANOPOLIS","SC","-27.60018256233101","-48.5069162550701","1","1","9.00","5.00","1","0.00","14.89","0",NULL,"0.00",NULL,"Insufficient Data"
"1d139e3a3b14025640d8df1b230aace0","BARRINHA","SP","-21.190885638654137","-48.15620878829506","2","2","36.49","3.50","2","0.00","7.66","0",NULL,"0.00",NULL,"Insufficient Data"
"5f0057b677eb963672bf05dfa3f16c34","SAO PAULO","SP","-23.55549308001593","-46.658452189500665","5","4","312.88","4.20","5","0.20","7.04","0",NULL,"0.00",NULL,"Insufficient Data"
"d1b65fc7debc3361ea86b5f14c68d2e2","MOGI GUACU","SP","-22.38343651404282","-46.94792654261965","40","39","11703.07","4.55","40","0.05","9.19","2","1.30","0.05","81.63","Excellent"
"99a25c39b28a74d1151c35c18d178292","SAO PAULO","SP","-23.472602604059695","-46.56815995594543","1","1","173.94","5.00","1","0.00","2.23","0",NULL,"0.00",NULL,"Insufficient Data"
"1710c3aaa9c6b44ec3883ee0fe300e21","SAO CAETANO DO SUL","SP","-23.623453984201948","-46.553039562714616","2","2","1188.90","5.00","2","0.00","6.13","0",NULL,"0.00",NULL,"Insufficient Data"
"f3c38ab652836d21de61fb8314b69182","SAO PAULO","SP","-23.535863685117462","-46.64281871336397","15","15","1581.00","4.27","15","0.00","8.21","1","0.86","0.07",NULL,"Insufficient Data"
"90b57083da5d803237da74daec6dcb2b","CURITIBA","PR","-25.43375938243163","-49.29776849784535","2","2","206.90","5.00","2","0.00","7.91","0",NULL,"0.00",NULL,"Insufficient Data"
"ee27a8f15b1dded4d213a468ba4eb391","GOIANIA","GO","-16.695508962667134","-49.27710913176391","1","1","6499.00","5.00","1","0.00","11.96","0",NULL,"0.00",NULL,"Insufficient Data"
"e64882b4ef12aee8d0faca4db5b681f4","GOIANIA","GO","-16.695508962667134","-49.27710913176391","1","1","230.00","4.00","1","0.00","25.01","0",NULL,"0.00",NULL,"Insufficient Data"
"2dd1fb6f0e42a2243b8a01e40cd41216","CURITIBA","PR","-25.44899086082559","-49.28860985729245","4","3","845.89","3.00","4","0.50","13.61","0",NULL,"0.00",NULL,"Insufficient Data"
"916c9de0b5ad957346eeeb12f332687e","CURITIBA","PR","-25.44899086082559","-49.28860985729245","23","22","5480.25","4.57","23","0.04","8.83","0",NULL,"0.00","88.81","Excellent"
"296729ffb9b684050dd24836dac4494a","CURITIBA","PR","-25.44899086082559","-49.28860985729245","2","2","114.00","5.00","2","0.00","7.27","0",NULL,"0.00",NULL,"Insufficient Data"
"e48b04bf1aa1ef711caebeb7aede6180","CURITIBA","PR","-25.44899086082559","-49.28860985729245","25","25","3187.10","4.48","25","0.08","10.54","0",NULL,"0.00","77.49","Good"
"0ac4201fda2c68ebc0e47cb9423cf3c9","SAO PAULO","SP","-23.571576957365867","-46.563660585820244","13","13","1676.88","4.23","13","0.08","12.65","1","14.68","0.08",NULL,"Insufficient Data"
"cc419e0650a3c5ba77189a1882b7556a","SANTO ANDRE","SP","-23.65936363644084","-46.523183340521754","1706","1651","104288.42","4.07","1698","0.12","11.59","101","7.45","0.06","51.70","Toxic"
"9485a23c0430ba1d58d359391606fce6","SANTO ANDRE","SP","-23.65936363644084","-46.523183340521754","5","4","1129.90","3.20","5","0.20","13.41","1","1.54","0.25",NULL,"Insufficient Data"
"a9ae440659f48b7849df83e82734150b","SANTO ANDRE","SP","-23.65936363644084","-46.523183340521754","1","1","285.00","5.00","1","0.00","13.34","0",NULL,"0.00",NULL,"Insufficient Data"
"a938325a4b357fd23a6a4d5bb126408e","NILOPOLIS","RJ","-22.81662825484206","-43.416324968037635","24","24","3231.00","3.83","24","0.17","13.24","1","15.79","0.04","33.20","Toxic"
"f9ec7093df3a7b346b7bcf7864069ca3","SAO PAULO","SP","-23.484769700217907","-46.734142732033945","9","9","519.20","4.78","9","0.00","6.32","1","0.81","0.11",NULL,"Insufficient Data"
"a420f60ff1aa9acc80d0e42959f2b313","SAO PAULO","SP","-23.484769700217907","-46.734142732033945","67","67","7443.30","3.95","65","0.12","11.56","6","13.10","0.09","39.09","Toxic"
"624f4ece8da4aafb77699233d480f8ef","SAO PAULO","SP","-23.484769700217907","-46.734142732033945","53","52","9205.00","4.25","52","0.06","13.63","4","7.85","0.08","59.70","Watchlist"
"9b00ed88b7fdb95d6ff76e27c1b52d16","SAO PAULO","SP","-23.539832332914287","-46.444798703200256","47","46","1627.88","4.47","47","0.09","9.40","3","6.21","0.07","63.31","Watchlist"
"4978a02ea9c8be7a9b5480680f40334e","SAO PAULO","SP","-23.539832332914287","-46.444798703200256","18","18","2356.61","3.56","18","0.22","5.28","0",NULL,"0.00",NULL,"Insufficient Data"
"6b2612338467c08c9b25f0cc55b1578d","MARIALVA","PR","-23.48392434035239","-51.79990910433005","1","1","92.90","4.00","1","0.00","16.56","0",NULL,"0.00",NULL,"Insufficient Data"
"723a46b89fd5c3ed78ccdf039e33ac63","NOVO HAMBURGO","RS","-29.68271240782273","-51.13738001324933","1","1","66.64","4.00","1","0.00","8.00","0",NULL,"0.00",NULL,"Insufficient Data"
"5c603ffb38cbbf25a0e0698941324143","VARGINHA","MG","-21.56054070769344","-45.431818374934245","2","0","348.80","1.00","2","1.00",NULL,"0",NULL,NULL,NULL,"Insufficient Data"
"bce6a5ecf98e99fd2a8868b15c51f04b","GUARULHOS","SP","-23.452264540060217","-46.4764407285649","14","14","3464.90","4.07","14","0.21","11.76","3","5.35","0.21",NULL,"Insufficient Data"
"e63e8bfa530fb16910dd6956e592bb81","GUARULHOS","SP","-23.410633365293393","-46.445163597259956","42","41","1311.70","4.24","42","0.12","9.38","2","5.77","0.05","54.49","Watchlist"
"57c764b4a836300be881e2ff86e449f9","RIBEIRAO PRETO","SP","-21.213809752116315","-47.79487457172355","29","28","1211.00","4.14","28","0.11","15.41","4","5.32","0.14","30.92","Toxic"
"f8e2c1b59cd4225a3e4fd0d013a76b93","RIBEIRAO PRETO","SP","-21.213809752116315","-47.79487457172355","2","2","219.80","5.00","2","0.00","10.01","0",NULL,"0.00",NULL,"Insufficient Data"
"33ac3e28642ab8bda860a2f693000e78","COTIA","SP","-23.609451894779586","-46.91753331085019","34","34","3661.03","4.21","34","0.06","8.72","0",NULL,"0.00","73.94","Good"
"83d7070a0b9a8b4625fa8682b819fabb","COTIA","SP","-23.609451894779586","-46.91753331085019","2","0","694.77","1.00","2","1.00",NULL,"0",NULL,NULL,NULL,"Insufficient Data"
"3820c6537b3853be1a0687d5a60807ec","COTIA","SP","-23.609451894779586","-46.91753331085019","1","0","25.00",NULL,"0",NULL,NULL,"0",NULL,NULL,NULL,"Insufficient Data"
"7f152321c60a266edc53af1925ef96c1","CRICIUMA","SC","-28.676778989638027","-49.36943092657391","20","20","3919.80","3.80","20","0.20","23.47","6","18.01","0.30","9.52","Toxic"
"855668e0971d4dfd7bef1b6a4133b41b","ITATIBA","SP","-22.98825737588945","-46.85396269506087","312","300","32208.16","3.77","307","0.17","16.26","42","10.45","0.14","20.94","Toxic"
"d03698c2efd04a549382afa6623e27fb","ILHEUS","BA","-14.778697541236195","-39.05732606895031","18","18","8865.47","4.50","18","0.06","14.71","1","5.67","0.06",NULL,"Insufficient Data"
"96e5dc09087bad639b4ee193104ec2e5","BOM JARDIM","RJ","-22.159688210798688","-42.41686495479446","2","2","101.90","4.50","2","0.00","7.81","0",NULL,"0.00",NULL,"Insufficient Data"
"c3ee2331a724e6fc02c4b698b57a73f3","SAO PAULO","SP","-23.509324235963724","-46.75805956640948","2","2","1347.00","3.00","2","0.00","6.27","0",NULL,"0.00",NULL,"Insufficient Data"
"ede0c03645598cdfc63ca8237acbe73d","RIBEIRAO PRETO","SP","-21.17770984048536","-47.767820075451624","46","43","2518.37","3.52","44","0.25","18.59","15","10.32","0.35","4.32","Toxic"
"4e5725ba188db8252977a4f0227bd462","RIBEIRAO PRETO","SP","-21.17770984048536","-47.767820075451624","22","21","1930.59","3.41","22","0.32","20.97","6","13.28","0.29","2.93","Toxic"
"4b1eaadf791bdbbad8c4a35b65236d52","RIBEIRAO PRETO","SP","-21.17770984048536","-47.767820075451624","8","5","1849.79","2.00","8","0.63","22.54","1","5.42","0.20",NULL,"Insufficient Data"
"f3862c2188522d89860c38a3ea8b550d","RIBEIRAO PRETO","SP","-21.17770984048536","-47.767820075451624","1","1","15.50","5.00","1","0.00","5.87","0",NULL,"0.00",NULL,"Insufficient Data"
"897060da8b9a21f655304d50fd935913","RIBEIRAO PRETO","SP","-21.17770984048536","-47.767820075451624","317","304","23023.92","3.63","314","0.20","14.95","36","10.17","0.12","19.75","Toxic"
"2528513dd95219a6013d4d05176e391a","OSASCO","SP","-23.55305446892853","-46.781980984700496","161","160","32689.10","3.95","158","0.15","10.65","8","11.42","0.05","46.56","Toxic"
"94231344608e603693b0a8891143f65d","PORTO ALEGRE","RS","-30.0680754166974","-51.16694720484588","3","3","722.00","4.00","3","0.00","12.53","0",NULL,"0.00",NULL,"Insufficient Data"
"0bb27263628258b8111a0262769fa9db","SAO PAULO","SP","-23.531680926472006","-46.580702146286285","1","1","22.20","5.00","1","0.00","41.68","0",NULL,"0.00",NULL,"Insufficient Data"
"9c4d31c7e46ab03a43fc06e3142afd4e","RIO DE JANEIRO","RJ","-22.88659325431333","-43.267834200698545","2","2","1218.90","4.50","2","0.00","6.90","0",NULL,"0.00",NULL,"Insufficient Data"
"0cab2da43793a6f3c5ed8514c5f54627","CURITIBA","PR","-25.4296324166668","-49.26131687338104","3","3","309.70","5.00","3","0.00","5.01","0",NULL,"0.00",NULL,"Insufficient Data"
"c4fb51fb1c5b7c07bc5e67be6e7e8f6e","CURITIBA","PR","-25.4296324166668","-49.26131687338104","15","15","1567.90","3.53","15","0.20","16.63","2","6.37","0.13",NULL,"Insufficient Data"
"06a2c3af7b3aee5d69171b0e14f0ee87","SAO LUIS","MA","-2.501242200626002","-44.24816336596763","392","389","36408.95","3.99","388","0.14","17.73","90","7.27","0.23","26.62","Toxic"
"0b36063d5818f81ccb94b54adfaebbf5","JARAGUA DO SUL","SC","-26.467360494541275","-49.09306183541264","1","1","765.00","5.00","1","0.00","14.54","0",NULL,"0.00",NULL,"Insufficient Data"
"3d01d1c414c44b5943a09619ff3853cb","CAMPINAS","SP","-22.939429977545952","-47.05945875329187","5","4","402.60","3.80","5","0.20","13.83","0",NULL,"0.00",NULL,"Insufficient Data"
"3d39fbf22a665714baf62fae36029e23","CAMPINAS","SP","-22.939429977545952","-47.05945875329187","8","8","2504.20","4.75","8","0.00","8.58","0",NULL,"0.00",NULL,"Insufficient Data"
"3a79f35a2344ede41af21267f61d5ec6","CAMPINAS","SP","-22.939429977545952","-47.05945875329187","1","1","186.00","1.00","1","1.00","14.27","0",NULL,"0.00",NULL,"Insufficient Data"
"18e694e0e48ed6f7aa3f24aade5fd697","VARZEA PAULISTA","SP","-23.21870222903969","-46.83249590862526","31","31","701.54","4.68","31","0.00","6.01","1","1.70","0.03","85.60","Excellent"
"10089e9f2fd0c668a8fd4e52e1698888","SAO JOSE DO RIO PRETO","SP","-20.8103607107914","-49.3485454585998","3","3","1139.90","4.33","3","0.00","7.63","0",NULL,"0.00",NULL,"Insufficient Data"
"010da0602d7774602cd1b3f5fb7b709e","SAO BERNARDO DO CAMPO","SP","-23.710466484131665","-46.54893965048128","1","1","849.50","1.00","1","1.00","26.11","0",NULL,"0.00",NULL,"Insufficient Data"
"4200ddf1967c5e41e48db62bc6d4b5ac","SAO BERNARDO DO CAMPO","SP","-23.710466484131665","-46.54893965048128","22","22","734.80","4.26","19","0.05","10.27","1","4.93","0.05",NULL,"Insufficient Data"
"1da3aeb70d7989d1e6d9b0e887f97c23","SAO PAULO","SP","-23.587353600670152","-46.61525833895386","265","261","8823.52","4.16","263","0.10","8.60","15","7.88","0.06","58.50","Watchlist"
"70eea00b476a314817cefde4aad4f89a","ITATIBA","SP","-23.003301740276893","-46.83771515499861","108","106","31994.65","4.38","106","0.06","13.40","8","9.85","0.08","67.09","Good"
"cd2169d9f31ff6fbb9ca3373b0c9e354","NOVA FRIBURGO","RJ","-22.238025218273116","-42.525863570577975","1","1","569.00","4.00","1","0.00","15.16","0",NULL,"0.00",NULL,"Insufficient Data"
"5741dc2bf5044c34d0698681c5081bed","SAO JOSE DOS CAMPOS","SP","-23.141728248410512","-45.89850379342181","3","3","89.70","5.00","3","0.00","7.19","0",NULL,"0.00",NULL,"Insufficient Data"
"93b9a99027bd8bd6af682aff18dd19bf","MAIRIPORA","SP","-23.329721686232066","-46.597122159647995","20","19","1953.00","4.05","19","0.05","11.56","0",NULL,"0.00",NULL,"Insufficient Data"
"f682e0f848abafc6f41e0d4e868c66ef","MAIRIPORA","SP","-23.329721686232066","-46.597122159647995","2","2","269.98","3.50","2","0.00","19.70","1","5.67","0.50",NULL,"Insufficient Data"
"1782ce2db72c3dda627d5e7c898104e1","TABOAO DA SERRA","SP","-23.62768559407367","-46.77825033395158","9","9","2010.80","4.33","9","0.00","29.35","1","132.77","0.11",NULL,"Insufficient Data"
"6576fd3e23c88f0e5d4d23f39bba0542","TABOAO DA SERRA","SP","-23.62768559407367","-46.77825033395158","1","0","14.50","1.00","1","1.00",NULL,"0",NULL,NULL,NULL,"Insufficient Data"
"5f5b43b2bffa8656e4bc6efeb13cc649","SAO PAULO","SP","-23.788360491870268","-46.72025037439155","27","27","3677.20","4.41","27","0.07","13.95","1","7.80","0.04","66.48","Good"
"e5cbe890e679490127e9a390b46bbd20","SAO PAULO","SP","-23.54390458746036","-46.64004648644473","2","2","908.99","4.50","2","0.00","5.93","0",NULL,"0.00",NULL,"Insufficient Data"
"c00396cbdd2e088fe4281baa5920aef1","CAMPO MAGRO","PR","-25.375606922660335","-49.3860112966698","1","1","832.41","5.00","1","0.00","12.10","0",NULL,"0.00",NULL,"Insufficient Data"
"fa5fdc4e4bb6bd1009ad0e4ac4096562","SANTO ANDRE","SP","-23.67120903205987","-46.49116730072022","1","1","161.99","5.00","1","0.00","7.06","0",NULL,"0.00",NULL,"Insufficient Data"
"c7fdb77fdbff3c41981bc52f787e959e","SANTO ANDRE","SP","-23.67120903205987","-46.49116730072022","10","9","696.32","3.30","10","0.30","16.81","2","1.21","0.22",NULL,"Insufficient Data"
"bbd3acfe6de99892e73940d3fdceaf68","SANTO ANDRE","SP","-23.67120903205987","-46.49116730072022","2","2","69.00","3.00","2","0.50","3.30","0",NULL,"0.00",NULL,"Insufficient Data"
"0eaa7e33d73809f1f925f7d07c506cbd","SANTO ANDRE","SP","-23.67120903205987","-46.49116730072022","15","15","1552.00","4.71","14","0.00","5.90","0",NULL,"0.00",NULL,"Insufficient Data"
"8c16d1f32a54d92897cc437244442e1b","BLUMENAU","SC","-26.949942687634756","-49.07692500050797","108","108","5642.60","4.36","107","0.07","11.00","1","9.37","0.01","74.53","Good"
"f4a04f7be452aa3bb31760bf00055dd0","SANTO ANDRE","SP","-23.65948320175806","-46.5250876420999","18","18","1312.10","4.67","18","0.00","9.14","1","0.78","0.06",NULL,"Insufficient Data"
"6288c69c4ce638e59925e59193f98b16","SANTO ANDRE","SP","-23.65948320175806","-46.5250876420999","22","20","4506.28","3.95","22","0.14","9.61","1","8.92","0.05","44.17","Toxic"
"7e79d65b5c6f1f544b7daea036acf720","SAO CAETANO DO SUL","SP","-23.642441270973308","-46.56083126678536","4","4","517.80","4.50","4","0.00","8.57","0",NULL,"0.00",NULL,"Insufficient Data"
"c458e2045a8aa8964f8879af03fdcce6","SAO CAETANO DO SUL","SP","-23.642441270973308","-46.56083126678536","4","4","494.91","2.75","4","0.50","16.04","0",NULL,"0.00",NULL,"Insufficient Data"
"0ffa40d54288e4f3499b8780dd0f144f","PRESIDENTE PRUDENTE","SP","-22.135728201280653","-51.392004159197725","33","33","2162.80","4.48","33","0.03","13.54","5","6.63","0.15","56.92","Watchlist"
"f9903dd0f812c7e771fcad47b6fff231","BLUMENAU","SC","-26.873788805443052","-49.12801197198553","10","10","1684.85","3.20","10","0.20","13.85","0",NULL,"0.00",NULL,"Insufficient Data"
"dd5450b022b2d00a2145a66331e1aef6","JOINVILLE","SC","-26.34349031361258","-48.83274648111963","1","1","59.00","5.00","1","0.00","7.18","0",NULL,"0.00",NULL,"Insufficient Data"
"da2782c804606d2a5d8e1760dbb3e7ec","SAO PAULO","SP","-23.504073903424537","-46.6376709347386","1","1","89.00","1.00","1","1.00","32.78","1","13.81","1.00",NULL,"Insufficient Data"
"ed4acab38528488b65a9a9c603ff024a","SAO PAULO","SP","-23.56585511652645","-46.434938444463164","32","31","12759.45","3.72","32","0.13","9.89","1","0.92","0.03","47.77","Toxic"
"8ff38bc3969e67c36c48343a07090f66","SAO PAULO","SP","-23.56585511652645","-46.434938444463164","2","2","3472.00","2.50","2","0.50","16.92","0",NULL,"0.00",NULL,"Insufficient Data"
"e1dc0754bada9ee4cfe9713f22f61292","DUQUE DE CAXIAS","RJ","-22.755338688692213","-43.308531682770784","12","12","885.00","3.83","12","0.17","8.28","0",NULL,"0.00",NULL,"Insufficient Data"
"e0a3c37054ade6478d923a6efc10f308","CAMBORIU","SC","-27.023623854813522","-48.64826262904157","2","2","219.80","5.00","2","0.00","7.84","0",NULL,"0.00",NULL,"Insufficient Data"
"8f580d36c1e9d6fbce95283403c7d447","RIBEIRAO PRETO","SP","-21.179893192109986","-47.78842912306861","8","8","4813.25","4.38","8","0.00","12.27","1","3.87","0.13",NULL,"Insufficient Data"
"ce4755084bc097113867e6454f8f5e52","RIBEIRAO PRETO","SP","-21.179893192109986","-47.78842912306861","1","1","18.90","5.00","1","0.00","6.39","0",NULL,"0.00",NULL,"Insufficient Data"
"8629c241b3622ac12cd4118afdc8d394","RIBEIRAO PRETO","SP","-21.179893192109986","-47.78842912306861","13","13","1167.66","4.08","13","0.15","15.12","1","9.87","0.08",NULL,"Insufficient Data"
"2f09f7d37a97956d11cc1a7cadd5262b","RIBEIRAO PRETO","SP","-21.179893192109986","-47.78842912306861","11","7","2005.00","2.91","11","0.45","12.84","1","2.59","0.14",NULL,"Insufficient Data"
"b17b679f4f5ce2e03ce6968c62648246","RIBEIRAO PRETO","SP","-21.179893192109986","-47.78842912306861","55","50","4084.75","3.71","55","0.22","19.23","9","8.76","0.18","9.09","Toxic"
"a49928bcdf77c55c6d6e05e09a9b4ca5","SAO PAULO","SP","-23.536603102561838","-46.61093956663344","98","96","8816.70","3.01","98","0.35","16.93","25","8.50","0.26","7.77","Toxic"
"a254c682cc01e119f83530446f1df9a9","CAFELANDIA","SP","-21.803200599395232","-49.60221269289015","6","6","569.40","4.00","6","0.17","15.07","1","2.59","0.17",NULL,"Insufficient Data"
"232a6014e7b10cba61c6c2b2ea6bb4b0","CAFELANDIA","SP","-21.803200599395232","-49.60221269289015","33","32","3919.87","4.16","32","0.13","13.60","2","3.66","0.06","44.57","Toxic"
"56a8b450e802502ba53a9885ee38e29f","SAO BERNARDO DO CAMPO","SP","-23.704427404926445","-46.57017710285871","1","0","62.45","1.00","1","1.00",NULL,"0",NULL,NULL,NULL,"Insufficient Data"
"4ce6e5f6c52515177e18c1c9361d8677","SAO BERNARDO DO CAMPO","SP","-23.704427404926445","-46.57017710285871","1","0","226.60","3.00","1","0.00",NULL,"0",NULL,NULL,NULL,"Insufficient Data"
"5c853bb56f70f4d14218944bae111d7a","COTIA","SP","-23.610141267374466","-46.87663381694339","23","23","263.13","4.00","23","0.17","8.66","0",NULL,"0.00","47.25","Toxic"
"fedf2c1386e137f296b3bbf3b635e69d","SAO PAULO","SP","-23.550461849189304","-46.55143656955179","2","2","131.74","3.50","2","0.00","10.34","0",NULL,"0.00",NULL,"Insufficient Data"
"cad10cc982ab6a391570c211b995c17c","AVARE","SP","-23.103845020089445","-48.91419147685258","1","1","47.40","5.00","1","0.00","4.30","0",NULL,"0.00",NULL,"Insufficient Data"
"7142540dd4c91e2237acb7e911c4eba2","PENAPOLIS","SP","-21.427002247037205","-50.06500913181639","319","316","37373.56","4.04","317","0.09","14.74","26","10.00","0.08","48.06","Toxic"
"c4af86330efa7a2620772227d2d670c9","MOGI DAS CRUZES","SP","-23.482177500178658","-46.13804883519811","4","4","5396.00","4.33","3","0.00","15.15","0",NULL,"0.00",NULL,"Insufficient Data"
"5b2e94f2c22b39ccc24d34ad0f669672","SAO PAULO","SP","-23.53884249396187","-46.64523045306012","10","10","949.78","4.90","10","0.00","9.98","1","4.87","0.10",NULL,"Insufficient Data"
"1d8dbc4f32378d715c717c1c1fc57bae","ARAPONGAS","PR","-23.42790122569011","-51.42388542180936","92","91","11315.89","4.02","90","0.10","15.57","9","16.54","0.10","40.30","Toxic"
"866558b3bccef2dbc6d29a2b5995016f","ARAPONGAS","PR","-23.42790122569011","-51.42388542180936","5","5","1519.40","4.80","5","0.00","11.55","0",NULL,"0.00",NULL,"Insufficient Data"
"d2df77822373f19934e87694d8640767","ARAPONGAS","PR","-23.42790122569011","-51.42388542180936","2","2","155.90","3.00","2","0.50","22.16","0",NULL,"0.00",NULL,"Insufficient Data"
"e8b3a3a38279a82f0e5d006d5e5b7d2c","JUSSARA","PR","-23.622748095003274","-52.470118375128294","87","80","13154.70","3.79","87","0.20","17.31","4","7.33","0.05","31.07","Toxic"
"391bbd13b6452244774beff1824006ed","CAMPINAS","SP","-22.841108341963047","-47.10388889500998","2","1","127.80","1.00","2","1.00","44.57","1","24.03","1.00",NULL,"Insufficient Data"
"0b35c634521043bf4b47e21547b99ab5","TEIXEIRA SOARES","PR","-25.371975656252413","-50.46208383582232","51","50","13533.65","3.36","50","0.26","19.27","8","24.50","0.16","11.90","Toxic"
"f410c8873029fcc3809b9df6d0b28914","CAXIAS DO SUL","RS","-29.178216467446873","-51.148684386139074","2","2","289.80","5.00","2","0.00","7.70","0",NULL,"0.00",NULL,"Insufficient Data"
"5a05a16bb50629ee31afab8a6d4c2674","CAXIAS DO SUL","RS","-29.178216467446873","-51.148684386139074","14","14","794.30","4.21","14","0.07","7.04","1","0.79","0.07",NULL,"Insufficient Data"
"7994b065a7ffb14e71c6312cf87b9de2","CARIACICA","ES","-20.363601856745056","-40.374625390653236","5","5","453.00","5.00","5","0.00","9.01","0",NULL,"0.00",NULL,"Insufficient Data"
"058fd0aa2bfdb2274e05e1ae971dabb6","SANTO ANDRE","SP","-23.66182986287071","-46.52693518282516","61","60","7667.90","4.39","61","0.08","10.14","4","12.89","0.07","66.60","Good"
"c97aa4ee7420f937da13b7f9e2228b99","NOVO HAMBURGO","RS","-29.682440885033067","-51.12347134361093","1","1","29.90","1.00","1","1.00","10.81","0",NULL,"0.00",NULL,"Insufficient Data"
"5ee7fd217d08dfe5d3e2f51f96a12c9a","VARGEM GRANDE DO SUL","SP","-21.834918641034367","-46.89918572591991","9","9","1165.50","3.44","9","0.22","16.86","2","5.71","0.22",NULL,"Insufficient Data"
"b2bdc5e7940a7d7ca8c4a37953b27a42","VARGEM GRANDE DO SUL","SP","-21.834918641034367","-46.89918572591991","1","0","250.00","4.50","1","0.00",NULL,"0",NULL,NULL,NULL,"Insufficient Data"
"333c4210e76a1aa2ab817b99437e3ff1","VARGEM GRANDE DO SUL","SP","-21.834918641034367","-46.89918572591991","2","2","335.00","5.00","2","0.00","7.16","0",NULL,"0.00",NULL,"Insufficient Data"
"c7a0a13cbcf29d5ce51c8f80afdc0b89","LAURENTINO","SC","-27.221224290121658","-49.73148176126577","8","8","483.08","4.13","8","0.00","10.87","0",NULL,"0.00",NULL,"Insufficient Data"
"c0e0b73d039eb9a99b6ce4cb7a429cd3","LAURENTINO","SC","-27.221224290121658","-49.73148176126577","1","1","29.88","5.00","1","0.00","4.99","0",NULL,"0.00",NULL,"Insufficient Data"
"38af8acfd46ac4a7bf754e8ca6736664","SAO PAULO","SP","-23.650228061106287","-46.67081335868613","5","5","345.00","4.80","5","0.00","6.39","0",NULL,"0.00",NULL,"Insufficient Data"
"94ca168e8bcb407ab85c5da308863027","CLEMENTINA","SP","-21.560184913176556","-50.44580031981765","5","5","224.30","5.00","5","0.00","12.49","0",NULL,"0.00",NULL,"Insufficient Data"
"7994081388d55b9cf976c050653dd359","SAO PAULO","SP","-23.56204912797664","-46.65959031403357","2","1","1020.00","3.00","2","0.50","12.97","0",NULL,"0.00",NULL,"Insufficient Data"
"5b925e1d006e9476d738aa200751b73b","SAO PAULO","SP","-23.613258022164974","-46.689953732301646","63","63","7748.50","4.60","63","0.03","10.88","4","15.66","0.06","78.66","Good"
"f3295428338a40977a03f555246a70f4","VITORIA","ES","-20.252615418053036","-40.3195833840757","7","7","644.98","3.57","7","0.29","14.83","2","1.27","0.29",NULL,"Insufficient Data"
"0aea4c6ae1505b3228ddf3dd7822ee5b","SOROCABA","SP","-23.485222804706996","-47.45986989975184","8","8","1427.91","3.88","8","0.13","18.43","2","13.65","0.25",NULL,"Insufficient Data"
"05aebce0b5c8f0d41b29b686f2d05fd3","SAO PAULO","SP","-23.60567392342068","-46.481512620852826","2","2","74.99","5.00","2","0.00","6.00","1","0.52","0.50",NULL,"Insufficient Data"
"8fff28c4263ddec387f28d237fb42773","SAO PAULO","SP","-23.582541073649487","-46.739936906511936","4","2","339.40","3.00","4","0.50","5.76","0",NULL,"0.00",NULL,"Insufficient Data"
"bec568278124768c474ee90971ca94d1","SAO PAULO","SP","-23.534221738343234","-46.50685724306076","2","2","219.90","4.50","2","0.00","3.44","0",NULL,"0.00",NULL,"Insufficient Data"
"3504c0cb71d7fa48d967e0e4c94d59d9","MAUA","SP","-23.68072925216332","-46.44423827270241","53","53","2349.94","4.42","53","0.02","7.33","0",NULL,"0.00","84.65","Excellent"
"75fdd0a732287f9497b179f6bd445d32","MAUA","SP","-23.68072925216332","-46.44423827270241","1","1","59.90","5.00","1","0.00","10.88","0",NULL,"0.00",NULL,"Insufficient Data"
"e26901d5ab434ce92fd9b5c256820a4e","MAUA","SP","-23.68072925216332","-46.44423827270241","202","197","11990.90","4.12","202","0.09","9.29","5","4.64","0.03","65.38","Good"
"5a32c398a06c345440bf2a683b017ad3","RIO DE JANEIRO","RJ","-22.843914411682658","-43.283779066776354","2","1","79.80","3.00","2","0.50","11.97","0",NULL,"0.00",NULL,"Insufficient Data"
"26f6b7ab07be3e9e69ce82a6552efc19","RIO DE JANEIRO","RJ","-22.843914411682658","-43.283779066776354","2","2","54.80","3.00","2","0.50","10.99","1","1.71","0.50",NULL,"Insufficient Data"
"cee48807215b30a12ca2ca10ffb5f250","GUARUJA","SP","-23.995826199432802","-46.278739121294024","39","39","7212.23","3.77","39","0.18","23.63","6","7.37","0.15","14.83","Toxic"
"6860153b69cc696d5dcfe1cdaaafcf62","CAPIVARI","SP","-22.99748379485895","-47.505725105505064","74","74","3827.63","4.10","73","0.15","10.25","7","11.58","0.09","38.35","Toxic"
"3481aa57cd91f9f9d3fa1fa12d9a3bf7","CAPIVARI","SP","-22.99748379485895","-47.505725105505064","25","25","1773.03","3.88","25","0.12","10.19","0",NULL,"0.00","49.30","Toxic"
"23d7c96d4a1160db1c726b248601b25a","CAPIVARI","SP","-22.99748379485895","-47.505725105505064","53","50","11766.94","3.81","50","0.12","13.13","6","4.11","0.12","30.33","Toxic"
"57fe6232e67823593374a2281d7a8af8","CAPIVARI","SP","-22.99748379485895","-47.505725105505064","8","8","178.68","4.75","8","0.00","9.58","0",NULL,"0.00",NULL,"Insufficient Data"
"08084d990eb3f53af056ccbc1730c8a7","SAO PAULO","SP","-23.51749958930358","-46.53574289589708","12","12","372.50","4.45","11","0.00","8.50","0",NULL,"0.00",NULL,"Insufficient Data"
"4bf2f4ee540798a61f9636d12cd9cc80","ASSIS","SP","-22.657399372321493","-50.409675965603675","29","29","4995.56","4.14","29","0.03","13.56","1","0.98","0.03","65.73","Good"
"2089a6d640999f9b9141ac719b2af596","SAO CARLOS","SP","-21.99948448466143","-47.88750366919188","44","41","8830.82","3.73","44","0.25","19.53","6","10.93","0.15","13.10","Toxic"
"8b9d6eec4a7eb7d0f9d579ce0b38324d","MESQUITA","RJ","-22.770064916804248","-43.42233966246774","49","48","4232.54","4.00","49","0.12","10.40","8","6.01","0.17","31.40","Toxic"
"7a91bf945c6fae0779f1c61ce97fe45c","MESQUITA","RJ","-22.770064916804248","-43.42233966246774","5","4","799.50","3.80","5","0.20","43.85","1","97.97","0.25",NULL,"Insufficient Data"
"05e107217c7266362fd44b75b2cd4cc4","SAO PAULO","SP","-23.560339094133646","-46.750915870910276","5","5","193.38","4.20","5","0.00","8.19","2","0.81","0.40",NULL,"Insufficient Data"
"edb65fe661681b1c0de8bd47c8655855","SAO PAULO","SP","-23.491954685851887","-46.38006396693793","1","1","69.00","3.00","1","0.00","14.11","0",NULL,"0.00",NULL,"Insufficient Data"
"15ead3a5037a918ddb520dfe39a3d2b9","CONSELHEIRO LAFAIETE","MG","-20.657841773662888","-43.776594931511084","7","6","275.50","4.29","7","0.14","17.65","1","3.69","0.17",NULL,"Insufficient Data"
"52562a9f449c3dc3d53f5f5b9ed74903","PARNAMIRIM","RN","-5.886563452788078","-35.20824131593826","14","14","3266.60","4.79","14","0.00","13.36","0",NULL,"0.00",NULL,"Insufficient Data"
"9539213aa8e023c01937bef95dc006da","SAO PAULO","SP","-23.51476791010142","-46.50250781663177","9","9","229.10","4.56","9","0.00","11.79","3","2.08","0.33",NULL,"Insufficient Data"
"31561f325664a8a7aba4c8d0c3a9b3db","SAO PAULO","SP","-23.595498020056485","-46.53310582777933","36","36","2702.19","4.64","36","0.00","7.39","1","0.70","0.03","86.57","Excellent"
"081acf3de680d554796c9cf041be7bc2","VESPASIANO","MG","-19.73109725363686","-43.941465688797535","4","4","1597.30","3.25","4","0.25","15.51","1","1.90","0.25",NULL,"Insufficient Data"
"eb4a59a06b3948e851a7d7a830bcbc42","SALVADOR","BA","-12.982806089337005","-38.45808623534633","2","1","64.00","3.00","2","0.50","11.08","0",NULL,"0.00",NULL,"Insufficient Data"
"75d34ebb1bd0bd7dde40dd507b8169c3","SALVADOR","BA","-12.982806089337005","-38.45808623534633","62","57","15048.28","3.74","62","0.18","16.05","9","8.26","0.16","17.49","Toxic"
"c0e6839516f5398edc34adf5f1d53d1a","GUARUJA","SP","-23.993943564523676","-46.28488818653082","3","1","432.92","2.67","3","0.33","5.10","0",NULL,"0.00",NULL,"Insufficient Data"
"31be790e64fc99f8ff48ec2bd18a3104","SAO BERNARDO DO CAMPO","SP","-23.675120520463526","-46.5906153139574","6","6","241.40","4.33","6","0.00","6.49","2","1.38","0.33",NULL,"Insufficient Data"
"ba143b05f0110f0dc71ad71b4466ce92","SAO PAULO","SP","-23.467051775633287","-46.58792075620118","85","83","6110.58","4.42","84","0.06","10.24","13","6.43","0.16","58.88","Watchlist"
"c4fabeea6e569d42d02993bb1f4f1cbc","FORTALEZA","CE","-3.7899436621017473","-38.5505885415002","11","11","859.30","4.00","11","0.18","21.73","1","23.79","0.09",NULL,"Insufficient Data"
"6d803cb79cc31c41c4c789a75933b3c7","SAO JOAQUIM DA BARRA","SP","-20.58575139010545","-47.86369318816477","58","58","8711.40","4.25","58","0.07","13.30","4","12.61","0.07","59.72","Watchlist"
"562f8cfc51f265411f487d07e9c40e7f","BELO HORIZONTE","MG","-19.973801098687215","-43.97264013372904","13","13","766.92","4.54","13","0.00","14.03","2","3.51","0.15",NULL,"Insufficient Data"
"6a8a889bde935bafa76d7848782dfaf9","SAO PAULO","SP","-23.477470570323415","-46.68293028819837","26","26","860.82","4.04","26","0.12","7.89","2","13.43","0.08","41.55","Toxic"
"23ca5f678e0b3ea6c630b30fa8bf51ea","SAO PAULO","SP","-23.477470570323415","-46.68293028819837","6","6","183.00","5.00","6","0.00","7.27","0",NULL,"0.00",NULL,"Insufficient Data"
"ec5c1d94df153d473b37f880977ae58e","RIO DE JANEIRO","RJ","-22.89290587600686","-43.34764438953362","2","2","199.67","2.00","2","0.50","10.32","0",NULL,"0.00",NULL,"Insufficient Data"
"98f52e1020fe788c10c0418de4393fec","MACAE","RJ","-22.33939751193792","-41.75630392529991","1","1","21.60","4.00","1","0.00","9.27","0",NULL,"0.00",NULL,"Insufficient Data"
"2fa13c8bd5705d279f7ed5cc9ec61c68","SAO PAULO","SP","-23.674279253457225","-46.68190697391394","2","2","87.40","5.00","2","0.00","4.56","0",NULL,"0.00",NULL,"Insufficient Data"
"cd3d09fbe6e3e9ff0c0ac0c300e93ae7","NOVA ODESSA","SP","-22.785778889541042","-47.31253714174071","12","12","651.04","4.17","12","0.08","11.71","1","16.00","0.08",NULL,"Insufficient Data"
"7d294cf9a6a69dc6a0c3e540fff0e039","BARRA VELHA","SC","-26.66097015026676","-48.691953317317825","5","5","257.25","4.40","5","0.00","8.82","0",NULL,"0.00",NULL,"Insufficient Data"
"070d165398b553f3b4b851c216b8a358","SAO PAULO","SP","-23.588437863894512","-46.51144073547189","32","31","3393.16","3.32","31","0.26","12.10","5","9.18","0.16","11.19","Toxic"
"2f73e04d12cdf0c945ded66bb3fcf6c7","CACHOEIRO DE ITAPEMIRIM","ES","-20.832321374386964","-41.15726028126338","3","3","1359.00","3.33","3","0.00","13.60","0",NULL,"0.00",NULL,"Insufficient Data"
"e2a1ac9bf33e5549a2a4f834e70df2f8","SAO PAULO","SP","-23.540039340558916","-46.64209131081345","5","5","14999.45","4.80","5","0.00","12.34","0",NULL,"0.00",NULL,"Insufficient Data"
"439a47cc365d6e3bd526812ea9de3c29","MOGI DAS CRUZES","SP","-23.535671151861838","-46.201138334692295","8","8","1186.50","4.25","8","0.13","7.24","1","0.05","0.13",NULL,"Insufficient Data"
"bd23da7354813347129d751591d1a6e2","SAO PAULO","SP","-23.605615654434565","-46.48921337527956","89","86","10544.30","4.01","88","0.13","9.87","4","11.05","0.05","50.43","Toxic"
"0ef83d7d83ed97cd2a0049ac8be5f88a","CURITIBA","PR","-25.44157136040363","-49.26687451387349","48","48","4421.01","4.15","47","0.04","9.57","1","11.74","0.02","71.34","Good"
"e0878efa0e0b7e5313ac0b43bc04c081","CURITIBA","PR","-25.44157136040363","-49.26687451387349","27","26","5065.30","3.52","27","0.22","18.13","5","10.39","0.19","8.60","Toxic"
"30a81d8cf85fb2ada1b1b094c9583a95","SAO PAULO","SP","-23.546481275257445","-46.491890658962944","17","17","1245.42","4.82","17","0.00","4.29","0",NULL,"0.00",NULL,"Insufficient Data"
"89bc797e2e29667aa035d4368f9b7f92","SAO PAULO","SP","-23.4920587791635","-46.71062803918182","17","16","407.30","3.71","17","0.24","15.39","3","6.89","0.19",NULL,"Insufficient Data"
"f543ba3c973276f519d89d59bd46cead","SAO JOSE DO RIO PRETO","SP","-20.79658993282142","-49.38767444512268","2","0","258.00","2.00","2","0.50",NULL,"0",NULL,NULL,NULL,"Insufficient Data"
"4e2627090e6e5b9fabba883a37897683","BELO HORIZONTE","MG","-19.833900216425704","-43.96679019247033","2","1","199.50","1.00","1","1.00","3.98","0",NULL,"0.00",NULL,"Insufficient Data"
"513a54369b6a8a6602fcb0e129c6d78d","SAO BERNARDO DO CAMPO","SP","-23.701153113067196","-46.58292897999653","2","2","47.80","4.50","2","0.00","3.57","0",NULL,"0.00",NULL,"Insufficient Data"
"14f2b3587172b9db894c9bad8dab520b","IPE","RS","-28.801903760853797","-51.28985837084383","2","2","244.00","2.50","2","0.50","14.03","0",NULL,"0.00",NULL,"Insufficient Data"
"9c351405b754cc5ce3e2ecf277bb034a","SAO PAULO","SP","-23.584761557299643","-46.58437200590849","1","0","45.00","1.00","1","1.00",NULL,"0",NULL,NULL,NULL,"Insufficient Data"
"78ef7e885d17f35e2382a47aae8b8cce","SANTA CRUZ DO SUL","RS","-29.694897931782545","-52.44250849507993","3","3","388.00","4.67","3","0.00","8.66","0",NULL,"0.00",NULL,"Insufficient Data"
"184725737946a1a938bbbd1a9e978103","MAUA","SP","-23.678575022664642","-46.46508387745466","3","3","359.70","4.67","3","0.00","8.58","0",NULL,"0.00",NULL,"Insufficient Data"
"270572bb714b00531be85e16e1550f26","MAUA","SP","-23.678575022664642","-46.46508387745466","1","1","96.99","5.00","1","0.00","11.07","0",NULL,"0.00",NULL,"Insufficient Data"
"8e670472e453ba34a379331513d6aab1","JUIZ DE FORA","MG","-21.70693066027025","-43.42528623659742","1","1","975.00","1.00","1","1.00","86.00","1","35.71","1.00",NULL,"Insufficient Data"
"db4350fd57ae30082dec7acbaacc17f9","SAO PAULO","SP","-23.580395310431417","-46.59132639890193","137","136","3331.31","4.14","136","0.12","10.79","5","8.16","0.04","51.93","Watchlist"
"ceaec5548eefc6e23e6607c5435102e7","SAO PAULO","SP","-23.49450896066172","-46.503342898739774","203","198","52917.18","4.15","199","0.11","13.01","12","9.98","0.06","54.12","Watchlist"
"4830e40640734fc1c52cd21127c341d4","SAO PAULO","SP","-23.559131335715925","-46.50884108313165","210","204","9843.47","4.15","209","0.11","9.98","14","5.29","0.07","53.25","Watchlist"
"80cfd480be3eb6d6267139f5cb793555","SAO PAULO","SP","-23.52685922041741","-46.47107205776287","1","1","99.90","4.00","1","0.00","14.25","0",NULL,"0.00",NULL,"Insufficient Data"
"95b293867b5862941c9cd74f756a3c68","SAO PAULO","SP","-23.52685922041741","-46.47107205776287","9","9","648.10","3.56","9","0.33","21.46","4","18.83","0.44",NULL,"Insufficient Data"
"ea1776927851da2532aa70d6a32c095a","SAO PAULO","SP","-23.52685922041741","-46.47107205776287","3","2","318.80","2.67","3","0.33","8.66","0",NULL,"0.00",NULL,"Insufficient Data"
"f783a638e9c6af4a7d0dbfde811e7a81","SAO PAULO","SP","-23.532438323637052","-46.56432027972277","5","5","849.80","4.00","5","0.20","17.65","1","32.75","0.20",NULL,"Insufficient Data"
"fe8055980a4ff7f64ed889c2b5926929","CURITIBA","PR","-25.548198431938516","-49.266005146431944","3","3","196.70","4.67","3","0.00","6.49","0",NULL,"0.00",NULL,"Insufficient Data"
"87d30a6a0cbf89356e49324971ab1d24","SAO PAULO","SP","-23.501744307143422","-46.62080286230928","17","17","2134.13","4.35","17","0.12","11.21","1","7.79","0.06",NULL,"Insufficient Data"
"e0482f2c769468c3bbcd8a01e09d98c5","SAO PAULO","SP","-23.451350418041013","-46.59842363518737","1","1","189.00","4.00","1","0.00","5.91","0",NULL,"0.00",NULL,"Insufficient Data"
"d57e18d5f73c7ccb7f7339b61166898d","SAO PAULO","SP","-23.519193185045893","-46.533632452774356","61","61","3187.70","4.43","61","0.05","9.21","2","0.42","0.03","78.40","Good"
"7fe21dd00d2f4943ae09525efa2fd674","RIO DE JANEIRO","RJ","-22.91439065092506","-43.24569874883489","4","2","299.60","3.00","4","0.50","7.60","0",NULL,"0.00",NULL,"Insufficient Data"
"bf84056e679dbe9c69929847a40e338f","SAO PAULO","SP","-23.491312375387352","-46.65245974809946","36","35","2024.04","3.75","36","0.17","12.68","3","17.72","0.09","22.27","Toxic"
"1c129092bf23f28a5930387c980c0dfc","SAO PAULO","SP","-23.48115800015399","-46.710536255224824","201","200","9553.62","4.24","200","0.08","11.75","11","5.85","0.06","61.91","Watchlist"
"af4a0e4cfe1d9c26b6712b1be25a72e5","MATEUS LEME","MG","-19.991238421800052","-44.42872947177972","21","21","8757.98","3.43","21","0.33","13.36","2","3.77","0.10","19.36","Toxic"
"d5b9a084373da994a6e37f732169a853","SANTO ANDRE","SP","-23.69739633946055","-46.53032152014559","7","7","1769.00","3.57","7","0.29","17.88","2","3.30","0.29",NULL,"Insufficient Data"
"397c4d0c005b6f41f90098ac724e28cb","SANTO ANDRE","SP","-23.69739633946055","-46.53032152014559","5","5","8177.00","4.40","5","0.00","16.08","2","1.48","0.40",NULL,"Insufficient Data"
"46dc3b2cc0980fb8ec44634e21d2718e","RIO DE JANEIRO","RJ","-22.93526347623966","-43.18726357297113","521","504","128111.19","4.19","515","0.11","11.93","33","9.19","0.07","56.17","Watchlist"
"411f3b52d857390502ee4e4d5ceabc2d","RIBEIRAO PIRES","SP","-23.71185145161215","-46.41244149883674","21","21","1804.01","4.11","19","0.16","9.82","3","12.10","0.14",NULL,"Insufficient Data"
"96804ea39d96eb908e7c3afdb671bb9e","IBIA","MG","-19.51503918073983","-46.56160823512747","38","37","3610.70","4.05","38","0.13","12.92","1","7.94","0.03","47.37","Toxic"
"432c37c9dfba871172ec162e20118b8c","BRASILIA","DF","-15.813194505700217","-47.89330451642298","46","44","2968.87","4.11","46","0.11","14.60","4","6.45","0.09","38.43","Toxic"
"7d456afc660226829370f3173d14520c","MOGI DAS CRUZES","SP","-23.508938946125415","-46.15005921825602","56","55","8338.25","4.36","56","0.07","8.50","3","14.72","0.05","73.20","Good"
"8eb88b0acb3f90a717ad659221471fa7","CACADOR","SC","-26.775704753869576","-51.02952456825458","2","2","119.80","4.50","2","0.00","12.25","0",NULL,"0.00",NULL,"Insufficient Data"
"e96498ed8daaa3e9c23f7a62da76591c","SAO PAULO","SP","-23.58360156033046","-46.758585811620215","34","34","9619.09","3.94","34","0.21","15.20","5","10.09","0.15","20.36","Toxic"
"f5f1f2c5f923f36ad79ea1d07185ddc9","TARUMA","SP","-22.74894662063389","-50.578951684465736","12","10","1912.15","3.25","12","0.33","13.05","1","2.65","0.10",NULL,"Insufficient Data"
"508808d438fe2ff972ed13bb8f4a82e2","SAO PAULO","SP","-23.60952604382118","-46.48016369852416","10","9","294.83","4.30","10","0.10","4.81","0",NULL,"0.00",NULL,"Insufficient Data"
"60562ab00b8054280520d390c8c0045c","SAO PAULO","SP","-23.71691621405758","-46.69469317014638","17","17","2943.00","4.76","17","0.00","10.18","0",NULL,"0.00",NULL,"Insufficient Data"
"7e3f87d16fb353f408d467e74fbd8014","SAO PAULO","SP","-23.71691621405758","-46.69469317014638","92","91","4754.99","4.13","92","0.11","12.57","11","7.73","0.12","38.98","Toxic"
"e88f7a2995ba184710d339c5c4bf2e30","VOTUPORANGA","SP","-20.422763825096684","-49.96673753748008","2","2","251.60","5.00","2","0.00","10.83","0",NULL,"0.00",NULL,"Insufficient Data"
"02f5837340d7eb4f653d676c7256523a","CURITIBA","PR","-25.458880971712052","-49.284894008186775","30","30","3883.05","4.83","30","0.03","9.66","1","8.28","0.03","85.41","Excellent"
"253c025bab43881055aeecde5e2d8b77","CURITIBA","PR","-25.458880971712052","-49.284894008186775","2","2","94.82","4.50","2","0.00","16.56","1","2.02","0.50",NULL,"Insufficient Data"
"612a743d294c27884fb7b80d2b19ba35","CURITIBA","PR","-25.458880971712052","-49.284894008186775","2","2","3057.70","4.50","2","0.00","9.80","0",NULL,"0.00",NULL,"Insufficient Data"
"bcd2d7510d58e293f20fad6438c1b314","CURITIBA","PR","-25.466933727604204","-49.22156689032487","1","1","23.90",NULL,"0",NULL,"33.20","1","4.68","1.00",NULL,"Insufficient Data"
"152ee17e4c8aaf53dac99f3462e4999b","GARUVA","SC","-26.034602380283914","-48.85354111529445","6","6","308.96","4.33","6","0.00","10.74","0",NULL,"0.00",NULL,"Insufficient Data"
"dff87e4de60c9736ce8df835951b09bc","SAO PAULO","SP","-23.552702742255768","-46.58532810957918","2","0","998.00","2.50","2","0.50",NULL,"0",NULL,NULL,NULL,"Insufficient Data"
"2cb6eb1b7185064167657fa09f541105","SABARA","MG","-19.880489318726326","-43.90337735934441","6","6","1217.90","4.50","6","0.00","8.20","0",NULL,"0.00",NULL,"Insufficient Data"
"67bf6941ba2f1fa1d02c375766bc3e53","CURITIBA","PR","-25.394747235498826","-49.34443757980697","16","15","5610.00","4.13","16","0.06","14.97","2","10.85","0.13",NULL,"Insufficient Data"
"a3f0b55de503387383c7b1de3ad7f678","CURITIBA","PR","-25.394747235498826","-49.34443757980697","24","24","4348.40","4.42","24","0.04","10.70","1","11.57","0.04","76.49","Good"
"4ddeb3e828550cddc8d45c8bc36ab2d1","SAO PAULO","SP","-23.52237973767103","-46.64310784736644","1","1","152.00","5.00","1","0.00","7.87","0",NULL,"0.00",NULL,"Insufficient Data"
"432c67955c0acd1fd6b0b5d678766a71","SAO PAULO","SP","-23.594555942402376","-46.787488711271834","3","1","1151.00","2.33","3","0.67","6.68","0",NULL,"0.00",NULL,"Insufficient Data"
"ed49da7cadefc454d6a67de249eab240","SAO PAULO","SP","-23.594555942402376","-46.787488711271834","2","2","43.00","3.00","2","0.50","21.39","0",NULL,"0.00",NULL,"Insufficient Data"
"289cdb325fb7e7f891c38608bf9e0962","BELO HORIZONTE","MG","-19.807680657862154","-43.98042684085745","110","109","13544.95","4.57","110","0.05","6.73","2","7.27","0.02","89.10","Excellent"
"b7e1750c1157341d2abd0251e07c186b","SAO PAULO","SP","-23.61064127024898","-46.74785398743358","3","3","159.60","4.33","3","0.00","10.34","0",NULL,"0.00",NULL,"Insufficient Data"
"e24fc9fcd865784fb25705606fe3dfe7","BRAGANCA PAULISTA","SP","-22.961693718485705","-46.52385416525667","52","51","12936.00","4.17","52","0.04","12.58","4","15.84","0.08","61.52","Watchlist"
"ed9eef5be0992d413d251fadba1a410d","MOGI GUACU","SP","-22.35631412319846","-46.95126336409008","3","3","404.10","4.67","3","0.00","10.53","0",NULL,"0.00",NULL,"Insufficient Data"
"74c7dec0a384d8a05950e629bd23bde9","MOGI GUACU","SP","-22.35631412319846","-46.95126336409008","5","4","187.68","3.60","5","0.20","11.54","0",NULL,"0.00",NULL,"Insufficient Data"
"8ed8ea9a57c862f2c18c2fe41f601d56","BLUMENAU","SC","-26.896594365249932","-49.082944345675465","19","19","3831.90","4.47","19","0.05","8.58","0",NULL,"0.00",NULL,"Insufficient Data"
"e732329483fd5f27367dd997b47f598a","BLUMENAU","SC","-26.896594365249932","-49.082944345675465","1","1","109.90","5.00","1","0.00","12.15","0",NULL,"0.00",NULL,"Insufficient Data"
"1025f0e2d44d7041d6cf58b6550e0bfa","SAO PAULO","SP","-23.595498594800546","-46.55972696351707","915","910","138968.55","3.99","907","0.13","12.39","92","6.67","0.10","40.65","Toxic"
"ba90964cff9b9e0e6f32b23b82465f7b","GUARULHOS","SP","-23.429963536262743","-46.49796972916795","38","38","44212.50","4.42","38","0.05","10.02","2","4.91","0.05","80.04","Excellent"
"269c5fc9fcadee614364c3620c30a1f9","GUARULHOS","SP","-23.429963536262743","-46.49796972916795","3","3","209.60","5.00","3","0.00","4.61","1","0.92","0.33",NULL,"Insufficient Data"
"5bf397d04035b5f45cc41e82ec106803","SAO PAULO","SP","-23.6191196479635","-46.63889260470897","3","3","1525.00","4.33","3","0.00","4.02","0",NULL,"0.00",NULL,"Insufficient Data"
"37be5a7c751166fbc5f8ccba4119e043","SAO PAULO","SP","-23.6127344506858","-46.598134183130796","272","269","55350.55","4.32","268","0.05","10.65","7","9.78","0.03","80.27","Excellent"
"1b938a7ec6ac5061a66a3766e0e75f90","PENAPOLIS","SP","-21.437402661479663","-50.07693057198177","30","29","3987.60","4.30","30","0.10","11.46","1","0.88","0.03","64.14","Watchlist"
"34056b8b55c1775a22af2331670a799c","PENAPOLIS","SP","-21.437402661479663","-50.07693057198177","78","77","6455.40","4.00","78","0.12","12.93","9","6.00","0.12","33.65","Toxic"
"bf0d50a6410d487dc97d2baac0a8c0be","PIRACICABA","SP","-22.67206791185116","-47.69572533972834","1","0","27.90","2.00","1","0.00",NULL,"0",NULL,NULL,NULL,"Insufficient Data"
"3a490ba60afa30ece0e7d50cfe74a4f0","BELO HORIZONTE","MG","-19.866057111208956","-44.00074510410349","8","8","1529.20","4.63","8","0.00","11.93","0",NULL,"0.00",NULL,"Insufficient Data"
"c0098efcf800861dcae589affca31408","RIBEIRAO PRETO","SP","-21.15463991518984","-47.80275271383767","9","9","1189.28","4.78","9","0.00","11.42","1","0.69","0.11",NULL,"Insufficient Data"
"1c5e4e49b9079480255b49d50aac1aa9","SANTOS","SP","-23.98485830470592","-46.302069951463686","12","12","10173.11","4.33","12","0.08","8.80","0",NULL,"0.00",NULL,"Insufficient Data"
"f626e15b7314c267e4429010866f70e9","MARECHAL CANDIDO RONDON","PR","-24.55452501789849","-54.05852495786673","5","5","193.55","3.80","5","0.20","9.95","0",NULL,"0.00",NULL,"Insufficient Data"
"67225bff54a172ff67579aaf583efd78","MARECHAL CANDIDO RONDON","PR","-24.55452501789849","-54.05852495786673","8","8","1238.00","4.50","8","0.00","13.43","1","0.97","0.13",NULL,"Insufficient Data"
"72146da5774cabf2632faedcae097a76","MARECHAL CANDIDO RONDON","PR","-24.55452501789849","-54.05852495786673","4","4","200.94","4.00","4","0.25","35.94","1","76.74","0.25",NULL,"Insufficient Data"
"48fb026ed7455a42f5d3e9390ed5088e","BARRA MANSA","RJ","-22.524398274567215","-44.184183789508","11","9","555.71","2.64","11","0.36","11.89","0",NULL,"0.00",NULL,"Insufficient Data"
"91f5779a8731baca4809fdeade81803f","BARRA MANSA","RJ","-22.524398274567215","-44.184183789508","6","6","1971.46","3.83","6","0.17","16.38","0",NULL,"0.00",NULL,"Insufficient Data"
"7e3dde9ffba72d5340f9aaf09b4424be","CAMBE","PR","-23.289125956311928","-51.242969722915745","1","0","220.00","1.00","1","1.00",NULL,"0",NULL,NULL,NULL,"Insufficient Data"
"1927cdb9fa74f5270097f6250e8e8f34","MARILIA","SP","-22.17914109168323","-49.95694812195038","1","1","120.00","5.00","1","0.00","8.13","0",NULL,"0.00",NULL,"Insufficient Data"
"2d2322d842118867781fc737e96d59a1","SAO PAULO","SP","-23.688713388674564","-46.79261135376148","8","8","176.40","4.88","8","0.00","8.09","1","14.57","0.13",NULL,"Insufficient Data"
"d7b2377bae6ace1b11fc69a11900ac36","SAO PAULO","SP","-23.471948352737527","-46.631370260204655","4","3","329.60","3.25","4","0.25","19.54","1","17.04","0.33",NULL,"Insufficient Data"
"e88165a185134e13fdfc85d4fa654db8","FERRAZ DE VASCONCELOS","SP","-23.56892589286744","-46.372428309048416","2","2","108.00","3.00","2","0.50","9.16","1","8.84","0.50",NULL,"Insufficient Data"
"f457c46070d02cadd8a68551231220dd","MARINGA","PR","-23.414432773281263","-51.88601798709872","199","195","19093.00","3.84","197","0.15","14.55","12","10.44","0.06","35.47","Toxic"
"3f8247d0f772ffa58560e5c682521ad5","JOINVILLE","SC","-26.331777299276474","-48.84943205286777","1","0","139.90","3.00","1","0.00",NULL,"0",NULL,NULL,NULL,"Insufficient Data"
"c826c40d7b19f62a09e2d7c5e7295ee2","GUARULHOS","SP","-23.436711113694074","-46.51134032474466","354","346","45643.74","4.08","352","0.14","13.30","33","7.51","0.10","40.49","Toxic"
"c43d924a0f1688ee9fae0efcd6f539d4","RIO DE JANEIRO","RJ","-22.908308587634593","-43.2764243094503","1","1","29.90","4.00","1","0.00","21.50","0",NULL,"0.00",NULL,"Insufficient Data"
"90b36c5aeb728d5504a39f435bef0c5f","CONCHAL","SP","-22.338398569332117","-47.16832097836159","5","4","207.86","4.20","5","0.20","11.74","0",NULL,"0.00",NULL,"Insufficient Data"
"51702dc2a3e106c76dbff722b5bf0726","CONCHAL","SP","-22.338398569332117","-47.16832097836159","13","13","2705.10","4.31","13","0.08","14.79","0",NULL,"0.00",NULL,"Insufficient Data"
"744dac408745240a2c2528fb1b6028f3","COLOMBO","PR","-25.36747499672606","-49.1841991315133","79","78","22490.60","4.57","79","0.03","11.03","1","4.82","0.01","88.81","Excellent"
"6e2d3e2dc84fb30f6078f39dd3bddd6f","COLOMBO","PR","-25.36747499672606","-49.1841991315133","1","0","219.00","1.00","1","1.00",NULL,"0",NULL,NULL,NULL,"Insufficient Data"
"3c4e0452bff7a2a788179488d3d77032","COLOMBO","PR","-25.36747499672606","-49.1841991315133","32","32","3746.40","3.84","31","0.13","13.83","1","31.50","0.03","40.12","Toxic"
"1eade46fba20122dc4aefb379f8c636b","SAO PAULO","SP","-23.508643305018005","-46.6052956688157","58","58","3635.37","4.43","58","0.05","12.37","8","11.55","0.14","57.28","Watchlist"
"1e8b33f18b4f7598d87f5cbee2282cc2","SAO PAULO","SP","-23.508643305018005","-46.6052956688157","123","122","17309.06","4.37","121","0.10","7.84","6","2.80","0.05","71.51","Good"
"d9c349beabc06aa6ff1c6d68b5e9e22e","SAO PAULO","SP","-23.556220672742555","-46.489039423023215","1","1","168.10","5.00","1","0.00","21.03","0",NULL,"0.00",NULL,"Insufficient Data"
"b6f52e346160519c24a23af05410ad32","SAO PAULO","SP","-23.54333742025504","-46.68085240293401","1","1","129.90","4.00","1","0.00","12.61","0",NULL,"0.00",NULL,"Insufficient Data"
"ebef8d8c92b4fd3226e5d407bbff21ac","RIBEIRAO PRETO","SP","-21.20106469222488","-47.802366376021745","3","3","253.70","2.67","3","0.33","40.12","1","65.57","0.33",NULL,"Insufficient Data"
"5f5a58930c3c35f3b5af264f34fb8c85","RIBEIRAO PRETO","SP","-21.20106469222488","-47.802366376021745","3","3","560.00","5.00","3","0.00","7.96","0",NULL,"0.00",NULL,"Insufficient Data"
"9e17b9d64683aebcbb9ee362d06463b4","RIBEIRAO PRETO","SP","-21.20106469222488","-47.802366376021745","2","0","98.70","1.00","2","1.00",NULL,"0",NULL,NULL,NULL,"Insufficient Data"
"b5dd7151a92ccaaa282cbe9681a05f44","RIBEIRAO PRETO","SP","-21.20106469222488","-47.802366376021745","1","1","85.00","5.00","1","0.00","13.44","0",NULL,"0.00",NULL,"Insufficient Data"
"a36b125ac6d5fdbc7f50de85c9157bdc","RIBEIRAO PRETO","SP","-21.20106469222488","-47.802366376021745","24","23","1843.64","3.96","24","0.08","12.99","3","2.97","0.13","34.33","Toxic"
"c32fc744b9160ac853450488e3cfea93","RIBEIRAO PRETO","SP","-21.20106469222488","-47.802366376021745","3","2","185.70","2.33","3","0.67","15.52","0",NULL,"0.00",NULL,"Insufficient Data"
"165b1235e9e9942cb5fae67103576fb0","RIBEIRAO PRETO","SP","-21.20106469222488","-47.802366376021745","11","11","2085.15","4.36","11","0.00","7.83","1","6.92","0.09",NULL,"Insufficient Data"
"35857757f553273b1056c1cabdace7fb","RIBEIRAO PRETO","SP","-21.20106469222488","-47.802366376021745","6","6","454.60","4.00","6","0.17","18.21","2","8.20","0.33",NULL,"Insufficient Data"
"d8b8f2cf9ff6ba0389072541cb42498c","FORMOSA","GO","-15.550183236860994","-47.32949631600096","1","1","149.00","5.00","1","0.00","12.16","0",NULL,"0.00",NULL,"Insufficient Data"
"96493fab2fbb13a14d0c0e8772eef5c3","SAO PAULO","SP","-23.58593543223021","-46.735031727437764","63","63","18969.00","4.06","62","0.06","13.39","4","2.70","0.06","57.56","Watchlist"
"5587130f9850696ed7fafbc91c2cee44","SAO PAULO","SP","-23.6332106879327","-46.638276697926734","2","2","69.80","5.00","2","0.00","6.54","0",NULL,"0.00",NULL,"Insufficient Data"
"21e83881401b92b49fb09a16d3852291","UBERLANDIA","MG","-18.892698009109008","-48.24993989716173","14","12","3588.05","4.36","14","0.07","10.95","0",NULL,"0.00",NULL,"Insufficient Data"
"784ba75dd9d20200c4caed3d7a77141a","SAO PAULO","SP","-23.541028179008823","-46.638324694969405","21","19","8295.13","3.83","21","0.19","13.69","2","5.82","0.11","22.43","Toxic"
"710e3548e02bc1d2831dfc4f1b5b14d4","ROLANDIA","PR","-23.312476639241165","-51.365003473416024","136","131","23979.11","3.36","135","0.29","14.50","6","8.64","0.05","29.30","Toxic"
"e2aee0892199b1d92530e371abd825bf","ROLANDIA","PR","-23.312476639241165","-51.365003473416024","38","36","5662.57","3.79","38","0.18","15.51","5","7.17","0.14","16.51","Toxic"
"71271995e85f5b8530be99ed54a91b89","PORTO ALEGRE","RS","-30.020228951578044","-51.15471491513133","8","6","776.00","2.50","8","0.50","12.31","1","8.64","0.17",NULL,"Insufficient Data"
"c2d70ce2c5d0a2eb75e78668236e6dc8","SAO PAULO","SP","-23.59383917278593","-46.616458668967965","13","13","2470.90","4.62","13","0.00","8.33","0",NULL,"0.00",NULL,"Insufficient Data"
"40536e7ca18e1bce252828e5876466cc","CAIEIRAS","SP","-23.390864812133703","-46.71850647800803","2","0","463.96","1.00","2","1.00",NULL,"0",NULL,NULL,NULL,"Insufficient Data"
"6ee85be3693ed79a8e80718743d80655","SAO PAULO","SP","-23.586002562149023","-46.499637628336096","9","5","484.50","2.33","9","0.56","29.12","2","17.98","0.40",NULL,"Insufficient Data"
"6039e27294dc75811c0d8a39069f52c0","OSASCO","SP","-23.553557038889785","-46.80913962478847","64","63","13670.70","3.69","64","0.19","17.99","14","8.83","0.22","14.06","Toxic"
"e8a85b5f3df47be0984c55fd4064dbb4","RIACHO FUNDO","DF","-15.887537187682343","-48.017071767851824","8","8","743.00","4.50","8","0.13","10.68","1","4.99","0.13",NULL,"Insufficient Data"
"8a9260f2b0340411d6d2a56bcf4f7378","CONTAGEM","MG","-19.867252389950057","-44.029978433938886","8","8","1256.00","4.75","8","0.00","10.00","1","0.60","0.13",NULL,"Insufficient Data"
"5ab05b6d86d417796c69ffd6774ec832","ASSIS","SP","-22.655662293967403","-50.39542900698364","10","10","1886.10","3.80","10","0.20","13.94","1","13.62","0.10",NULL,"Insufficient Data"
"2ef086a599b597572aca4433b7ed6b3d","JARAGUA DO SUL","SC","-26.481293919027955","-49.05851757811954","1","1","49.00","5.00","1","0.00","11.24","0",NULL,"0.00",NULL,"Insufficient Data"
"be9a160a9011f627c3e121d076c1ec7b","JARAGUA DO SUL","SC","-26.481293919027955","-49.05851757811954","7","5","2934.00","3.57","7","0.29","14.82","0",NULL,"0.00",NULL,"Insufficient Data"
"a4b8d97cd5d3674eeff96abc99d8ed67","SUMARE","SP","-22.8092803637171","-47.22657022133303","1","1","214.08","1.00","1","1.00","6.10","0",NULL,"0.00",NULL,"Insufficient Data"
"9fe7c6641c79970ab48185498f547c09","SAO PAULO","SP","-23.595120905367683","-46.57334683733357","1","1","130.00","5.00","1","0.00","17.92","0",NULL,"0.00",NULL,"Insufficient Data"
"a663d9c3797e90eac99ff60939416a56","SAO PAULO","SP","-23.586549724144536","-46.48869425658089","1","1","235.00","5.00","1","0.00","5.36","0",NULL,"0.00",NULL,"Insufficient Data"
"1cd9e0cc1839d55516843def5600816d","SAO PAULO","SP","-23.586549724144536","-46.48869425658089","5","5","825.00","5.00","5","0.00","7.78","0",NULL,"0.00",NULL,"Insufficient Data"
"08f5819815f3d06545011850bd70f0a8","SANTOS","SP","-23.954600476312873","-46.3377311534732","3","3","452.00","4.67","3","0.00","8.47","0",NULL,"0.00",NULL,"Insufficient Data"
"520b493b57809f446cb0a233bb3e25c7","SANTOS","SP","-23.954600476312873","-46.3377311534732","63","63","3698.90","4.29","63","0.08","7.68","2","8.17","0.03","70.62","Good"
"feb793c88d836c3a75efa4b5a3465d70","SAO PAULO","SP","-23.559996646549287","-46.58597349950899","1","1","466.00","5.00","1","0.00","5.99","0",NULL,"0.00",NULL,"Insufficient Data"
"a44fb5a447105f8469bdf16bf9159f25","PORTO ALEGRE","RS","-30.11175086655087","-51.24389587828229","19","19","3706.10","4.05","19","0.16","14.24","5","6.09","0.26",NULL,"Insufficient Data"
"9996ae921c50e8dff411ac69c0b4bb8b","TUPA","SP","-21.93506719324893","-50.52481882516592","2","2","29.70","2.00","2","0.50","14.38","0",NULL,"0.00",NULL,"Insufficient Data"
"c68fb906c8f4b4b946d8386bfa6e5467","JABOTICABAL","SP","-21.257173644663993","-48.32096387334476","45","45","4541.16","4.52","44","0.02","10.92","1","2.89","0.02","83.70","Excellent"
"4e6015589b781adaa5ce7f1892d06bb1","GUARUJA","SP","-23.983786906789252","-46.24074680750368","3","3","684.00","3.67","3","0.00","5.89","0",NULL,"0.00",NULL,"Insufficient Data"
"4559697a8f7e637227c2eeaed843baff","PRESIDENTE PRUDENTE","SP","-22.07708974256958","-51.41548624933166","42","39","3696.00","4.05","42","0.14","12.94","3","3.51","0.08","36.36","Toxic"
"acf974e4d5950ad143a247471b831eb9","CAXIAS DO SUL","RS","-29.116038450057836","-51.12563480510615","5","5","423.80","4.75","4","0.00","11.85","0",NULL,"0.00",NULL,"Insufficient Data"
"48b6c3f4c6a93171da04b75313f2130f","OSVALDO CRUZ","SP","-21.795711019289445","-50.87927776510299","2","2","290.26","5.00","2","0.00","24.13","0",NULL,"0.00",NULL,"Insufficient Data"
"dcb7367a92f5ffb89f1e2152ed260285","OSVALDO CRUZ","SP","-21.795711019289445","-50.87927776510299","1","1","79.90","5.00","1","0.00","10.08","0",NULL,"0.00",NULL,"Insufficient Data"
"400f221ab83037c0ea78f1267da9624d","OSVALDO CRUZ","SP","-21.795711019289445","-50.87927776510299","1","0","865.00",NULL,"0",NULL,NULL,"0",NULL,NULL,NULL,"Insufficient Data"
"578460d8319c51dab351cd9db95eadfe","GOIANIA","GO","-16.664212849002173","-49.282105307264395","1","0","235.00","3.00","1","0.00",NULL,"0",NULL,NULL,NULL,"Insufficient Data"
"fe87f472055fbcf1d7e691c00b1560dc","CAMPINAS","SP","-22.79106925051549","-47.080998706912276","6","6","1085.80","4.50","6","0.00","6.00","1","11.06","0.17",NULL,"Insufficient Data"
"bc2ac6b95e1accce9858528ee566c17e","CAMPINAS","SP","-22.79106925051549","-47.080998706912276","18","18","2045.00","4.56","18","0.06","4.75","0",NULL,"0.00",NULL,"Insufficient Data"
"1f50f920176fa81dab994f9023523100","SAO JOSE DO RIO PRETO","SP","-20.806706931018383","-49.389164535249215","1404","1399","106939.21","4.13","1399","0.11","15.81","148","9.56","0.11","42.65","Toxic"
"910a922b426b7ff95eaee129ad6c0e1f","SAO JOSE DO RIO PRETO","SP","-20.806706931018383","-49.389164535249215","2","2","119.80","5.00","2","0.00","14.63","0",NULL,"0.00",NULL,"Insufficient Data"
"cc63f0dd2acba93ffed4fe9f8e0321fa","SAO JOSE DO RIO PRETO","SP","-20.806706931018383","-49.389164535249215","55","55","7096.71","4.09","55","0.02","9.00","0",NULL,"0.00","75.40","Good"
"2009a095de2a2a41626f6c6d7722678d","SAO JOSE DO RIO PRETO","SP","-20.806706931018383","-49.389164535249215","8","8","388.89","4.38","8","0.13","8.68","0",NULL,"0.00",NULL,"Insufficient Data"
"1cbd32d00d01bb8087a5eb088612fd9c","SAO PAULO","SP","-23.56275648502631","-46.53913023372105","11","11","1045.47","4.18","11","0.09","12.53","1","1.73","0.09",NULL,"Insufficient Data"
"5c030029b5916fed0986310385ec9009","FLORIANOPOLIS","SC","-27.585486027486752","-48.57989012662317","7","7","4164.40","4.86","7","0.00","6.23","0",NULL,"0.00",NULL,"Insufficient Data"
"9d5604a1f112324ad6b2aa552122e0fb","FLORIANOPOLIS","SC","-27.585486027486752","-48.57989012662317","13","13","421.50","3.54","13","0.23","12.49","0",NULL,"0.00",NULL,"Insufficient Data"
"8d92f3ea807b89465643c219455e7369","SAO PAULO","SP","-23.54073544589306","-46.60714574002064","3","3","121.20","1.00","3","1.00","45.55","2","18.90","0.67",NULL,"Insufficient Data"
"75fbb52eda0cbc24f479d3b2fbfa8d3e","GOIANIA","GO","-16.65939636982128","-49.273807960924486","40","38","1130.99","4.36","39","0.10","13.75","2","7.23","0.05","56.45","Watchlist"
"cf8ab1616079e2793aa29d524df01bb1","SAO PAULO","SP","-23.605905918512416","-46.661276579305856","9","6","14391.00","2.00","9","0.67","26.41","1","1.90","0.17",NULL,"Insufficient Data"
"fe1bbc5feda5c8979a8a1b3b2512d5a6","ARINOS","MG","-15.920350682439093","-46.10773503284158","9","9","724.72","3.89","9","0.00","11.93","1","3.66","0.11",NULL,"Insufficient Data"
"a414555ce331b8c8aea4a9cb8395194d","SAO PAULO","SP","-23.52823824493556","-46.541529742012614","7","7","1450.95","3.33","6","0.17","6.99","0",NULL,"0.00",NULL,"Insufficient Data"
"dc7192adf8ba09569261f4a8d576afe0","ITAPEVA","SP","-23.97414802490568","-48.87104664329508","7","7","917.00","3.86","7","0.14","6.23","0",NULL,"0.00",NULL,"Insufficient Data"
"6ba4733aa33f6386e9fb0c0fd3993b38","TORRES","RS","-29.341142468184557","-49.744919591152325","3","3","149.79","4.67","3","0.00","12.43","0",NULL,"0.00",NULL,"Insufficient Data"
"3985a3c45be355a4c57fde108bfabd1c","ROLANTE","RS","-29.64963363646582","-50.57292621983816","7","7","344.20","4.00","7","0.14","11.44","0",NULL,"0.00",NULL,"Insufficient Data"
"e1a210d482714ce337763a19aef94ba4","CASCAVEL","PR","-24.94471438663165","-53.49030618847979","1","0","49.90","1.00","1","1.00",NULL,"0",NULL,NULL,NULL,"Insufficient Data"
"530ec6109d11eaaf87999465c6afee01","CASCAVEL","PR","-24.94471438663165","-53.49030618847979","97","94","12983.81","4.24","97","0.08","10.85","1","5.85","0.01","72.04","Good"
"9a1aea68d3efa00862ec88c0768037d0","CATANDUVA","SP","-21.1326115703225","-48.958771214457656","7","7","1309.20","4.43","7","0.00","13.02","0",NULL,"0.00",NULL,"Insufficient Data"
"17eea220a40cc0d2c0c5346379682398","SAO PAULO","SP","-23.538623910110672","-46.49447915291885","4","3","1414.98","3.75","4","0.25","25.36","2","5.15","0.67",NULL,"Insufficient Data"
"7402d13c03a7e91366337cd1de471144","CAMBE","PR","-23.279836234367632","-51.283523610177774","4","3","528.38","3.50","4","0.25","9.91","0",NULL,"0.00",NULL,"Insufficient Data"
"656591be56071d4c9ef4e5fee78a578a","SANTO ANDRE","SP","-23.693393193642322","-46.523184416465604","7","7","1702.00","4.57","7","0.00","14.81","2","2.63","0.29",NULL,"Insufficient Data"
"a5bff0f43eb51f0cad7c37fac7244c8a","SAO PAULO","SP","-23.721614977225546","-46.70178250029261","4","4","445.00","4.75","4","0.00","15.88","0",NULL,"0.00",NULL,"Insufficient Data"
"2e90cb1677d35cfe24eef47d441b7c87",NULL,NULL,NULL,NULL,"127","127","13894.71","4.12","127","0.12","12.45","17","5.35","0.13","40.23","Toxic"
"870d0118f7a9d85960f29ad89d5d989a",NULL,NULL,NULL,NULL,"45","45","3157.20","4.04","45","0.09","14.46","2","23.17","0.04","48.88","Toxic"
"5962468f885ea01a1b6a97a218797b0a",NULL,NULL,NULL,NULL,"8","6","791.00","4.14","7","0.14","10.92","0",NULL,"0.00",NULL,"Insufficient Data"
"2a50b7ee5aebecc6fd0ff9784a4747d6",NULL,NULL,NULL,NULL,"1","1","199.80","1.00","1","1.00","39.74","1","17.64","1.00",NULL,"Insufficient Data"
"42bde9fef835393bb8a8849cb6b7f245",NULL,NULL,NULL,NULL,"35","34","7703.00","4.26","35","0.06","10.37","1","7.87","0.03","73.26","Good"
"0b3f27369a4d8df98f7eb91077e438ac",NULL,NULL,NULL,NULL,"2","2","146.51","4.00","2","0.00","7.17","0",NULL,"0.00",NULL,"Insufficient Data"
"2aafae69bf4c41fbd94053d9413e87ee",NULL,NULL,NULL,NULL,"2","2","94.00","4.50","2","0.00","8.85","0",NULL,"0.00",NULL,"Insufficient Data"
